dataset_id,geography_id,cvegeo,business_density,z,spatial_lag_z,local_moran_i,p_perm,lisa_cluster
2,2432,0901000011716,509.4815100510142,-0.2784737022026814,-0.17845109517316135,0.049693937134993295,0.532,Not significant
2,2433,0901000012150,919.516049773958,0.15632517145327776,-0.15930604741399657,-0.02490354517553701,0.523,Not significant
2,2434,0901000011133,344.7019562788374,-0.4532052368438472,-0.01940805972538955,0.008795834304524703,0.943,Not significant
2,2435,0901000011307,168.9961670641605,-0.6395229048554089,-0.6710720338728847,0.42916593646961454,0.053,Not significant
2,2436,0901000010281,20.87115180820836,-0.796594038026476,-0.3270480838440114,0.26052455373812256,0.257,Not significant
2,2437,0901000012199,1025.1074852451882,0.26829387838618246,-0.5562113276854188,-0.14922809430704884,0.085,Not significant
2,2438,0901000012269,51.36633140649987,-0.7642570799003814,-0.4139524585890133,0.31636609721882286,0.089,Not significant
2,2439,0901000012273,4.428485365887636,-0.8140297712548338,-0.4455083507119772,0.36265706082218907,0.07,Not significant
2,2440,0901000011330,124.16866276146033,-0.6870577988494405,-0.49669111000655763,0.3412555007491908,0.08,Not significant
2,2441,090100001181A,445.0264951393443,-0.34682152456908083,-0.3513795255505894,0.1218659827538157,0.218,Not significant
2,2442,0901000011684,378.3414756815184,-0.4175340342263887,-0.46208265082115524,0.19293523334338064,0.084,Not significant
2,2443,0901000011665,234.55353241501012,-0.5700061547941537,-0.5622832553969718,0.320504916313967,0.118,Not significant
2,2444,0901000010578,1637.3928774188223,0.9175586916699029,-0.3937815817449456,-0.3613177129495972,0.139,Not significant
2,2445,0901000010597,1431.6244028567055,0.6993626805876028,0.03597827108379131,0.02516186010806773,0.898,Not significant
2,2446,0901000010690,841.2890822901645,0.07337362943328846,-0.1783349853964969,-0.013085085133473472,0.457,Not significant
2,2447,0901000010915,58.77622777767904,-0.7563996574542795,-0.4781506032732492,0.3616729525274428,0.133,Not significant
2,2448,0901000012216,102.72242539964236,-0.7097992972982723,-0.49898101259765276,0.35417637210699426,0.082,Not significant
2,2449,0901000011275,30.80560919357382,-0.7860595818695418,-0.605213988815354,0.47573425498979477,0.069,Not significant
2,2450,0901000010065,768.1782243780395,-0.004152811860393753,-0.24009218999824808,0.000997057694212635,0.421,Not significant
2,2451,0901000011063,186.4844976284273,-0.6209783538607433,-0.4247810636874084,0.26377984567982243,0.173,Not significant
2,2452,0901000011542,717.8447967551787,-0.05752616341378013,-0.5332011424191334,0.030673016051217323,0.114,Not significant
2,2453,0901000012358,117.25617354705466,-0.6943877728721493,-0.44582054620037975,0.3095723361767268,0.137,Not significant
2,2454,0901000012057,553.4658124140919,-0.2318329359420355,-0.27386851790655375,0.06349174256837027,0.392,Not significant
2,2455,0901000012201,273.16717664540585,-0.5290604114661106,-0.4352141634764539,0.23025458440473184,0.125,Not significant
2,2456,0901000011222,927.4156702456158,0.16470189524271076,-0.3723752871158365,-0.061330915529526846,0.168,Not significant
2,2457,090100001128A,228.6306294659738,-0.5762867757700224,-0.3976159504827697,0.22914081409844825,0.149,Not significant
2,2458,0901000011364,822.3983538718778,0.05334198174731164,-0.39264772316850366,-0.020944607682377797,0.176,Not significant
2,2459,0901000010027,245.6117718413969,-0.5582800449633583,-0.13623065207248988,0.07605485456441727,0.64,Not significant
2,2460,0901000010031,1098.8979917636057,0.3465410161575261,0.05339166889122841,0.018502403191912466,0.861,Not significant
2,2461,0901000010987,1215.0463125561616,0.46970419917073636,0.16246038825898068,0.07630832656415142,0.522,Not significant
2,2462,0901000010991,597.0380527267303,-0.18562911851874483,0.1843528713613597,-0.03422126100720876,0.465,Not significant
2,2463,0901000011006,278.05019389754005,-0.5238824808393269,-0.17052130288178155,0.08933312318966198,0.559,Not significant
2,2464,0901000011769,86.49715741798576,-0.7270045021279854,-0.5821257070931478,0.42320800986115537,0.045,Low-Low
2,2465,0901000012042,757.7574392359717,-0.015202967892232872,-0.2919075395718775,0.00443786095161195,0.277,Not significant
2,2466,0901000010718,0.0,-0.8187257182118653,-0.5147201923341873,0.42141465914695697,0.138,Not significant
2,2467,0901000011951,637.1163753856872,-0.14313023644430017,-0.3207643286724009,0.04591107420577795,0.243,Not significant
2,2468,0901000010012,605.2877796941348,-0.17688114329738824,0.14783408350545438,-0.026149061708766335,0.62,Not significant
2,2469,090100001021A,0.0,-0.8187257182118653,-0.5822044760028043,0.4766657777615587,0.075,Not significant
2,2470,0901000011044,166.83678441271584,-0.6418127049909651,-0.15001987898197625,0.09628466433183941,0.609,Not significant
2,2471,0901000010525,878.0415171077334,0.11234575425377426,-0.033808071867768325,-0.003798193333850239,0.906,Not significant
2,2472,0901000011129,714.4533293280585,-0.06112246098019754,0.138824114982785,-0.008485271551145732,0.619,Not significant
2,2473,090100001053A,923.052334337738,0.16007503249253904,-0.29149945013495465,-0.04666178395191013,0.27,Not significant
2,2474,0901000011970,420.7190025201496,-0.37259708586537477,-0.20515723365224217,0.07644098740302722,0.509,Not significant
2,2475,0901000010826,2247.270503194224,1.5642703197544316,-0.1442122670454483,-0.22558696908369488,0.59,Not significant
2,2476,0901000010830,859.3705598264141,0.09254715094225452,0.1853601250567991,0.01715455147230676,0.488,Not significant
2,2477,0901000010845,912.2759020085432,0.1486477497033146,0.2213676505012629,0.03290580310412255,0.411,Not significant
2,2478,0901000011010,154.13710367317975,-0.6552793921755901,-0.5881112357527496,0.3853771730956969,0.071,Not significant
2,2479,0901000010722,131.89346983517626,-0.678866446440127,-0.30267868057093356,0.20547840029237596,0.258,Not significant
2,2480,090100001103A,208.53452300308788,-0.5975966011833572,-0.47079660878978064,0.2813464532614236,0.076,Not significant
2,2481,0901000010614,1717.6292044337629,1.0026409499498028,0.1765725649811167,0.17703888428774014,0.542,Not significant
2,2482,0901000012362,692.8111247972492,-0.0840717621775699,0.2194151441881213,-0.018446617820340943,0.479,Not significant
2,2483,0901000010629,1324.9565029599153,0.586252495378062,0.13876829756850054,0.0813532607288989,0.643,Not significant
2,2484,0901000011881,38.58952057147137,-0.7778055555086542,-0.5681106843505443,0.4418796464316768,0.055,Not significant
2,2485,0901000011928,388.0295354633481,-0.4072608570352735,-0.13064696598357478,0.05320739533552889,0.678,Not significant
2,2486,0901000011966,706.2538194596401,-0.06981718620439008,-0.339466080494771,0.023700566551977897,0.248,Not significant
2,2487,0901000012004,26.08123662546662,-0.791069286351345,-0.3782224987516678,0.2992002021695043,0.254,Not significant
2,2488,0901000012019,590.8358506980258,-0.1922059070451201,-0.4934521884495439,0.09484442546434413,0.076,Not significant
2,2489,0901000012038,554.9004970435968,-0.23031160249197608,-0.2757284412409836,0.0635034591548256,0.444,Not significant
2,2490,0901000012131,679.4909258465318,-0.09819644422157175,0.06288382093424752,-0.006174967614809143,0.822,Not significant
2,2491,0901000012184,149.1725057024544,-0.6605438306477358,-0.45892720364454337,0.3031415330838202,0.136,Not significant
2,2492,0901000010084,1873.8221196022632,1.1682672497102877,-0.08613814449464235,-0.10063237316390318,0.818,Not significant
2,2493,0901000012292,199.5033192237437,-0.6071732510764847,-0.5449706802395045,0.3308916196623833,0.061,Not significant
2,2494,0901000011114,296.4763593801269,-0.504343453705075,-0.2181669739174537,0.11003108510991363,0.469,Not significant
2,2495,0901000011078,495.46350050269496,-0.2933383396223145,-0.5624617110859764,0.16499158443108627,0.076,Not significant
2,2496,090100001110A,241.1158478271963,-0.5630475035748648,-0.32060167868952333,0.18051397482804704,0.219,Not significant
2,2497,0901000011190,976.4964260770467,0.21674691898170773,0.1095692167288465,0.023748790141216464,0.687,Not significant
2,2498,0901000011203,2364.4272160462715,1.6885027973982032,-0.09238408683545989,-0.15599078905675254,0.772,Not significant
2,2499,0901000010563,498.6116880919062,-0.2900000149563689,0.04934678351564703,-0.014310567957586336,0.862,Not significant
2,2500,0901000011148,47.12835334653148,-0.7687510137243415,-0.7315870054348239,0.5624082520555762,0.042,Low-Low
2,2501,090100001167A,422.5503711052672,-0.3706551104439967,-0.2887349994187723,0.10702110309861236,0.315,Not significant
2,2502,0901000011519,555.5497089214965,-0.2296231809910323,-0.08460113658123837,0.019426382097240742,0.746,Not significant
2,2503,0901000011523,441.5609351819675,-0.3504963895379509,0.0046488878843731,-0.0016294184188394947,0.985,Not significant
2,2504,0901000011631,682.4916968931366,-0.09501443942742743,-0.3837712525966717,0.03646381043383442,0.151,Not significant
2,2505,0901000011646,976.6181982591496,0.21687604568322102,-0.4104978217516654,-0.0890271443430769,0.167,Not significant
2,2506,0901000011650,371.8755357054491,-0.42439048934507595,-0.2500634447131694,0.1061245476691373,0.382,Not significant
2,2507,0901000010046,534.2684818719407,-0.2521897032099063,-0.06404127617309996,0.01615055043127772,0.846,Not significant
2,2508,0901000010050,466.7365083879124,-0.3238003192971749,-0.16124075993932196,0.05220980955207158,0.565,Not significant
2,2509,0901000010101,933.9181244247648,0.1715970698663017,-0.15417136268275394,-0.026455354093655466,0.685,Not significant
2,2510,0901000010116,783.8025065148855,0.012415110147771217,-0.14461301954824482,-0.0017953865664932516,0.583,Not significant
2,2511,0901000010493,1016.219129310622,0.258868703737203,0.2582264879283198,0.06684675620061464,0.348,Not significant
2,2512,0901000010173,1676.756574040128,0.9592997873479481,-0.055298913101916605,-0.05304823557924126,0.827,Not significant
2,2513,0901000010188,834.4380554822194,0.06610882988373325,-0.1337180625670376,-0.008839944650626689,0.596,Not significant
2,2514,0901000010224,0.0,-0.8187257182118653,-0.6297641770446702,0.515604128155002,0.08,Not significant
2,2515,0901000010239,398.60409788743925,-0.39604763623073796,-0.3578884968109681,0.14174089319615593,0.266,Not significant
2,2516,0901000010421,442.1181811347375,-0.34990548831100204,0.007584528854304134,-0.002653868272374173,0.981,Not significant
2,2517,0901000010807,39.99435596992136,-0.7763158740556457,-0.2203470815601456,0.1710589372169751,0.456,Not significant
2,2518,0901000010243,1424.167190718238,0.6914550847040706,-0.2511235727876648,-0.17364067129308358,0.224,Not significant
2,2519,0901000010258,127.07488743815084,-0.683976050621913,-0.16969067484120312,0.11606435760525333,0.612,Not significant
2,2520,0901000010262,189.6695897930414,-0.6176008957407509,-0.4663502931045664,0.28801835875034193,0.111,Not significant
2,2521,0901000010277,110.28586036668422,-0.7017790631812587,-0.3919289767382298,0.2750475501289442,0.178,Not significant
2,2522,0901000010192,203.90635518928903,-0.602504290554819,-0.23699994192846965,0.14279348187314592,0.372,Not significant
2,2523,0901000010506,1208.205816516882,0.4624505664032711,0.16744846288851897,0.07743663650615272,0.641,Not significant
2,2524,0901000010328,635.3356370528533,-0.14501852376252305,-0.2339816190217053,0.033931668978092785,0.406,Not significant
2,2525,0901000010332,835.326050171572,0.06705045565751284,-0.0284784213242964,-0.0019094911262007039,0.929,Not significant
2,2526,0901000010347,1183.5423401140954,0.4362975214241389,0.05592157718339926,0.024398445519245776,0.831,Not significant
2,2527,0901000010351,923.3614827869764,0.16040285218697783,-0.11174490634575156,-0.017924201695225267,0.727,Not significant
2,2528,0901000010370,533.5474276596225,-0.25295430601525215,-0.015050684684119325,0.0038071354993257883,0.957,Not significant
2,2529,0901000010440,1018.7465538917534,0.2615487739621866,0.0007211570955759269,0.00018861775418201512,1.0,Not significant
2,2530,0901000010296,1466.570689142385,0.7364195732233767,-0.4200642359124832,-0.3093435253370747,0.192,Not significant
2,2531,090100001060A,1275.63510663959,0.533952297493009,0.27354464376397075,0.14605979100467886,0.299,Not significant
2,2532,0901000010737,88.90097044049952,-0.7244555090715109,0.0418594465811124,-0.030325306682371503,0.917,Not significant
2,2533,0901000010741,396.7495154884721,-0.3980142274811188,-0.24336314571075557,0.09686199443744133,0.267,Not significant
2,2534,0901000010756,1906.066463009667,1.202459013664583,-0.1527631423406976,-0.18369141746329753,0.619,Not significant
2,2535,0901000010760,62.08917701653873,-0.7528866202391491,0.4177915630621356,-0.3145496778782826,0.205,Not significant
2,2536,0901000010775,114.27513473476276,-0.6975488536893532,-0.22324363606632325,0.15572334243150693,0.441,Not significant
2,2537,090100001092A,154.34772717591392,-0.6550560479133818,-0.30796487665550204,0.20173425499808526,0.27,Not significant
2,2538,0901000010949,219.8654937808891,-0.5855812881930285,-0.6516952172846385,0.3816205248467742,0.052,Not significant
2,2539,0901000010953,241.01127195038225,-0.5631583953877375,-0.5849977312444932,0.3294463836331157,0.073,Not significant
2,2540,0901000010968,374.22542492013554,-0.4218986768639803,-0.5897341504802959,0.24880805778914028,0.076,Not significant
2,2541,0901000010972,321.7151804106412,-0.47758031574141263,-0.17367106631638704,0.08294188268652794,0.554,Not significant
2,2542,0901000012146,415.9087549782467,-0.3776978518024076,-0.04695953114856477,0.017736514036461162,0.909,Not significant
2,2543,0901000010385,945.6829837695232,0.18407247643882635,0.1348133202298527,0.024815421711649514,0.641,Not significant
2,2544,0901000011453,763.7947077795327,-0.008801074128667073,0.029573257925150545,-0.0002602764352254409,0.928,Not significant
2,2545,0901000011059,1500.8266060699914,0.772744401142116,-0.18464070780484923,-0.14268007317911463,0.572,Not significant
2,2546,0901000010205,0.0,-0.8187257182118653,-0.513548458672699,0.42045533066340196,0.123,Not significant
2,2547,0901000011792,690.4115304085045,-0.0866162818128239,0.0744985462780227,-0.0064527870790629166,0.791,Not significant
2,2548,0901000012377,69.13902201070444,-0.7454109947345672,-0.0072416486574050365,0.005398004529234531,0.981,Not significant
2,2549,0901000012343,287.08302656528537,-0.5143041036798999,-0.19318187374810725,0.09935423042522387,0.419,Not significant
2,2550,0901000012381,13.053515624033546,-0.8048838260278185,-0.5107817992895347,0.41112000887753397,0.158,Not significant
2,2551,0901000011824,519.5162991381651,-0.2678328547379375,-0.4073305748305285,0.10909651067890551,0.218,Not significant
2,2552,0901000010510,821.7945619862099,0.052701723412029965,0.1102120630774522,0.005808365664977086,0.722,Not significant
2,2553,0901000011947,634.2634730800912,-0.14615544185738996,-0.2822325173737404,0.041249818283282516,0.348,Not significant
2,2554,0901000012080,473.1396677482464,-0.3170104364751229,-0.18914035091131423,0.05995946519745363,0.612,Not significant
2,2555,0901000012108,388.5224808023823,-0.4067381399043439,-0.09062782872147095,0.036861794477740566,0.76,Not significant
2,2556,0901000012305,382.3155993017392,-0.4133198905227653,-0.2989380478632868,0.12355704121594288,0.337,Not significant
2,2557,0901000011152,19.56611299383843,-0.7979778956082026,-0.6154414084653294,0.4911086399973118,0.086,Not significant
2,2558,0901000011186,260.7431235646992,-0.5422348242591966,-0.45016077411013866,0.24409284823799493,0.141,Not significant
2,2559,090100001078A,61.72595594600324,-0.7532717783101343,-0.6607724296647277,0.49774122315185754,0.065,Not significant
2,2560,0901000011595,283.58446625783813,-0.518013962078959,-0.1638522707713707,0.08487776397791215,0.534,Not significant
2,2561,0901000011294,17.048669185998317,-0.8006473822638406,-0.648944599732539,0.5195757950101132,0.059,Not significant
2,2562,0901000010794,44.808700742425145,-0.7712107634327932,-0.5685185848372545,0.4384476518380702,0.073,Not significant
2,2563,0901000011985,694.2946761318664,-0.08249861068223936,-0.22981867280397025,0.018959721215163695,0.361,Not significant
2,2564,0901000011345,667.8357996272271,-0.1105554902568055,-0.6261410017196999,0.06922332541500871,0.055,Not significant
2,2565,0901000011557,348.1371731519304,-0.44956254755188163,0.04133201042155462,-0.018581323900555016,0.885,Not significant
2,2566,0901000011561,676.8174041222192,-0.10103143523284444,-0.16001763059338883,0.016166810881409192,0.544,Not significant
2,2567,0901000010417,216.0698667188921,-0.5896061549091093,-0.09737963946353831,0.05741563479053218,0.774,Not significant
2,2568,0901000010455,866.5413472627602,0.10015102329568175,-0.061713541274456725,-0.006180674309837132,0.85,Not significant
2,2569,090100001014A,1045.6232303526976,0.29004868682496715,0.2498276124907287,0.07246217093555263,0.393,Not significant
2,2570,0901000010703,122.21366282303748,-0.6891308724295298,-0.5471189037797712,0.3770365274844417,0.104,Not significant
2,2571,0901000010864,928.3945507374168,0.16573989593300975,-0.39207675662950925,-0.06498276084152685,0.137,Not significant
2,2572,0901000010900,282.8344402944044,-0.5188092864053782,-0.22920262570661784,0.11891245068508939,0.536,Not significant
2,2573,0901000011025,43.76149386007124,-0.7723212171356443,-0.4619107654723191,0.3567434845976386,0.109,Not significant
2,2574,0901000011773,783.0753472279052,0.011644033547343535,-0.17228263807266878,-0.002006064817343,0.529,Not significant
2,2575,0901000011805,492.5308085654764,-0.29644815361979904,-0.013113510688815305,0.0038874760311727965,0.948,Not significant
2,2576,0901000010099,603.7790021323218,-0.17848104457623398,0.011436937372768666,-0.0020412765290447206,0.96,Not significant
2,2577,0901000011218,153.73152844591812,-0.6557094624133687,-0.4300440189682319,0.28198393249174386,0.127,Not significant
2,2578,0901000011858,152.76952277872104,-0.6567295691117717,-0.6117725516733101,0.40176912425482203,0.039,Low-Low
2,2579,0901000011699,123.79534420742112,-0.6874536642487816,-0.3748240679383867,0.2576741789528782,0.189,Not significant
2,2580,0901000011913,344.27111657852294,-0.45366209742088437,-0.2916965924993817,0.1323316879637945,0.298,Not significant
2,2581,0901000010544,907.57674641574,0.14366478519436007,-0.3186224458673119,-0.04577482524362899,0.214,Not significant
2,2582,0901000010648,337.69035491845136,-0.46064030896260183,-0.04904238692521736,0.02259090026549559,0.875,Not significant
2,2583,0901000010633,327.90494840068766,-0.471016712216494,-0.22920689706125943,0.1079602790711388,0.442,Not significant
2,2584,0901000011627,657.797303616708,-0.12120026852724768,-0.16977872059167334,0.020577226525923364,0.515,Not significant
2,2585,0901000010135,491.7351307507065,-0.2972918869742836,-0.028979517929028868,0.008615375568726075,0.908,Not significant
2,2586,0901000010686,184.3770866205801,-0.6232130434875276,-0.19645445455094215,0.12243297852737482,0.536,Not significant
2,2587,0901000010559,447.2739407661285,-0.34443834283080815,-0.16156516272447463,0.055649236908007896,0.582,Not significant
2,2588,0901000010667,492.07242124499845,-0.2969342255755339,-0.32892818339529706,0.09767003540644972,0.217,Not significant
2,2589,0901000010671,69.4141095722693,-0.7451192930598596,-0.1987115671406917,0.14806382243068902,0.419,Not significant
2,2590,0901000011260,212.01196510878776,-0.5939091364351832,-0.5638542834194588,0.33487821054092975,0.062,Not significant
2,2591,0901000011237,514.8677222485474,-0.2727621858061802,-0.28908532673692033,0.07885154560525619,0.28,Not significant
2,2592,0901000011241,490.2589319193357,-0.2988572419065924,-0.069639493915331,0.020812267079306748,0.783,Not significant
2,2593,0901000011580,299.89630881509817,-0.500716953939249,-0.03053540069153854,0.015289592821581615,0.906,Not significant
2,2594,0901000011843,219.80398743456303,-0.5856465092598276,-0.543543292263678,0.3183242317458173,0.051,Not significant
2,2595,0901000011171,207.06752591933665,-0.5991521986218136,-0.5971002016011153,0.35775389858683637,0.036,Low-Low
2,2596,0901000012254,192.55076341046149,-0.6145457115494192,-0.5003544113635913,0.30749065775832896,0.082,Not significant
2,2597,090100001224A,426.6440316661263,-0.3663142102793568,-0.3401694810811397,0.12460891482337628,0.227,Not significant
2,2598,0901000012288,208.2916523332625,-0.597854140203742,-0.3211655816935452,0.19201017270642912,0.14,Not significant
2,2599,0901000010898,1087.6717453438791,0.33463675242896435,-0.44051901771836993,-0.1474138534724727,0.126,Not significant
2,2600,0901000012339,16.365933786424307,-0.8013713519639063,-0.3615903897255301,0.28976817947150385,0.208,Not significant
2,2601,0901000010313,662.3118719860695,-0.11641303952120455,-0.24975195467688963,0.02907438417029884,0.415,Not significant
2,2602,0901000012023,303.61129758245323,-0.496777595726202,-0.28731222989334854,0.1427302787891515,0.318,Not significant
2,2603,0901000012324,488.46573700221705,-0.300758738133558,-0.36841533179455743,0.11080413029958719,0.137,Not significant
2,2604,090100001231A,658.1637518831608,-0.12081168835150313,-0.4143796800408113,0.05006190876428608,0.254,Not significant
2,2605,0901000012095,569.201399550499,-0.21514698658799344,-0.32222585980284846,0.06932592273730809,0.254,Not significant
2,2606,0901000012220,328.5253557691311,-0.4703588348942827,-0.4039518334118615,0.19000231371701257,0.174,Not significant
2,2607,090100001199A,1173.2619088433207,0.42539619603762246,-0.13058729830532376,-0.05555133994991499,0.651,Not significant
2,2608,0901000010474,986.0508022401962,0.22687833863486592,0.16405553017130162,0.03722064612912703,0.552,Not significant
2,2609,0901000012112,832.0599055455642,0.063587049853833,-0.09097309661616168,-0.005784710829889439,0.787,Not significant
2,2610,0901000012235,404.3813514111503,-0.38992146128305727,-0.4140536056097085,0.16144838694885622,0.15,Not significant
2,2611,0901000011434,423.63597716789656,-0.3695039384144787,-0.054192710021224035,0.020024419786196068,0.839,Not significant
2,2612,0901000010169,547.0936292195154,-0.23858997177029379,0.026143321978081474,-0.00623753445273216,0.943,Not significant
2,2613,0901000012076,214.63287718497185,-0.5911299324699608,-0.4018120952875192,0.23752315675292468,0.117,Not significant
2,2614,0901000012061,40.97948461896243,-0.7752712478461107,-0.19181641183058476,0.1487097489572609,0.335,Not significant
2,2615,0901000010309,520.2787732896537,-0.26702433040610185,-0.25789334483456894,0.06886379772064069,0.391,Not significant
2,2616,0901000011472,293.770258539291,-0.5072129914722835,-0.42373148109223324,0.21492211210577294,0.117,Not significant
2,2617,0901000011379,200.92450818415637,-0.6056662283762574,-0.4727291029214848,0.28631605281014727,0.088,Not significant
2,2618,0901000010811,353.4071070918164,-0.44397433212287907,-0.13706103132847472,0.060851579844132565,0.648,Not significant
2,2619,0901000011788,654.7630606219877,-0.12441776683213258,-0.09604941545035557,0.011950253775864972,0.749,Not significant
2,2620,0901000011839,391.5611709374009,-0.40351592587089125,-0.3839134043230203,0.15491517279964936,0.179,Not significant
2,2621,0901000012165,1077.4161732800326,0.32376178763923963,0.1662957196028296,0.053840199455365854,0.607,Not significant
2,2622,0901000010489,384.15349185879967,-0.41137099710941893,0.22310986871398933,-0.09178092915782535,0.422,Not significant
2,2623,090100001174A,534.005898159877,-0.25246814585603766,-0.510928614783421,0.128993200039164,0.103,Not significant
2,2624,0901000011754,98.55891327617104,-0.7142142677613983,-0.4226049156385293,0.3018304603751397,0.212,Not significant
2,2625,090100001135A,630.8123487684248,-0.1498149993292389,-0.7458757547154998,0.11174337569239816,0.063,Not significant
2,2626,0901000011720,36.2139381787788,-0.7803246129259087,-0.45666722501156076,0.356348675593095,0.136,Not significant
2,2627,0901000011468,459.0361373464328,-0.3319657598423314,-0.08104862281786367,0.02690536765790663,0.799,Not significant
2,2628,0901000011932,267.81985888514566,-0.5347306843675413,-0.09579235332397727,0.05122311065010769,0.728,Not significant
2,2629,0901000011487,1305.7415599799788,0.5658770519564297,-0.05585134121870544,-0.03160499231665366,0.85,Not significant
2,2630,0901000011735,238.64933404291503,-0.5656629842511682,-0.3775908672938759,0.2135891768194407,0.186,Not significant
2,2631,0901200010604,458.0517211162707,-0.3330096306059318,-0.31860929240530583,0.10609996277150821,0.25,Not significant
2,2632,0901200011072,335.77230530654475,-0.4626742005743591,-0.21021967370068337,0.0972632194744663,0.349,Not significant
2,2633,0901200011424,678.4163886265786,-0.09933587889761816,-0.39594066850100573,0.039331114296857886,0.131,Not significant
2,2634,0901200010498,582.4733808418871,-0.2010734343438882,-0.47638692519380305,0.09578875512524293,0.099,Not significant
2,2635,0901200010125,1315.3583642126928,0.5760746700677704,-0.388069164463904,-0.2235568158820188,0.232,Not significant
2,2636,0901200010445,783.5928083905978,0.012192747152913127,-0.24730820945019408,-0.003015366466665897,0.366,Not significant
2,2637,0901200010074,254.22899157012444,-0.5491423819883604,-0.6453424006555816,0.3543848630940929,0.058,Not significant
2,2638,0901200010159,837.0089076235779,0.06883495050799572,-0.04835922960955351,-0.0033288051767784168,0.872,Not significant
2,2639,090120001045A,738.0778755135651,-0.036071093163642175,-0.3192087423235004,0.011514208283000031,0.188,Not significant
2,2640,0901200010411,1063.1864118427682,0.30867260942148234,-0.23295095368961524,-0.07190557874259643,0.39,Not significant
2,2641,0901200010017,490.6943648596167,-0.2983955106775237,-0.4411163003921314,0.13162712372368998,0.127,Not significant
2,2642,0901200010214,396.64280890914034,-0.3981273786818359,-0.19419454125674993,0.07731416366487148,0.543,Not significant
2,2643,090120001077A,379.3302086291014,-0.4164855860340825,-0.326294362638296,0.13589689884302814,0.297,Not significant
2,2644,0901200010267,188.6638080090597,-0.6186674224463167,-0.37075486404399527,0.22937395609753314,0.164,Not significant
2,2645,0901200010303,884.7745868023541,0.11948547258444522,-0.2877763606396286,-0.03438509444965776,0.288,Not significant
2,2646,0901200012066,224.10170857293735,-0.5810892241308354,-0.3119431786063725,0.18126681962928362,0.254,Not significant
2,2647,090120001198A,305.85034706655813,-0.49440331722174585,-0.4796132270747582,0.23712237044918688,0.157,Not significant
2,2648,0901200012174,683.4761426550742,-0.09397053734845845,-0.39103146007586853,0.036745436423481645,0.226,Not significant
2,2649,0901200011994,633.6928439094878,-0.1467605345913368,-0.5775805885665174,0.08476603594760106,0.087,Not significant
2,2650,0901200010500,661.6290852093446,-0.1171370637013816,-0.30968721131873067,0.036275850599745384,0.306,Not significant
2,2651,0901200011000,336.6082983975485,-0.46178771707324184,-0.3318097073997265,0.15322564728286006,0.271,Not significant
2,2652,090120001216A,403.27420858619786,-0.39109547080330614,-0.3804479349690133,0.14879146424285186,0.19,Not significant
2,2653,0901200011509,670.458506492395,-0.10777438310501457,-0.31026201136991427,0.03343829687631353,0.304,Not significant
2,2654,090120001020A,476.9059689973084,-0.3130166667257557,-0.12457314545854077,0.03899347075497514,0.751,Not significant
2,2655,0901200010021,48.14645735049635,-0.7676714205893641,-0.2964724650435023,0.22759343840557597,0.264,Not significant
2,2656,0901200010106,34.09470469260317,-0.7825718390581895,-0.4288221932623933,0.33558417241031746,0.099,Not significant
2,2657,090120001013A,1270.6142692643955,0.528628222996701,-0.14449920810645225,-0.07638635960574434,0.639,Not significant
2,2658,0901200010182,1156.826019071167,0.4079676487613499,-0.25226921894802024,-0.10291768010908599,0.364,Not significant
2,2659,0901200010197,331.2650054354349,-0.46745372209591773,-0.2994428377197669,0.1399756690470689,0.241,Not significant
2,2660,0901200010040,71.4458827307211,-0.7429648094853388,-0.33532385968706435,0.24913382752828825,0.264,Not significant
2,2661,0901200271763,94.16535671614012,-0.7188731763619663,-0.5853034106205953,0.42075892192831965,0.071,Not significant
2,2662,0901200012070,123.90406928691576,-0.6873383726391179,-0.5880474299246206,0.4041875635190044,0.059,Not significant
2,2663,0901200011068,462.97392594212886,-0.3277901456434378,-0.5947533592079148,0.19495429023668626,0.071,Not significant
2,2664,0901200012121,153.9451426775121,-0.6554829467950584,-0.5675890508209093,0.37204494360069973,0.041,Low-Low
2,2665,090120027180A,17.064989201670166,-0.800630076588965,-0.4693881127474115,0.37580624065890983,0.183,Not significant
2,2666,0901200011975,305.9442659756345,-0.49430372601191996,-0.4169680580242465,0.2061088647093395,0.112,Not significant
2,2667,0901200011388,137.59379663886887,-0.6728218442576106,-0.2137941750113713,0.1438453911226852,0.398,Not significant
2,2668,0901200011956,231.08878716896848,-0.5736801558466057,-0.6508014809639975,0.37335189502462784,0.061,Not significant
2,2669,0901200010430,718.8886070598595,-0.05641931142737827,-0.3573142252363245,0.020159422551040578,0.152,Not significant
2,2670,0901200011918,657.7450210247998,-0.12125570876427948,-0.3666190036346056,0.044454647132168054,0.199,Not significant
2,2671,0901200012206,536.670188050158,-0.24964294424212027,-0.34204628116194047,0.0853894406963349,0.316,Not significant
2,2672,0901200012155,10.152618544657711,-0.8079599248939208,-0.4899931142226663,0.39589479976588376,0.053,Not significant
2,2673,0901200010479,483.86936111170695,-0.3056327154854259,-0.24633781771304555,0.07528889615439197,0.292,Not significant
2,2674,0901200262314,0.0,-0.8187257182118653,-0.619137809478395,0.50690404773732,0.262,Not significant
2,2675,0901200011937,701.1832173663506,-0.07519403099509846,-0.538728839934922,0.040509193088019965,0.076,Not significant
2,2676,0901200012193,438.2809939994827,-0.35397442515116007,-0.3862912949489656,0.13673723907045732,0.219,Not significant
2,2677,090120001038A,255.5089782657408,-0.547785089566301,-0.2097193057538914,0.11488110868617786,0.391,Not significant
2,2678,0901200010483,365.1191382046215,-0.43155494438175834,-0.38331719159800637,0.16542242930064943,0.117,Not significant
2,2679,0901200010712,156.71756128757252,-0.6525430859487706,-0.24177253478803276,0.1577669959482394,0.407,Not significant
2,2680,0901200010943,407.2739476081603,-0.38685416463714234,-0.23375221087436435,0.09042801626988736,0.397,Not significant
2,2681,0901200010962,625.0444320378695,-0.15593127358135772,-0.33008226261452334,0.0514701475960988,0.213,Not significant
2,2682,0901200010568,338.5044228102478,-0.4597770748490276,-0.09407883471328495,0.04325529142967931,0.798,Not significant
2,2683,0901200010642,580.3627136790643,-0.20331157678349351,-0.2179840310189023,0.04431867706007499,0.453,Not significant
2,2684,0901200010407,369.8866033833402,-0.4264995446798173,-0.049403713284210615,0.02107066122120807,0.868,Not significant
2,2685,0901200010426,463.7783386092174,-0.3269371498888825,-0.3660267235278644,0.11966773377336597,0.157,Not significant
2,2686,0901200010572,1058.8926470666756,0.30411951960214634,-0.19194549902938376,-0.05837437295461044,0.586,Not significant
2,2687,0901200010549,225.18470659756167,-0.5799408176536727,-0.20062876216000652,0.1163528083719184,0.516,Not significant
2,2688,0901200010731,457.77473666198034,-0.33330334373757925,-0.4323930979389824,0.1441180653521134,0.175,Not significant
2,2689,0901200010765,248.65496040225392,-0.5550530608183705,-0.4861069567784112,0.26981515424496044,0.117,Not significant
2,2690,0901200010816,1050.6405803986256,0.29536906337222385,-0.07092442950068933,-0.02094888231182793,0.818,Not significant
2,2691,0901200010820,508.5365630493751,-0.2794757199650262,-0.08152752793768304,0.022784964567352756,0.767,Not significant
2,2692,0901200010835,304.5638514871576,-0.49576751163635463,-0.24177698411095228,0.11986517378362926,0.4,Not significant
2,2693,090120001084A,189.9324822274831,-0.6173221257267293,-0.43078694889025365,0.2659343150242633,0.145,Not significant
2,2694,0901200010854,26.05510697718009,-0.791096994118724,-0.47285304518307414,0.37407262270421515,0.127,Not significant
2,2695,0901200010869,408.6523747602081,-0.3853924863757643,-0.5029383686531452,0.1938286683890064,0.068,Not significant
2,2696,0901200010888,418.8563607969547,-0.3745722231887256,-0.42682129474177033,0.15987540127571523,0.183,Not significant
2,2697,090120001091A,1268.713767866696,0.5266129394362972,-0.4889130347359477,-0.2574679303510179,0.142,Not significant
2,2698,0901200010375,967.082603995214,0.2067645422757254,-0.31439534326129687,-0.06500580924304161,0.258,Not significant
2,2699,090120026248A,21.06329265802327,-0.7963902926904386,-0.7054290336324449,0.561796834566876,0.088,Not significant
2,2700,0901200010623,865.5235283581482,0.09907173247883967,-0.07447325139454769,-0.0073781940389900024,0.807,Not significant
2,2701,0901200010638,474.4205964184145,-0.3156521451872742,-0.045942216140090066,0.014501759079276842,0.867,Not significant
2,2702,0901200010657,689.7522424391025,-0.08731538795813698,-0.545437477710645,0.04762508497321266,0.088,Not significant
2,2703,0901200010661,16.35572183678258,-0.801382180671666,-0.4819499466485756,0.3862260992198286,0.117,Not significant
2,2704,0901200010676,483.3207402477494,-0.3062144707050571,-0.1583515803590322,0.048489545364950364,0.628,Not significant
2,2705,0901200010680,596.7132423063758,-0.1859735461004243,-0.17910874188493708,0.03330948786592734,0.513,Not significant
2,2706,0901200010695,162.8514744473081,-0.6460387106472203,-0.4152677968690293,0.2682790720625795,0.187,Not significant
2,2707,0901200010727,291.10002062712226,-0.5100445003431919,-0.5252692384618819,0.2679106862769395,0.079,Not significant
2,2708,0901200010939,556.9490256754184,-0.22813935148509787,-0.344424502737294,0.07857678269006357,0.256,Not significant
2,2709,0901200010977,116.27674483330328,-0.6954263548946616,-0.4826511717605339,0.33564834506306535,0.068,Not significant
2,2710,0901200011015,630.1072831923664,-0.15056264785302167,-0.3229684506098566,0.048626985096807865,0.252,Not significant
2,2711,0901200010996,586.1926198325893,-0.19712956921216698,-0.5210362836672989,0.10271165814324307,0.074,Not significant
2,2712,090120001102A,634.5529406297483,-0.14584849170476163,-0.35845608783303684,0.05228027975283798,0.144,Not significant
2,2713,0901200011034,46.64936209585019,-0.7692589339996141,-0.45345063179174167,0.3488209496335667,0.113,Not significant
2,2714,0901200011157,275.6089415192889,-0.5264711744286298,-0.08863475765191775,0.04666364495620212,0.765,Not significant
2,2715,0901200011087,35.54876771402113,-0.7810299568441583,-0.3923228986107126,0.3064159365709,0.309,Not significant
2,2716,0901200011091,29.157013783847177,-0.7878077453968092,-0.33018838878312723,0.26012497012344055,0.323,Not significant
2,2717,0901200011104,841.4207507816977,0.07351325013903023,-0.27648826140834354,-0.02032555072141714,0.278,Not significant
2,2718,0901200011119,1486.2334041822926,0.7572698322238663,-0.1905076595164425,-0.14426570335937786,0.566,Not significant
2,2719,0901200011566,7.622438071029205,-0.810642917455531,-0.46647909238346075,0.37814797238173675,0.158,Not significant
2,2720,0901200010089,150.298575330846,-0.6593497512260029,-0.624026847195441,0.41145194645666094,0.085,Not significant
2,2721,0901200011176,1199.4199682488654,0.4531340904458385,-0.28159349743314627,-0.1275996133348313,0.378,Not significant
2,2722,0901200011513,885.5609557065537,0.1203193348099424,-0.21391935544659102,-0.02573863455030546,0.554,Not significant
2,2723,0901200012013,563.4596405313719,-0.22123552331469773,-0.6285155258131695,0.13904996126468896,0.058,Not significant
2,2724,0901200012047,417.48707626228025,-0.37602420665771147,-0.15630484918001047,0.058774406909666684,0.604,Not significant
2,2725,0901200011049,4.050980630237353,-0.8144300756632658,-0.6550348601768656,0.5334800907359214,0.051,Not significant
2,2726,0901200012051,792.0705098645145,0.021182465566735278,-0.1489780319508167,-0.0031557220319981625,0.674,Not significant
2,2727,0901200011481,405.8534620814521,-0.38836044141927545,-0.14128173574466724,0.0548682372582804,0.59,Not significant
2,2728,0901200262403,131.71781790599314,-0.6790527069951913,-0.7724328003390856,0.5245225840421321,0.054,Not significant
2,2729,0901200010905,562.3366800598785,-0.22242630579974249,-0.4033112582294376,0.08970703325541979,0.166,Not significant
2,2730,0901200012136,651.3478676953198,-0.12803922281688052,-0.499155707788355,0.06391150888983088,0.078,Not significant
2,2731,0901200012140,241.380873964022,-0.5627664709919533,-0.5304940315019532,0.2985442539906483,0.154,Not significant
2,2732,0901200012333,29.140158525720118,-0.7878256186404968,-0.7068182015264346,0.5568494868839267,0.193,Not significant
2,2733,0901200261710,27.935769084440544,-0.7891027480571196,-0.6566903530090704,0.5181961621820574,0.057,Not significant
2,2734,0901200262329,9.370898006392846,-0.8087888580120453,-0.7874055169941783,0.6368448088821055,0.053,Not significant
2,2735,0901200011960,34.44499995081927,-0.7822003874633501,-0.32529590962071653,0.2544465865455674,0.102,Not significant
2,2736,0901200011462,376.2273632065552,-0.4197758300602643,-0.48049368914598817,0.2016996371999758,0.083,Not significant
2,2737,0901200012263,1016.517954136116,0.259185576305141,-0.3663479603205154,-0.09495210722388571,0.157,Not significant
2,2738,0901200011759,2.056910960624144,-0.8165445786193465,-0.768895717923096,0.6278376299937343,0.058,Not significant
2,2739,0901200011477,919.2238231339754,0.15601529557305913,-0.1223911844882388,-0.019094896823469387,0.666,Not significant
2,2740,090120001223A,532.9573133089633,-0.25358006075086104,-0.15676110509194613,0.03975149055258781,0.705,Not significant
2,2741,0901200012244,163.94386573254474,-0.6448803435966459,-0.29598742160139435,0.19087647014259249,0.308,Not significant
2,2742,090120001052A,830.9850877580197,0.06244731766511178,-0.040163374361104766,-0.0025080949972307153,0.897,Not significant
2,2743,0901200192475,97.984569181218,-0.7148232997852498,-0.7350541562353574,0.5254338374810208,0.159,Not significant
2,2744,0901200011890,574.9468236498368,-0.20905456342589637,-0.4248970988041397,0.08882667749142938,0.18,Not significant
2,2745,0901200010534,389.23350778017857,-0.40598416993563413,-0.36796709191605803,0.14938881437517001,0.174,Not significant
2,2746,0901200012225,872.2826006870777,0.10623902389181053,-0.36624228021621646,-0.03890922235808179,0.227,Not significant
2,2747,0901200012367,0.0,-0.8187257182118653,-0.7068182015264346,0.5786902396899491,0.177,Not significant
2,2748,0901200011299,304.1347287730488,-0.4962225515285568,-0.031716935054236076,0.01573865843927855,0.886,Not significant
2,2749,0901200011903,221.90860867138045,-0.5834147778943215,-0.09242020203361519,0.053919311642389924,0.731,Not significant
2,2750,0901200011316,572.140087843947,-0.21203081407998844,-0.40002966270952306,0.08481861504044337,0.169,Not significant
2,2751,0901200011195,352.64207109220075,-0.44478557302752064,-0.6042538355406053,0.26876338849500536,0.072,Not significant
2,2752,0901200011369,1104.5808057394922,0.3525670478122773,-0.3246505780997806,-0.11446109589118882,0.292,Not significant
2,2753,0901200011439,356.2006034161856,-0.4410121205584131,-0.396972780554398,0.17506980775626463,0.219,Not significant
2,2754,0901200011443,895.7514299319434,0.13112527012996053,-0.22897203285231685,-0.030024019659966244,0.373,Not significant
2,2755,0901200011585,14.803359226208748,-0.8030282993499588,-0.7165474905994335,0.5754079127795436,0.057,Not significant
2,2756,0901200012009,305.92536181795646,-0.4943237718999356,-0.2791168850041431,0.1379741113962086,0.223,Not significant
2,2757,0901200010784,721.0804225460839,-0.054095119652421954,-0.3379778101307408,0.018282950078885973,0.331,Not significant
2,2758,0901200012210,591.5663098666648,-0.19143133126428338,-0.24448051133494877,0.046801229753021964,0.496,Not significant
2,2759,0901200010464,578.0899868418653,-0.20572156660925187,-0.19976889552881774,0.041096770147988355,0.481,Not significant
2,2760,0901200010515,574.2004143888587,-0.20984605261648734,-0.04894467826911713,0.010270847531358198,0.873,Not significant
2,2761,0901200010708,1132.657358472231,0.38233930434604524,-0.36594062571204616,-0.13991348426670025,0.143,Not significant
2,2762,0901200010163,875.2104415045733,0.10934369378267193,-0.1797543366889804,-0.019655003147027183,0.557,Not significant
2,2763,0901200010746,193.1440506655312,-0.6139165922795327,-0.42482780049325386,0.2608088355844276,0.134,Not significant
2,2764,0901200010750,104.8905525171823,-0.7075002245682377,-0.5828893098474665,0.4123943176155076,0.076,Not significant
2,2765,0901200010801,809.0763493498433,0.039215385083201215,-0.056576913428319844,-0.0022186854469105005,0.873,Not significant
2,2766,0901200010229,412.4698845213546,-0.38134441533902025,-0.1665403653481246,0.0635092382540274,0.591,Not significant
2,2767,0901200010248,509.8244772108891,-0.27811002129200657,-0.2811821265026294,0.07819956718857796,0.458,Not significant
2,2768,0901200010337,992.8149914441832,0.234051055960281,-0.15782530551626714,-0.036939179413336284,0.579,Not significant
2,2769,0901200010341,429.06740332647735,-0.3637444773269027,-0.4155122962409027,0.1511403030190483,0.112,Not significant
2,2770,0901200010360,1049.9285857674042,0.29461406730795736,-0.3754668595847534,-0.11061781864160991,0.186,Not significant
2,2771,0901200010233,767.7130190875793,-0.004646113562361591,-0.30094247488305126,0.0013982129140448069,0.182,Not significant
2,2772,0901200261689,91.92219612765778,-0.7212518142639357,-0.5501311965228632,0.3967831235753049,0.108,Not significant
2,2773,0901200010619,848.2352413323097,0.08073930679744558,0.0300106622714162,0.0024230400683263975,0.921,Not significant
2,2774,0901200010799,671.9493751474217,-0.10619347235439197,-0.1622031104204585,0.01722491152223135,0.546,Not significant
2,2775,0901200010553,284.67083300172067,-0.516861983426291,-0.29374039196749124,0.15182324160473368,0.255,Not significant
2,2776,0901200010587,120.1706313308508,-0.6912972942930309,-0.3536758249348335,0.24449514083430607,0.294,Not significant
2,2777,0901200010591,640.2564532680836,-0.13980051127680457,-0.3845998279439542,0.05376725258353587,0.198,Not significant
2,2778,0901200010924,164.00928340565346,-0.6448109749756412,-0.19404504075985354,0.1251223719215492,0.417,Not significant
2,2779,0901200010958,699.2721434149119,-0.07722052564630583,-0.32790612743581804,0.025321083523238412,0.213,Not significant
2,2780,0901200011123,428.105364007829,-0.36476461970916074,-0.06696395959281479,0.02442608325509269,0.808,Not significant
2,2781,0901200011142,764.4510723705687,-0.008105067921280417,-0.1571849053321312,0.0012739943339169558,0.641,Not significant
2,2782,0901200011161,563.2745743514,-0.22143176670106693,-0.4410812482600565,0.09766940006093622,0.115,Not significant
2,2783,0901200010318,498.35959721044793,-0.290267331049767,-0.09053182069964376,0.026278429969561642,0.745,Not significant
2,2784,0901200010322,927.0164299304304,0.16427854251862564,-0.1384246433444187,-0.022740198657281677,0.631,Not significant
2,2785,0901200010093,262.50520509016945,-0.5403663205397731,-0.35442004479687367,0.19151665553242816,0.2,Not significant
2,2786,0901200010144,367.72926921719215,-0.4287871726103192,-0.36578012428387374,0.15684182528873336,0.229,Not significant
2,2787,0901200010178,264.74120623514943,-0.537995274481098,-0.03769963660132796,0.020282226341169083,0.886,Not significant
2,2788,0901200011570,128.53929290877187,-0.6824232013189448,-0.6953672831536921,0.47453476746219975,0.07,Not significant
2,2789,0901200011053,6.328404333406306,-0.8120151053009048,-0.5034619050821597,0.4088186718702841,0.115,Not significant
2,2790,0901200012085,264.3267137055073,-0.5384348005882132,-0.34017178354559263,0.183160326439108,0.255,Not significant
2,2791,0901200012259,379.8868036491269,-0.41589537505343405,-0.45371826934834614,0.18869932979922543,0.122,Not significant
2,2792,0901200272028,713.1169830682869,-0.06253951684323694,-0.5546525226201,0.034687700780543604,0.066,Not significant
2,2793,0901200272032,844.1166586701283,0.07637197934306722,-0.5046605463609257,-0.038541924821937634,0.106,Not significant
2,2794,090120027230A,141.08160311679092,-0.6691233891734238,-0.7048587762018561,0.4716374932208178,0.082,Not significant
2,2795,0901200011458,400.19338368543936,-0.3943623643622881,-0.36612156926442935,0.1443845676991516,0.204,Not significant
2,2796,0901200012102,223.1197912937316,-0.5821304450175209,-0.5580626440035442,0.3248652553014375,0.073,Not significant
2,2797,0901200011941,13.395141978934278,-0.8045215669010084,-0.34351706059407355,0.2763668838463727,0.249,Not significant
2,2798,0901200011922,95.32399886262266,-0.7176445571812472,-0.20273225574682174,0.14548969990178326,0.477,Not significant
2,2799,0901200012189,708.6630005828445,-0.06726250083688362,-0.4216340672517977,0.028360161801382688,0.154,Not significant
2,2800,0901200012371,0.0,-0.8187257182118653,-0.7836162694320418,0.641566792993251,0.052,Not significant
2,2801,0901200011744,44.62491145136695,-0.771405652811615,-0.6308653974369809,0.48665313374613317,0.07,Not significant
2,2802,0901200192460,78.9059781007714,-0.7350541562353574,-0.7148232997852498,0.5254338374810208,0.191,Not significant
2,2803,0901200261528,341.92942715431866,-0.45614521487919424,-0.6457837693363541,0.29457117622942725,0.043,Low-Low
2,2804,0901200010394,426.49709456508265,-0.3664700217533736,-0.3066198865152371,0.11236699648125588,0.325,Not significant
2,2805,0901200262390,313.32696235195704,-0.48647514632412603,-0.619137809478395,0.3011951564608011,0.274,Not significant
2,2806,0901200272422,120.59775324387748,-0.6908443760417459,-0.6939982827676952,0.47944481063269145,0.114,Not significant
2,2807,0901200012386,14.68721650703296,-0.8031514565930415,-0.6799445489280092,0.5460984548740292,0.098,Not significant
2,2808,090120001159A,82.4690119889466,-0.7312759303268197,-0.6388915666879206,0.4672060248076685,0.045,Low-Low
2,2809,0901200010981,214.21598968008547,-0.5915719981985902,-0.49240534589118107,0.29129321439251393,0.076,Not significant
2,2810,0901200012456,171.0792730588349,-0.6373139881607264,-0.7190060311021336,0.458232601193316,0.063,Not significant
2,2811,0901200010892,296.9437209292014,-0.5038478655156874,-0.49735047883275857,0.2505889771730905,0.084,Not significant
2,2812,0901200011496,765.2306137546564,-0.007278445568932854,-0.42468797128837776,0.003091068282802976,0.148,Not significant
2,2813,0901200262437,85.41119403607178,-0.7281560530573457,-0.5865465772139431,0.42709744059840044,0.309,Not significant
2,2814,0901200262297,20.97869431065697,-0.7964800004164582,-0.6512542553287359,0.5187109895554517,0.059,Not significant
2,2815,0901200261674,218.95518360445672,-0.5865465772139431,-0.6137539809461977,0.3599952967754239,0.06,Not significant
2,2816,090120026166A,188.22021226427748,-0.619137809478395,-0.6273990809372496,0.388446492640247,0.064,Not significant
2,2817,0901200011602,179.28453116555974,-0.6286131675291986,-0.7484867043088644,0.47050859804908596,0.052,Not significant
2,2818,0901200271797,181.040029085418,-0.6267516450370312,-0.35319223579924097,0.2213638148014813,0.287,Not significant
2,2819,0901200261706,20.195332980895937,-0.7973106734228732,-0.5962329975225173,0.4753829327716166,0.086,Not significant
2,2820,0901200261693,38.09397155133449,-0.7783310335718983,-0.6909831313583085,0.537813614810859,0.061,Not significant
2,2821,0901200012348,20.18287157966869,-0.7973238874394813,-0.5668521829107053,0.4519647860819195,0.126,Not significant
2,2822,0901200011617,105.53373036553944,-0.7068182015264346,-0.6671828466444732,0.4715769797545336,0.055,Not significant
2,2823,0901200261532,431.3226781122868,-0.3613529935818572,-0.6893442189613838,0.24909659713004326,0.047,Low-Low
2,2824,0901200011621,62.26400934125225,-0.7527012287891618,-0.5505509903984807,0.4144004069840264,0.073,Not significant
2,2825,0901200011636,126.85778754350224,-0.6842062624224307,-0.5459123801723359,0.373516669247847,0.13,Not significant
2,2826,0901200011640,146.10142791148792,-0.6638003884131483,-0.5552824018372083,0.36859667401852475,0.059,Not significant
2,2827,0901200011212,566.5981519142138,-0.21790745925663538,-0.7341862060668248,0.15998465078529034,0.046,Low-Low
2,2828,0901200011655,40.45171928671106,-0.7758308879490459,-0.6338442746000523,0.49175596638437746,0.066,Not significant
2,2829,0901200012352,6.811239059796399,-0.8115031094204157,-0.7422367651163614,0.602327442818078,0.075,Not significant
2,2830,0901200012441,103.8132021593428,-0.7086426422836769,-0.6668059283635872,0.47252711496599265,0.042,Low-Low
2,2831,090120001173A,164.28864464914395,-0.644514741506883,0.1203193348099424,-0.07754758497331014,0.84,Not significant
2,2832,0901200271778,108.7763943868755,-0.7033796944556052,-0.3327530107424913,0.23405171102523625,0.296,Not significant
2,2833,0901200271782,181.7759014674656,-0.6259713291078293,-0.5488556774954694,0.34356791793021707,0.092,Not significant
2,2834,0901200011547,42.4206227566596,-0.7737430711235429,-0.46051289405853046,0.35631866094083814,0.061,Not significant
2,2835,0901200012282,322.08660351385106,-0.47718646027003075,-0.31995435672604,0.15267788693407375,0.217,Not significant
2,2836,0901200262418,81.96973617178895,-0.7318053602696984,-0.7548485825809165,0.5524022389246988,0.062,Not significant
2,2837,0901200012278,513.2233274489053,-0.27450589502446515,-0.450088470097064,0.12355193832418677,0.204,Not significant
2,2838,0901400010543,590.3397936810046,-0.19273192378608947,0.21782794702998123,-0.04198239928546268,0.427,Not significant
2,2839,0901400010967,1175.7225869766137,0.42800548861455645,-0.16908888065461566,-0.0723709689838672,0.526,Not significant
2,2840,0901400010045,977.9837685533608,0.21832409058749244,1.1786290496989134,0.25732311541551567,0.012,High-High
2,2841,0901400010168,2119.3842794886705,1.4286603146537384,0.13075011630757732,0.1867975023049963,0.687,Not significant
2,2842,0901400010971,363.0594011099997,-0.4337390807946909,0.04737598102228893,-0.020548814460354323,0.869,Not significant
2,2843,0901400010878,696.9787928142323,-0.0796523848227241,0.060570019476610164,-0.004824546500070847,0.801,Not significant
2,2844,090140001051A,875.6215406099467,0.10977962151719427,0.08920537817952191,0.009792932653846096,0.782,Not significant
2,2845,0901400010524,1508.3389342238786,0.7807104418128633,-0.03367211240436122,-0.026288169751981245,0.915,Not significant
2,2846,0901400010346,625.5474213793939,-0.1553979058331101,0.14218941170411087,-0.022095936810460747,0.581,Not significant
2,2847,0901400010670,1054.9311318414918,0.2999187457867387,0.39479933692100777,0.11840772196678474,0.127,Not significant
2,2848,0901400010914,1378.9129845475022,0.6434677178726673,0.36340263360670183,0.23383786331582151,0.185,Not significant
2,2849,0901400010115,1637.4941526925195,0.9176660835373356,0.2122791611195962,0.19480138640121086,0.452,Not significant
2,2850,0901400011024,693.1775590120553,-0.08368319690213154,-0.21396048427348352,0.01790489733473334,0.381,Not significant
2,2851,0901400010153,725.8932210703646,-0.04899164866457728,0.6457536404215959,-0.031636535475406596,0.055,Not significant
2,2852,0901400010219,4211.509371832572,3.647140821962078,0.9694308407095514,3.5356507932208214,0.026,High-High
2,2853,0901400010882,1226.9384942922536,0.48231461786292396,0.16238354157303964,0.07831995580102884,0.519,Not significant
2,2854,0901400010187,1027.419752697843,0.27074579691159495,0.025432200112718985,0.0068856612867332564,0.933,Not significant
2,2855,0901400010929,880.4128527231447,0.11486030840654828,0.28263180638689045,0.03246317644709808,0.292,Not significant
2,2856,0901400010933,561.8157258811484,-0.222978723384591,-0.07410435973656761,0.01652369553129233,0.815,Not significant
2,2857,0901400010986,368.17538358654144,-0.42831411483951315,-0.23393815245269095,0.10019901269496541,0.453,Not significant
2,2858,090140001101A,438.0649018086097,-0.3542035683869004,-0.18695960643339682,0.06622175974291966,0.527,Not significant
2,2859,0901400010990,842.312145356999,0.07445848113734059,-0.21314535474821175,-0.015870479376031494,0.423,Not significant
2,2860,0901400010312,704.988418041186,-0.07115901246087629,-0.07935251776670334,0.00564664680056275,0.797,Not significant
2,2861,0901400010327,879.5960367468238,0.113994160235888,0.04953151553500041,0.005646303518623212,0.887,Not significant
2,2862,0901400010331,1259.1248431440654,0.5164448846383072,-0.07781422678115728,-0.040186759373213844,0.794,Not significant
2,2863,0901400010685,709.409609180168,-0.06647080027088381,0.2297673323417809,-0.0152728184568643,0.414,Not significant
2,2864,0901400010717,2014.6379440504013,1.3175877481842841,0.3516158652307763,0.4632847560952873,0.103,Not significant
2,2865,0901400010149,1364.9661617793372,0.6286785666104959,0.6522563887270976,0.41005961152749015,0.056,Not significant
2,2866,0901400010172,700.8138582983668,-0.07558569777234729,0.20999847558662466,-0.01587288130834426,0.446,Not significant
2,2867,0901400010204,873.111401077339,0.10711788028379823,0.9028468999130494,0.09671104613948439,0.033,High-High
2,2868,0901400010011,722.0942417846858,-0.05302007006432463,0.37238418322746447,-0.019743835485566467,0.145,Not significant
2,2869,0901400010026,1227.0046883753275,0.4823848097857378,0.44983709574379127,0.21699458186493747,0.089,Not significant
2,2870,0901400010030,984.2965827938448,0.22501817183054176,0.662607174366974,0.14909865501785752,0.041,High-High
2,2871,090140001005A,654.441326832982,-0.12475893196707775,0.5750197896420305,-0.07173885481567345,0.069,Not significant
2,2872,0901400010492,600.9376511362374,-0.18149400103008176,0.25095419799705754,-0.0455466814697813,0.358,Not significant
2,2873,0901400010825,1167.304749774234,0.41907925001844465,-0.08283443844196489,-0.034714194337957666,0.778,Not significant
2,2874,0901400010435,681.1191768369486,-0.0964698538295995,0.2725641156945674,-0.026294220400248963,0.285,Not significant
2,2875,0901400010581,432.9398072577448,-0.3596381967467504,0.8360851286159029,-0.30068814798219823,0.049,Low-High
2,2876,0901400010562,664.5368018477421,-0.11405373340403589,0.45638560700849357,-0.05205248235118582,0.121,Not significant
2,2877,0901400010454,801.3913250077908,0.031066218112533694,0.08067342887453006,0.0025062183373021248,0.797,Not significant
2,2878,0901400010863,765.3120909087489,-0.007192047542922463,0.03839801100492968,-0.00027616032070111417,0.889,Not significant
2,2879,0901400010558,1009.3571018814976,0.25159223917596,0.1744827934766641,0.04389851670847051,0.558,Not significant
2,2880,0901400010083,1183.6787408687967,0.436442160201521,0.20023000140025793,0.08738881434828215,0.494,Not significant
2,2881,0901400010098,769.2883614170432,-0.002975627288360597,0.30482081783051956,-0.0009070331435968884,0.271,Not significant
2,2882,0901400010100,389.4841529946248,-0.40571838682135763,0.488832302624643,-0.19832825324703987,0.094,Not significant
2,2883,0901400010793,1341.591174659144,0.603891830160318,0.7680474021395017,0.4638175513279014,0.044,High-High
2,2884,0901400010365,841.7410927888635,0.07385293943446003,0.09869137512494837,0.007288648149806387,0.75,Not significant
2,2885,090140001083A,1257.9499852733074,0.5151990703728637,-0.14974794292848306,-0.07715000098700313,0.618,Not significant
2,2886,0901400010628,870.9407060152129,0.10481608451629845,0.015822776957078864,0.0016584815268157178,0.94,Not significant
2,2887,0901400010469,1333.3629844075556,0.5951666923803767,0.2899779947574425,0.17258524400288128,0.297,Not significant
2,2888,0901400010473,550.1560546730326,-0.23534258890653714,0.2982583509145983,-0.070192892467236,0.263,Not significant
2,2889,0901400010420,875.092708781103,0.1092188505058302,0.11146904346238198,0.012174520793945787,0.671,Not significant
2,2890,0901400010191,640.216936467931,-0.139842414722813,0.7935234569247609,-0.11096823635555265,0.029,Low-High
2,2891,0901400010596,715.0599007889047,-0.060479255195275264,0.16680373595863007,-0.0100881657145673,0.545,Not significant
2,2892,0901400010609,733.5402008042947,-0.04088282403378062,-0.08546078944036663,0.003493878416478486,0.76,Not significant
2,2893,0901400010613,734.4947631417207,-0.039870610210458214,-0.008478244160935858,0.00033803276820976695,0.972,Not significant
2,2894,0901400010632,632.0769792264111,-0.14847399059593802,0.31199285431490764,-0.04632282411755146,0.247,Not significant
2,2895,0901400010948,920.3633351003969,0.15722362919259347,-0.028332507982278904,-0.004454539729102013,0.931,Not significant
2,2896,0901400010647,807.6675001253232,0.037721447386180995,0.6087374820765395,0.022962458902146484,0.057,Not significant
2,2897,0901400010844,436.7378406901984,-0.35561077832572097,-0.02939584018175632,0.010453477606572868,0.934,Not significant
2,2898,0901400010859,681.7968345340386,-0.09575126850354838,-0.06374000258251479,0.006103186101695241,0.813,Not significant
2,2899,0901400010350,1463.1889068324715,0.7328335457138564,0.012339603947532966,0.009042875713575283,0.978,Not significant
2,2900,0901400010384,1437.842849041526,0.7059566943477048,1.2644476017328794,0.8926452490952267,0.017,High-High
2,2901,0901400010399,890.3466536759556,0.1253940684852068,0.33522955875963084,0.0420357982493708,0.2,Not significant
2,2902,090140001069A,2109.529986639992,1.418210864628927,0.17818911371872787,0.2527097370344993,0.498,Not significant
2,2903,0901400010702,1294.3168621770526,0.5537623512291971,0.7299030874664155,0.4041928498848526,0.042,High-High
2,2904,0901400010257,1219.0667705788626,0.4739674756767414,0.23073193952833054,0.10935943493624138,0.35,Not significant
2,2905,0901400010261,992.5830540767844,0.2338051105670664,0.32047147177265906,0.07492786789139705,0.195,Not significant
2,2906,0901400010276,1361.1421771820535,0.6246236296851819,0.1271362872604676,0.07941232921333123,0.675,Not significant
2,2907,0901400010755,622.5883828211312,-0.15853565767495864,0.0002686214009208904,-4.2586070460562097e-05,0.999,Not significant
2,2908,090140001037A,788.1418390460306,0.01701651981983292,0.2002307420989767,0.003407230391467091,0.494,Not significant
2,2909,0901400010488,705.7991917304289,-0.07029927150561217,0.17702856050745736,-0.012444978839361437,0.55,Not significant
2,2910,0901400010242,2072.3204589809397,1.3787540405127006,0.1926927646966885,0.26567592790312233,0.552,Not significant
2,2911,0901400010064,1102.816895918431,0.3506966053760224,0.26425274729752274,0.0926725414385291,0.336,Not significant
2,2912,090140001012A,844.7128795318052,0.07700420939686334,0.3919149436586766,0.03017910038725263,0.159,Not significant
2,2913,090140001044A,1021.382792090784,0.26434422968258,0.038993736546031874,0.010307769249706262,0.904,Not significant
2,2914,0901400010079,1150.2068186135623,0.40094867688299507,0.23890730862974346,0.09578956929277299,0.364,Not significant
2,2915,0901400010577,1171.830869244557,0.4238787277625842,0.6420965338961354,0.27217106188865886,0.049,High-High
2,2916,0901400010789,1567.949549156378,0.8439212831437004,0.3657992047200242,0.308705734220268,0.209,Not significant
2,2917,0901400010897,684.5878654783434,-0.092791671217567,0.6193251720259597,-0.05746821773939598,0.053,Not significant
2,2918,090140001090A,723.754847938798,-0.05125917039503821,0.34433022150600817,-0.017650081496337722,0.356,Not significant
2,2919,0901400010134,1090.5233696189466,0.3376606026239433,0.5507077876999235,0.18595232346445478,0.06,Not significant
2,2920,0901400010952,551.4871398124682,-0.2339311119130189,0.16689044535961753,-0.03904086745063425,0.562,Not significant
2,2921,0901400011005,874.0398562092479,0.10810241013795845,-0.09100399750348105,-0.009837751462315055,0.743,Not significant
2,2922,0901400010740,670.4811156082424,-0.1077504084951892,0.0891458656997342,-0.009605503444803636,0.759,Not significant
2,2923,0901400010401,673.1643202131423,-0.10490514979872113,-0.010779784942979995,0.001130854954241315,0.971,Not significant
2,2924,0901400010416,534.3733389681669,-0.2520785131931707,0.1007974644493583,-0.02540887497203572,0.711,Not significant
2,2925,0901400010280,1602.1934414720365,0.8802333602153167,0.041663617021591236,0.03667370560963932,0.873,Not significant
2,2926,0901400010295,909.040115288492,0.14521653529337775,0.07827903520622939,0.01136741027875697,0.793,Not significant
2,2927,0901400010308,770.4891438368071,-0.0017023227419387659,0.20816385396794096,-0.0003543620626592461,0.413,Not significant
2,2928,0901400010721,1090.6745504351318,0.33782091411536086,0.42268394668173515,0.14279147724991223,0.188,Not significant
2,2929,0901400010736,1282.6375912349793,0.5413777022331211,0.4524110132074157,0.24492523479518893,0.101,Not significant
2,2930,090140001076A,635.7887981917254,-0.14453799362742908,0.08703001439695045,-0.012579143666301485,0.739,Not significant
2,2931,0901400010774,1061.527989053252,0.30691402498268305,0.045515909741463564,0.013969471059501096,0.873,Not significant
2,2932,0901400010806,1843.744624349801,1.1363732022795527,0.4723500183944729,0.5367659029997328,0.152,Not significant
2,2933,0901400010810,692.4773597134846,-0.08442568524606217,0.18285757674027805,-0.015437876218732374,0.46,Not significant
2,2934,0901400010238,963.7573192002316,0.203238424489598,0.5403399020773493,0.10981783038706414,0.058,Not significant
2,2935,0901400010223,3010.923179097217,2.3740443538427147,0.8592892401548686,2.0399907689074626,0.018,High-High
2,2936,0901400010539,1019.913918727182,0.26278664264498813,0.45590405369047543,0.11980549563756045,0.128,Not significant
2,2937,0901400010666,844.3457013807415,0.07661485525459653,0.40680073558451985,0.031166979474271387,0.16,Not significant
2,2938,0901400010651,2449.173491362028,1.7783673855832043,0.34180845193739895,0.6078610030421545,0.21,Not significant
2,2939,0901400010505,1032.8740372718564,0.2765294969652112,0.3382479559577754,0.09353553711051453,0.152,Not significant
2,2940,0900600010185,314.77938673485806,-0.48493500171537546,0.008405643982316526,-0.0040761909789835,0.975,Not significant
2,2941,0900600010147,103.99615768061044,-0.7084486370307779,-0.33575525797595585,0.23786535488898314,0.22,Not significant
2,2942,0900600010950,387.6822631135318,-0.4076291031509642,0.13427526554080887,-0.05473450606775749,0.618,Not significant
2,2943,090060001001A,868.4153625291141,0.10213822107559396,-0.00279302012210296,-0.00028527410669993455,0.99,Not significant
2,2944,0900600010024,347.3394288812441,-0.4504084721673891,0.11981572886698443,-0.0539660193806006,0.714,Not significant
2,2945,0900600010927,165.2366801872378,-0.6435094486736804,0.17499246441191202,-0.11260930429575815,0.621,Not significant
2,2946,0900600010999,729.556473639104,-0.045107151295449774,-0.05674604190220731,0.002559652297500798,0.86,Not significant
2,2947,0900600010058,289.614618412068,-0.5116196145042283,0.10011889699147045,-0.05122279148336466,0.767,Not significant
2,2948,0900600010109,1210.4357821891094,0.4648152124724318,0.15599897227219497,0.0725106954421813,0.642,Not significant
2,2949,0900600010128,788.3017386045361,0.017186076628347844,-0.015499761606746034,-0.00026638009069466123,0.95,Not significant
2,2950,0900600010132,481.6040611009944,-0.30803482993611625,0.03904224957273777,-0.012026372707461685,0.867,Not significant
2,2951,0900600010151,36.78577709623251,-0.7797182373815715,0.18620853019900407,-0.14519018695218058,0.373,Not significant
2,2952,0900600010166,619.119053306502,-0.16221451986623012,-0.32353257565421123,0.05248168142083265,0.337,Not significant
2,2953,0900600010039,833.3503214018871,0.06495540131333706,0.09510013293490199,0.006177267299738262,0.734,Not significant
2,2954,0900600010217,689.0505779372296,-0.08805942999738772,0.07783416737115954,-0.006854032413025584,0.751,Not significant
2,2955,0900600010221,1362.710423600107,0.6262865914850474,0.4258023367209881,0.26667429411135607,0.08,Not significant
2,2956,0900600010236,545.9106906931313,-0.23984435472843085,0.8983837286902341,-0.21547226570623088,0.02,Low-High
2,2957,0900600010965,528.0435288904353,-0.25879061674940645,-0.27201957394120474,0.07039611330815515,0.332,Not significant
2,2958,0900600010240,1463.491081668195,0.7331539706183254,-0.1022834307611637,-0.07498950339101174,0.679,Not significant
2,2959,0900600010255,853.0596240017079,0.08585506156326855,0.6443252916310639,0.055318587579755954,0.051,Not significant
2,2960,0900600010274,1045.287511297629,0.28969269177365425,-0.1913751221311908,-0.05543997426869649,0.496,Not significant
2,2961,0900600010378,594.7916057812524,-0.18801124125962812,0.18809276725173135,-0.03536355464295634,0.47,Not significant
2,2962,0900600010490,792.77081353962,0.021925064591097315,-0.05582976607869875,-0.001224071227381324,0.855,Not significant
2,2963,0900600010503,1552.429581519672,0.8274639757857,-0.10532494501800135,-0.08715259775400565,0.679,Not significant
2,2964,0900600010518,886.9319431783405,0.12177312406616479,0.28423360549457555,0.034612014105664286,0.296,Not significant
2,2965,0900600010537,649.0800884236561,-0.13044396626528842,0.1707934537452614,-0.022278975518678974,0.622,Not significant
2,2966,0900600010541,1646.4928695911162,0.9272082844809498,0.04311960951273226,0.03998085916378893,0.838,Not significant
2,2967,0900600010749,540.617258791651,-0.24545748729549047,-0.02277506738201167,0.005590310812574068,0.929,Not significant
2,2968,0900600010804,1259.018492805948,0.5163321111942514,0.08436469424968153,0.043560200692195586,0.778,Not significant
2,2969,0900600010876,525.0119110305649,-0.26200533137251497,0.02691588777010638,-0.007052106094392145,0.927,Not significant
2,2970,0900600010931,870.7992020593647,0.10466603432622856,-0.11569574325079156,-0.012109414634485876,0.694,Not significant
2,2971,0900600010946,528.7981828866119,-0.25799038487684445,0.11497599289561644,-0.02966270065873742,0.684,Not significant
2,2972,090060001097A,189.69273223866057,-0.6175763555903147,-0.32022770783121796,0.19776506076144365,0.238,Not significant
2,2973,0900600010984,426.97132046865033,-0.36596715463181595,-0.21036877504691773,0.07698806202730105,0.505,Not significant
2,2974,0900600011003,517.3757163931804,-0.27010271953302434,0.014295610949673835,-0.0038612833948929834,0.961,Not significant
2,2975,0900600011018,320.937003653039,-0.4784054910496667,0.5568260609128578,-0.26638864510026733,0.065,Not significant
2,2976,0900600011022,928.6909776123056,0.16605422572437337,-0.09434125404115203,-0.015665763893669908,0.73,Not significant
2,2977,0900600011037,1875.7101387158325,1.170269297109942,-0.06113896283697235,-0.0715490510652545,0.865,Not significant
2,2978,0900600011056,1467.2275566240353,0.7371161126938218,-0.14070521900122956,-0.10371608406591921,0.626,Not significant
2,2979,0900600011060,1277.303515715102,0.5357214713468024,0.30282763748734826,0.16223126751919828,0.321,Not significant
2,2980,0900600011075,1067.675324895303,0.3134326336391994,0.03967835399419125,0.01243649099086781,0.896,Not significant
2,2981,090060001108A,1293.812190204401,0.5532271992260931,0.18705147021246712,0.10348196097676617,0.526,Not significant
2,2982,090060001115A,893.2644358221082,0.12848807220396138,0.06824475968037753,0.00876863760935434,0.855,Not significant
2,2983,0900600011198,380.3015088354481,-0.4154556234460851,-0.009425395794841696,0.003915833686172066,0.972,Not significant
2,2984,0900600010626,564.3885530150956,-0.22025050848662756,-0.006322673098740475,0.0013925719649923107,0.986,Not significant
2,2985,0900600010414,736.0023998638083,-0.03827191867318196,-0.14058139603549294,0.00538031975603277,0.597,Not significant
2,2986,0900600010683,365.27951810994807,-0.4313848782155272,0.34433210793604485,-0.14853966444768646,0.233,Not significant
2,2987,0900600010043,997.3430981162444,0.23885264092465144,-0.03589084598281652,-0.008572623348015644,0.888,Not significant
2,2988,0900600010077,596.3136663735166,-0.18639725471205637,0.05637048383473282,-0.01050730343358455,0.842,Not significant
2,2989,0900600010081,1363.1780423927778,0.6267824524544452,-0.031006776577557037,-0.019434503465988247,0.934,Not significant
2,2990,0900600010096,589.4564957370022,-0.19366856915117106,0.2825183567586427,-0.05471492591238641,0.34,Not significant
2,2991,0900600010344,1027.5630172954027,0.2708977140786117,0.2615508108606611,0.07085351677756042,0.402,Not significant
2,2992,0900600010359,846.9394840670749,0.07936529133075759,0.28129426233332494,0.022325001079754887,0.288,Not significant
2,2993,0900600010363,1355.4401476015853,0.6185772218854494,0.1750222283063786,0.10826476375396053,0.543,Not significant
2,2994,0900600010452,2174.418234704392,1.487018085579077,0.09753735337809252,0.14503980849274106,0.717,Not significant
2,2995,0900600010467,292.1743414068852,-0.5089052951793983,0.2977630760565057,-0.15153320611406165,0.282,Not significant
2,2996,0900600010471,835.4804696297363,0.06721420139104485,1.1715461084385317,0.07874453607148234,0.011,High-High
2,2997,0900600010522,949.325177907621,0.1879346435380939,0.06958396589004484,0.01307723782551246,0.817,Not significant
2,2998,090060001058A,775.4185643773827,0.0035248137336055616,0.09131201954047326,0.00032185786051951956,0.733,Not significant
2,2999,0900600010607,739.7713795363526,-0.03427530873500024,0.13347759808352927,-0.004574985883519242,0.628,Not significant
2,3000,0900600010611,1499.7779583798765,0.7716324196128722,0.1365792161122873,0.10538895099755363,0.591,Not significant
2,3001,0900600010630,1596.2621881670918,0.8739438845577279,0.5301661908260744,0.4633355002717131,0.094,Not significant
2,3002,0900600010664,544.3093474061506,-0.24154241230666856,0.16125491692643323,-0.03894990163072212,0.576,Not significant
2,3003,0900600010698,1564.4933491420377,0.8402563434184268,0.5738907553709344,0.4822153476296202,0.067,Not significant
2,3004,0900600010700,823.7385772682921,0.05476314890947817,1.1323450339213386,0.06201077970954237,0.013,High-High
2,3005,0900600010715,4549.332436008117,4.0053669555404365,0.337081138595773,1.350133653867455,0.305,Not significant
2,3006,090060001072A,1136.1952417588209,0.3860908606641421,1.8414909306873766,0.7109828183343013,0.009,High-High
2,3007,0900600010787,1125.144982388462,0.3743732128506563,0.10660296239023974,0.039909293529431726,0.728,Not significant
2,3008,0900600010791,773.1394765066659,0.0011080786950885683,0.35149236371229053,0.0003894811997159113,0.236,Not significant
2,3009,0900600010823,533.993352297228,-0.2524814494351765,0.036721948600504616,-0.009271610808739455,0.876,Not significant
2,3010,0900600010838,486.4471395306716,-0.302899250265989,-0.01205697266816765,0.0036520479816655026,0.973,Not significant
2,3011,0900600010842,1522.0568723418346,0.7952568847700825,-0.23739301282639166,-0.18878842784650046,0.385,Not significant
2,3012,0900600010880,655.6858213067063,-0.12343927534543797,-0.3512630561084285,0.04335965710164833,0.206,Not significant
2,3013,0900600010895,205.81392845697653,-0.6004815080137014,-0.19504351552969454,0.11712002433356476,0.47,Not significant
2,3014,0900600010908,141.93971954637493,-0.6682134461786193,-0.11228592019816278,0.07503096169295179,0.728,Not significant
2,3015,0900600011111,245.05611815515465,-0.5588692577576857,0.06456810996478131,-0.03608513169083396,0.843,Not significant
2,3016,0900600011126,667.3817168371253,-0.11103699770692474,-0.26348082293625447,0.02925611953219153,0.385,Not significant
2,3017,0900600011130,1081.3637366758492,0.3279477669944088,0.14103241697613783,0.04625126622114875,0.609,Not significant
2,3018,0900600011179,569.6816786413814,-0.21463770069247531,-0.17241043066488274,0.03700577841330987,0.543,Not significant
2,3019,0900600011183,364.6062702376952,-0.43209878738216617,-0.15729666704181877,0.06796769908802623,0.647,Not significant
2,3020,0900600011200,540.7301392016748,-0.2453377893910912,-0.24241457138683553,0.059473455060235096,0.366,Not significant
2,3021,0900600010170,820.1735241136571,0.05098278177941561,-0.2993485182362775,-0.01526162018123155,0.315,Not significant
2,3022,0900600010556,1035.5252580028375,0.2793408400984575,0.20364691614521582,0.056886900639464714,0.483,Not significant
2,3023,0900600010645,896.870429211459,0.1323118521839601,0.29887799890205813,0.03954510161176691,0.379,Not significant
2,3024,090060001065A,575.4491523153205,-0.20852189625569897,0.39998019791782913,-0.0834046293345555,0.123,Not significant
2,3025,0900600010289,176.68404385244568,-0.6313707131629459,-0.003447830206455437,0.0021768590163145163,0.994,Not significant
2,3026,0900600010202,675.3245373493805,-0.1026144647790559,0.14418040454256292,-0.014794995043762854,0.607,Not significant
2,3027,090060001026A,641.1373620534858,-0.13886639936529263,-0.12134605098095128,0.01685088917692194,0.636,Not significant
2,3028,0900600010679,1013.7876748138708,0.2562903997795719,0.2356924718693759,0.060405717840437856,0.461,Not significant
2,3029,0900600010310,685.5231525447064,-0.09179989680930764,0.20940618570765168,-0.019223466239193136,0.492,Not significant
2,3030,0900600010325,1450.3574933946347,0.7192271697389078,0.008991534504717283,0.0064669559134375425,0.981,Not significant
2,3031,0900600010382,715.9013955009588,-0.05958693779870718,-0.046570580143576956,0.002774998262265028,0.87,Not significant
2,3032,0900600010397,573.6929195262533,-0.21038419800003508,-0.03770949756832695,0.007933482402896739,0.87,Not significant
2,3033,0900600010575,819.222362696897,0.04997417427783358,-0.06594397035878317,-0.003295495467282122,0.782,Not significant
2,3034,0900600010594,816.7833837432829,0.04738789141830048,0.018850487855479915,0.0008932848716774741,0.961,Not significant
2,3035,0900600010753,624.7048515625389,-0.15629136326621462,-0.18590251896146182,0.02905495812311018,0.478,Not significant
2,3036,0900600010768,571.7606563087564,-0.21243316165841894,-0.3127480635168792,0.06643805993543868,0.245,Not significant
2,3037,0900600010772,422.3762798987283,-0.3708397160154387,0.004091703941480973,-0.0015173663276780553,0.985,Not significant
2,3038,0900600011164,255.9098236268077,-0.5473600348584223,0.2909661088318605,-0.15926321947282668,0.309,Not significant
2,3039,0900600011041,1080.9511005747029,0.3275102094361372,0.10488401320754481,0.03435058513210558,0.716,Not significant
2,3040,0900600011094,875.4509402932282,0.10959871767039962,-0.19768171657594183,-0.021665662643606604,0.518,Not significant
2,3041,0900600011107,425.0529509164776,-0.3680013855068642,-0.10088295005501866,0.037125065394266646,0.741,Not significant
2,3042,0900600010293,670.1897052155626,-0.10805941883025609,-0.055313783435755465,0.005977175291370381,0.857,Not significant
2,3043,0900600010429,762.2537409910967,-0.01043510872586448,0.04648263296787081,-0.0004850513288841846,0.902,Not significant
2,3044,0900600010448,1213.80742963001,0.4683904930101618,0.6382193475846965,0.2989358748638198,0.069,Not significant
2,3045,0900600010433,1117.7552555679815,0.36653717810992154,0.12986970773263282,0.04760207619427949,0.662,Not significant
2,3046,0900600010486,1344.895632585948,0.6073958632244321,0.2836055948254311,0.17226086508427124,0.311,Not significant
2,3047,0900600010734,3826.255645484058,3.2386194169085467,0.1274117166278861,0.4126380594127215,0.681,Not significant
2,3048,090060001019A,808.4577658456333,0.03855944177882881,-0.011189669657313222,-0.00043146741567549646,0.971,Not significant
2,3049,090060001033A,960.188275337177,0.1994538256293815,0.20108703042961001,0.04010757750363757,0.496,Not significant
2,3050,0900200010148,233.6134297251444,-0.571003035668996,-0.2183345087116232,0.12466966726563569,0.465,Not significant
2,3051,0900200010190,605.4778620523837,-0.1766795807770105,-0.0923714130223713,0.016320142528572647,0.716,Not significant
2,3052,0900200010932,175.51312182458602,-0.6326123538773998,-0.33946419463179867,0.21474924322311792,0.192,Not significant
2,3053,0900200010237,827.1425933211245,0.05837275298497481,-0.34280853321146476,-0.020010677830294366,0.305,Not significant
2,3054,0900200010595,1863.8248241267588,1.1576661603111063,-0.05127140458507876,-0.05935517007976538,0.881,Not significant
2,3055,0900200010608,992.9014302332062,0.23414271528276825,0.26324204513717386,0.06163620722500693,0.39,Not significant
2,3056,0900200010612,1205.167666152204,0.459228924739981,0.5759459044813946,0.2644910184233866,0.11,Not significant
2,3057,0900200010627,1088.9845433743724,0.33602883785030935,0.3466858200113746,0.11649643319760372,0.437,Not significant
2,3058,0900200011038,598.1649942247119,-0.18443411457022466,-0.17372612143090396,0.0320410233838281,0.645,Not significant
2,3059,0900200011076,98.60893581105756,-0.7141612240791739,-0.23225665543908933,0.16586869734891496,0.424,Not significant
2,3060,0900200011080,313.82673415885336,-0.48594519043584805,0.1440003487883134,-0.06997627691476549,0.719,Not significant
2,3061,0900200011165,269.26949385933875,-0.5331934976358642,-0.3804346206115976,0.20284526598567076,0.179,Not significant
2,3062,0900200011042,486.312994644354,-0.30304149693017746,-0.35682112225317847,0.10813160702390906,0.299,Not significant
2,3063,0900200010665,752.6130620205063,-0.020658043507221543,-0.25465403962679917,0.005260654229900136,0.376,Not significant
2,3064,0900200010010,1034.199185200548,0.277934678165829,-0.36690570075250734,-0.10197581785585609,0.31,Not significant
2,3065,0900200010025,348.86866384818046,-0.4487868779435744,-0.1981120308028993,0.08891007978709442,0.562,Not significant
2,3066,090020001003A,487.8980634387522,-0.3013606967543258,-0.28728282969871716,0.08657575372355973,0.365,Not significant
2,3067,0900200011150,274.433226569179,-0.5277178975373553,-0.4998537532940852,0.26378177176451056,0.108,Not significant
2,3068,0900200011023,448.7172920616566,-0.3429078192851343,-0.0037796934665486246,0.0012960864441804586,0.988,Not significant
2,3069,0900200010684,612.1190714721466,-0.1696372706892374,-0.2855871492005286,0.04844622453429769,0.299,Not significant
2,3070,0900200010044,441.491962797564,-0.35056952755962173,-0.18341537174183112,0.06429984021870613,0.538,Not significant
2,3071,090020001081A,571.3521886003614,-0.21286629907083057,0.3887006551563585,-0.08274126990954118,0.244,Not significant
2,3072,090020001010A,795.241236708814,0.024544690762455718,-0.3344645174136643,-0.008209328150932376,0.347,Not significant
2,3073,0900200010167,1346.904106077464,0.609525639931704,-0.3466165764447739,-0.21127169056843723,0.22,Not significant
2,3074,0900200010097,487.3441951760033,-0.30194801629321083,-0.42132604880858454,0.12721856465040862,0.119,Not significant
2,3075,0900200010114,292.16134138254694,-0.5089190803496515,-0.1265974307506135,0.06442784803223091,0.632,Not significant
2,3076,0900200010186,1008.6738505654424,0.2508677224002624,-0.08053931332743605,-0.02020471409813498,0.793,Not significant
2,3077,0900200010260,752.247314219152,-0.021045880912768947,-0.06824174295931236,0.0014362075956014767,0.805,Not significant
2,3078,0900200010415,842.1387966631756,0.07427466292320897,0.45914572064305414,0.03410289363339672,0.07,Not significant
2,3079,0900200010472,915.6649306226054,0.15224146116278758,0.20622380906965082,0.03139581401931937,0.46,Not significant
2,3080,0900200010542,731.1896190665741,-0.04337537086334228,-0.13164643066542472,0.005710212752948074,0.564,Not significant
2,3081,0900200010580,856.5542535922128,0.08956075184687981,0.16489832449921932,0.014768417920440842,0.594,Not significant
2,3082,0900200010650,784.7841806341235,0.013456073188665933,-0.37769665999916474,-0.005082313900063433,0.179,Not significant
2,3083,090020001067A,416.5198802724781,-0.37704981715202424,-0.0689929275128962,0.026013770703520372,0.817,Not significant
2,3084,0900200010769,355.72057736282727,-0.44152113813402205,-0.04005322901521585,0.017684347260740738,0.895,Not significant
2,3085,0900200010788,812.1103136223119,0.042432587832201565,0.3759764117747661,0.015953652115468744,0.179,Not significant
2,3086,0900200010792,468.2872988307915,-0.322155867738787,0.18953287772550806,-0.06105912868869046,0.534,Not significant
2,3087,0900200010824,395.4285873536605,-0.3994149340303394,0.23623583285385377,-0.09435611959492429,0.343,Not significant
2,3088,0900200010858,1000.5303374808174,0.24223237592630434,-0.3673928152583854,-0.08899443453829249,0.189,Not significant
2,3089,0900200011057,535.125203961296,-0.2512812387675216,0.04425571645064299,-0.011120631252261756,0.884,Not significant
2,3090,0900200011061,326.1330679476743,-0.4728956066768089,0.08250402958740163,-0.039015793125015685,0.787,Not significant
2,3091,090020001117A,41.6611119776504,-0.7745484531078651,-0.44904066820948574,0.3478037549441793,0.164,Not significant
2,3092,0900200010843,433.48025582894593,-0.35906510739143416,0.007078752348733379,-0.0025417329722953173,0.983,Not significant
2,3093,0900200010966,378.1777370359521,-0.4177076619864166,-0.706899262193617,0.2952772380708187,0.068,Not significant
2,3094,0900200010379,701.4064546672441,-0.07495731111522667,0.0356546445354734,-0.0026725762831482963,0.909,Not significant
2,3095,0900200010398,1300.5657462780384,0.5603886412255256,0.5068895342931476,0.2840551373739765,0.11,Not significant
2,3096,0900200010275,1005.5659182595164,0.24757208426468316,-0.18595780297030767,-0.04603796086664036,0.502,Not significant
2,3097,090020001028A,256.4085408839034,-0.5468311972102463,0.10258813651776304,-0.05609839351157655,0.722,Not significant
2,3098,0900200010294,815.2641400569885,0.045776891905781165,-0.08991666689299611,-0.004116105540888815,0.744,Not significant
2,3099,0900200010307,422.2754417286852,-0.37094664438002445,0.3334523768224576,-0.12369304024283409,0.282,Not significant
2,3100,0900200010311,2089.84083896567,1.3973325765758637,0.10193665844985124,0.14243941359926443,0.711,Not significant
2,3101,0900200010326,631.3858522096699,-0.1492068587309867,0.10801596688016346,-0.01611672311097949,0.711,Not significant
2,3102,0900200010330,329.1183776918954,-0.46972999698163903,-0.36902988251286656,0.1733444055989034,0.285,Not significant
2,3103,0900200010345,323.6286217078111,-0.47555131076690876,-0.22185801385955478,0.10550486929505429,0.482,Not significant
2,3104,090020001035A,105.52987439009044,-0.7068222903863224,-0.3942441394717282,0.27866054563279163,0.065,Not significant
2,3105,0900200010468,1309.9886895993743,0.5703806900548978,0.05577754479483791,0.03181443448964762,0.856,Not significant
2,3106,0900200010487,991.4160606654148,0.23256763574074985,0.1817434618602361,0.04226764723617425,0.546,Not significant
2,3107,0900200010491,756.9128573266643,-0.016098558939575347,-0.22354729383770303,0.0035987892856288307,0.406,Not significant
2,3108,0900200010504,656.2711714259747,-0.1228185725804362,-0.24760462531012206,0.030410446644902937,0.362,Not significant
2,3109,0900200010519,519.926232755673,-0.26739816288176704,-0.3889452774182279,0.10400325264317337,0.105,Not significant
2,3110,0900200011127,67.6705248492553,-0.7469681828490038,-0.30176152341306134,0.22540625679760154,0.327,Not significant
2,3111,0900200010171,334.8796801356813,-0.4636207364909446,0.141637459549949,-0.06566606331125373,0.647,Not significant
2,3112,0900200010364,724.7064722650837,-0.05025007202617346,-0.39444512078199584,0.01982089572966798,0.15,Not significant
2,3113,0900200010383,1073.5323929206197,0.31964344354329866,0.454394392609151,0.14524418838035463,0.141,Not significant
2,3114,0900200010561,755.4983763020866,-0.017598468573309236,0.5065218242429604,-0.008914008405635004,0.083,Not significant
2,3115,0900200010576,1030.187493163323,0.27368069707336157,0.19764586954463745,0.05409185935064706,0.527,Not significant
2,3116,0900200010947,694.6714698769111,-0.08209906020520691,-0.5006129254081065,0.04109985070258489,0.18,Not significant
2,3117,0900200010896,187.26563882804885,-0.6201500350708404,-0.5834132917939306,0.36180377336680053,0.12,Not significant
2,3118,0900200011184,41.09731802680577,-0.7751462978039899,-0.32158555357671637,0.24927585128223834,0.227,Not significant
2,3119,0900200010256,535.1145951648119,-0.2512924882899771,-0.12057974720452429,0.030300784712401316,0.697,Not significant
2,3120,0900200010129,432.30877373528665,-0.36030734199726844,-0.39071489359775946,0.14077744479095428,0.119,Not significant
2,3121,0900200010133,725.2180694165173,-0.04970757659308324,-0.04423791501283501,0.002198959548818803,0.891,Not significant
2,3122,0900200010203,1561.2469092805422,0.8368138324628284,-0.0700265829103,-0.05859921321944415,0.819,Not significant
2,3123,0900200010218,1171.058202707627,0.42305939546878313,0.06946154802207297,0.029386360514544036,0.797,Not significant
2,3124,0900200010222,635.7877829671329,-0.14453907016724846,0.11517896747727194,-0.016647860861988637,0.668,Not significant
2,3125,0900200010400,2960.3336083493496,2.3203993892141885,0.18988915996110878,0.44061869079215216,0.534,Not significant
2,3126,0900200010434,432.6882335933415,-0.3599049643853936,-0.21367473490424388,0.07690259785577032,0.421,Not significant
2,3127,0900200010449,448.3793678818461,-0.34326615264129984,-0.31527381261645276,0.10822282868540384,0.259,Not significant
2,3128,0900200010557,784.1065538917085,0.012737520686819936,0.4756586105738081,0.0060587113920479085,0.123,Not significant
2,3129,0900200010631,345.5748890673963,-0.45227958264530277,0.08043132782483518,-0.036377447380223984,0.777,Not significant
2,3130,0900200010699,548.6056979750464,-0.23698658052369423,-0.12847031442940096,0.030445740515427547,0.667,Not significant
2,3131,0900200010701,816.7516854696564,0.04735427870440826,-0.040526172623252456,-0.0019190876732244567,0.888,Not significant
2,3132,0900200010716,884.0599342034916,0.11872765802265084,-0.11255679919661435,-0.01336360516313981,0.672,Not significant
2,3133,0900200010720,542.5237045136097,-0.24343590039904522,-0.15007077887908607,0.03653261518001634,0.619,Not significant
2,3134,090020001074A,732.5070415274085,-0.04197838171582577,-0.15911117824412277,0.0066792297755865785,0.624,Not significant
2,3135,0900200010754,853.6475478694027,0.08647849352010295,-0.21059329968450874,-0.018211791302143888,0.509,Not significant
2,3136,0900200010773,1526.1147243459768,0.7995598136942061,-0.14434250046260005,-0.11541046277803237,0.602,Not significant
2,3137,0900200010805,1494.7586431754034,0.7663099592198923,-0.2217707055338872,-0.16994510031383983,0.511,Not significant
2,3138,0900200010839,1545.4237529412785,0.8200350251003006,-0.27278584576869064,-0.22369394788193495,0.379,Not significant
2,3139,0900200010909,40.27392324327369,-0.7760194221137026,-0.5760439121060486,0.4470212637846523,0.064,Not significant
2,3140,0900200010985,492.5924409885639,-0.2963827988617407,-0.005924188404709599,0.0017558275403721014,0.991,Not significant
2,3141,0900200011004,927.9067321544342,0.16522261519228823,-0.14920090301341188,-0.024651363384926867,0.559,Not significant
2,3142,0900200011019,451.82230084365136,-0.33961528124183826,-0.34869297877060923,0.11842146405223479,0.388,Not significant
2,3143,0900200011095,761.2458331748184,-0.011503889866992204,-0.199648492312652,0.002296734267675788,0.48,Not significant
2,3144,0900200010970,352.8723940719505,-0.4445413395240701,-0.2133482703206181,0.09484212587347098,0.458,Not significant
2,3145,090020001099A,869.9757779009109,0.10379287886747444,-0.28667613971562966,-0.02975494184369953,0.384,Not significant
2,3146,0900200011131,73.4156933343505,-0.7408760307391572,-0.4690925977720243,0.34753946188645735,0.129,Not significant
2,3147,0900200011146,258.16086382484326,-0.5449730414521559,-0.30904762010557335,0.16842262148248474,0.264,Not significant
2,3148,0900200010877,325.7499911596107,-0.4733018196658082,-0.450503529705532,0.21322414037549775,0.072,Not significant
2,3149,0900200010881,198.5978382778803,-0.6081334192019414,-0.008256994689706842,0.005021354412983695,0.973,Not significant
2,3150,0900200010928,441.20293784125016,-0.3508760083881603,-0.22192469418890812,0.07786805085976724,0.303,Not significant
2,3151,0900200010913,424.1703748183696,-0.3689372654296441,-0.36534126641571785,0.134788007780018,0.248,Not significant
2,3152,0900200011112,1104.5525551232568,0.3525370909795491,-0.524848452636052,-0.1850285466974314,0.123,Not significant
2,3153,0901700010070,586.3853136855682,-0.19692523747393767,0.11102293547582984,-0.02186321793363145,0.681,Not significant
2,3154,0901700010865,1184.858652427942,0.4376933333765336,-0.12821394169550368,-0.056118387526049536,0.617,Not significant
2,3155,0901700011045,560.829735239631,-0.2240242636472644,0.5782451648514959,-0.1295409472634474,0.058,Not significant
2,3156,0901700010210,1077.0164408898438,0.32333791312092386,1.9080266562043802,0.6169373571962188,0.005,High-High
2,3157,0901700011308,696.2173219252235,-0.08045984529931359,0.03158889106918431,-0.0025416372886034383,0.897,Not significant
2,3158,0901700010831,1413.262489910222,0.6798917865680543,-0.12743276206996523,-0.08664048827105045,0.771,Not significant
2,3159,0901700011191,655.9332890060435,-0.12317686165460412,-0.10109761002775114,0.01245288632399942,0.747,Not significant
2,3160,0901700011219,1218.3411188596908,0.4731979976947754,0.25912902897498874,0.1226193376555561,0.424,Not significant
2,3161,0901700011223,2722.2629260291246,2.067950255067387,-0.019844893436377683,-0.04103825244354234,0.94,Not significant
2,3162,0901700010367,1466.181917620382,0.7360073215628443,2.8777789715354496,2.1180663928896832,0.001,High-High
2,3163,0901700010047,3167.96818867273,2.540574210871004,0.12634546532181018,0.3209900308570877,0.636,Not significant
2,3164,0901700010051,635.077678517883,-0.14529206189063001,0.34362937365575014,-0.049926620224629674,0.21,Not significant
2,3165,0901700010140,104.06235711304736,-0.7083784394355224,0.03480801911955166,-0.024657250263749833,0.841,Not significant
2,3166,0901700010032,682.3610289444838,-0.09515299916177458,1.1919243413587077,-0.11341517585420384,0.011,Low-High
2,3167,090170001048A,1048.4099830873722,0.2930037475157394,3.840481638741183,1.1252755124165545,0.001,High-High
2,3168,0901700010687,24146.24391597664,24.785848142279512,4.136164869395435,102.51835434426661,0.001,High-High
2,3169,0901700010085,680.4438143829574,-0.09718600528967723,0.07426086235800566,-0.007217116561941132,0.813,Not significant
2,3170,0901700010102,729.2992629819081,-0.04537989637716078,0.07812453832875886,-0.0035452834538726025,0.778,Not significant
2,3171,0901700010117,1815.3907192703127,1.1063068425025462,-0.040563167233492736,-0.04487530946398809,0.88,Not significant
2,3172,0901700010121,1137.5336249367108,0.38751007646644947,-0.02472167090158489,-0.00957989658145156,0.907,Not significant
2,3173,0901700010136,127.06154180267212,-0.6839902022767427,-0.45234363250971255,0.30939861269891483,0.144,Not significant
2,3174,0901700010155,1698.1279368155267,0.9819618891053145,0.789094117601466,0.7748603504018267,0.032,High-High
2,3175,0901700010329,1079.033988438161,0.3254773119192505,0.041833466522457834,0.013615844231993532,0.882,Not significant
2,3176,0901700010884,841.2353501998635,0.07331665215435525,0.25934058476962163,0.01901398344306143,0.286,Not significant
2,3177,0901700010899,3378.233432871514,2.763538577259261,4.752559339993378,13.133881076785512,0.001,High-High
2,3178,0901700011030,1973.4265644879144,1.27388737741141,-0.2252853186990185,-0.28698812380678634,0.417,Not significant
2,3179,0901700011242,765.3672666084726,-0.0071335394667266135,0.2661404833819367,-0.0018985236418987438,0.416,Not significant
2,3180,0901700011261,605.9626058413886,-0.17616556053468288,0.10394447252218589,-0.01831143626635282,0.727,Not significant
2,3181,0901700011276,2234.993787357124,1.551252142744826,-0.12772796689234858,-0.19813828233019593,0.678,Not significant
2,3182,0901700011312,472.9652849683664,-0.3171953512296898,0.7499137814831055,-0.2378691653095185,0.043,Low-High
2,3183,0901700011399,5862.010672522925,5.397325347862654,0.08835058951025467,0.4768568762623058,0.749,Not significant
2,3184,0901700011416,940.9871266315392,0.17909300959726637,0.49663561463916883,0.08894396689891695,0.071,Not significant
2,3185,0901700011435,59.35879982805837,-0.7557819005416556,-0.4142814789469231,0.3131064435177134,0.162,Not significant
2,3186,090170001144A,427.1913445668385,-0.36573384201836145,-0.2492723788908909,0.09116734484082223,0.389,Not significant
2,3187,0901700011454,506.8298102578368,-0.2812855533314334,-0.42512246894383315,0.11958080891049122,0.135,Not significant
2,3188,0901700010206,366.493638715657,-0.43009742991372935,0.057242280249214496,-0.024619757617588583,0.872,Not significant
2,3189,0901700011149,1167.0259829476545,0.41878364686683855,-0.03449006975053567,-0.014443877190820959,0.917,Not significant
2,3190,0901700011204,1121.6130645704052,0.3706279822898987,0.5674493165916193,0.2103125952601338,0.06,Not significant
2,3191,0901700011238,727.2956456595734,-0.047504523623385746,0.23867376900980086,-0.011338083698208597,0.36,Not significant
2,3192,0901700011098,296.4055067523866,-0.504418585528745,-0.07383786369678083,0.037245190764394455,0.822,Not significant
2,3193,0901700011420,590.8842287102339,-0.19215460720771615,-0.4131544356772327,0.07938952830368427,0.187,Not significant
2,3194,0901700010189,521.402748895353,-0.26583247147708317,0.7554208475195678,-0.20081539090143952,0.03,Low-High
2,3195,0901700010193,1965.264657809321,1.265232526449012,-0.23627346952900855,-0.29894087878506115,0.388,Not significant
2,3196,0901700010475,1301.2315219544969,0.5610946269076763,-0.012091422106822089,-0.006784431975810569,0.96,Not significant
2,3197,0901700010511,586.2373210784785,-0.19708216820205507,0.2910546015638992,-0.0573616719413985,0.305,Not significant
2,3198,0901700010526,697.0188948233196,-0.07960986082366231,0.09977061235519459,-0.007942724563888604,0.697,Not significant
2,3199,0901700010530,860.9303805417562,0.09420117816297166,0.37250490022479776,0.03509040047265616,0.198,Not significant
2,3200,0901700010278,538.9351203675487,-0.24724121969185706,0.35648114747716003,-0.08813683369940582,0.283,Not significant
2,3201,0901700010244,388.3765994059788,-0.4068928319136718,0.7886681046887439,-0.32090339855679123,0.056,Not significant
2,3202,0901700010259,773.6926782753017,0.0016946914864642195,-0.05123801688116551,-8.683263099182116e-05,0.874,Not significant
2,3203,0901700010282,378.2303507254472,-0.4176518706549185,0.05814861115228185,-0.02428587622373597,0.855,Not significant
2,3204,0901700010297,513.0480972923594,-0.2746917083336272,0.11807957039040694,-0.032435478909841664,0.694,Not significant
2,3205,090170001030A,2894.3246625320703,2.2504037851561427,-0.1566582720193784,-0.3525443683284298,0.625,Not significant
2,3206,0901700010314,634.6895537073599,-0.14570362778107282,0.46214177377066384,-0.06733573298756557,0.127,Not significant
2,3207,0901700010333,1406.937786754657,0.6731850983702599,0.2045265335198553,0.13768421458689203,0.501,Not significant
2,3208,0901700010615,1660.5357473507174,0.942099292045553,-0.14899906036274213,-0.140371909283192,0.498,Not significant
2,3209,0901700010371,3268.590437968721,2.647273614019304,0.09482882060453238,0.25103783463494866,0.702,Not significant
2,3210,0901700010386,1286.439708196152,0.5454094508105535,0.07695749699295684,0.041973346170683414,0.771,Not significant
2,3211,0901700010390,607.5837968964765,-0.17444645646796295,1.0463579771511864,-0.1825334413110102,0.029,Low-High
2,3212,0901700010403,314.9661693778089,-0.48473693819899855,0.6214702360552855,-0.30124957940724795,0.086,Not significant
2,3213,0901700010653,1102.6550205391875,0.35052495341564044,0.30693611258894693,0.10758876656681839,0.264,Not significant
2,3214,0901700010418,291.40608366416427,-0.5097199524066608,-0.17366916479426858,0.08852263841343912,0.484,Not significant
2,3215,0901700010422,783.8525043472484,0.012468127635545114,0.07365076590183439,0.0009182871497197252,0.788,Not significant
2,3216,0901700010437,579.9969916142752,-0.20369938689809725,0.3736810972278174,-0.07611861040071467,0.208,Not significant
2,3217,0901700010441,230.5607249275258,-0.5742401107907785,0.031018811264085677,-0.01781224561688681,0.897,Not significant
2,3218,0901700010545,684.497584679852,-0.09288740459047583,0.08826976577696333,-0.00819914944683133,0.765,Not significant
2,3219,090170001055A,1885.3727428978527,1.180515481291803,-0.10173754884777828,-0.1201027514434833,0.727,Not significant
2,3220,0901700010564,567.531912779863,-0.21691730322509076,0.1136231262643176,-0.024646822133259756,0.7,Not significant
2,3221,0901700010579,4143.38127714359,3.5748980814965767,9.493688662093126,33.938969384442515,0.001,High-High
2,3222,0901700010583,9413.882267175306,9.163714808050452,5.489116235007067,50.300695725844406,0.001,High-High
2,3223,0901700010598,195.56901985873083,-0.6113451653100729,0.9742941676923852,-0.5956300290085411,0.012,Low-High
2,3224,090170001062A,2502.0540600648965,1.8344417146527248,0.23145413225405292,0.42458911523558335,0.45,Not significant
2,3225,0901700010649,990.8980219783914,0.23201830973084794,0.48716974006962666,0.11303229964297132,0.117,Not significant
2,3226,0901700010668,704.7935666451342,-0.07136563204855997,0.29431324345069326,-0.021003850639120428,0.31,Not significant
2,3227,0901700010672,607.2123516006712,-0.17484033547227823,0.10032367512922757,-0.017540625015406004,0.739,Not significant
2,3228,0901700010691,6026.109408595315,5.571334946324412,7.224904125261832,40.25236083691465,0.001,High-High
2,3229,0901700010704,131.7275923054609,-0.6790423422637661,2.4696062798181395,-1.6769672327170153,0.003,Low-High
2,3230,0901700010780,1496.5186440465332,0.7681762566223448,0.14978500895591265,0.11506128747789737,0.608,Not significant
2,3231,0901700010808,1219.3568172240412,0.47427503989978603,-0.047283269428897746,-0.02242527449498281,0.902,Not significant
2,3232,0901700010812,993.5826275066064,0.2348650539604125,-0.039682794036646395,-0.009320101562716891,0.897,Not significant
2,3233,0901700011079,204.04380941859975,-0.602358534677463,-0.22481792306249201,0.1354209947051533,0.385,Not significant
2,3234,0901700011083,1048.822172534782,0.29344083144429767,-0.4045876589455477,-0.11872253903308345,0.195,Not significant
2,3235,0901700011346,280.7770721949589,-0.5209909107459496,-0.2819033047675581,0.14686905949314308,0.282,Not significant
2,3236,0901700011350,782.275465947758,0.01079584285613614,-0.29562332034827016,-0.003191502911089118,0.329,Not significant
2,3237,0901700011365,378.7740602983818,-0.4170753233472998,-0.3619018423264838,0.15094032790830175,0.229,Not significant
2,3238,090170001137A,524.7842993088644,-0.26224668986951655,-0.14968596326494346,0.039254648386161474,0.596,Not significant
2,3239,0901700011384,359.1815829679709,-0.4378511025807972,-0.0235199391567659,0.010298231292423214,0.948,Not significant
2,3240,090170001151A,34.10683110234124,-0.7825589802651249,-0.21286672394812006,0.16658076642521868,0.551,Not significant
2,3241,0901700011524,1124.4020271004244,0.37358538623821097,-0.18564857897335008,-0.069355596080334,0.541,Not significant
2,3242,0901700010494,541.796519642675,-0.24420700412858884,0.7270518896503513,-0.17755116381754166,0.05,Not significant
2,3243,0901700010742,56.23518649523019,-0.7590941667711497,-0.28044276122241907,0.2128824641571327,0.28,Not significant
2,3244,0901700011011,1333.6380279365922,0.5954583473631795,-0.014233770005950164,-0.008475617164490678,0.966,Not significant
2,3245,0901700011401,1978.5620020262063,1.2793329734309273,1.3642016205761522,1.7452681156109786,0.023,High-High
2,3246,0901700010600,46.639001919382906,-0.7692699198864662,-0.08837188434303905,0.0679818323887857,0.788,Not significant
2,3247,0901700010456,835.809393424241,0.06756299077709492,-0.005939566935842466,-0.00040129490610626246,0.991,Not significant
2,3248,0901700010901,857.4036432250374,0.09046144098369427,1.462255460686029,0.1322777360599339,0.016,High-High
2,3249,0901700010460,541.7884449644537,-0.2442155664828679,0.11841840467816862,-0.028919617780476446,0.671,Not significant
2,3250,0901700010263,803.1531815908568,0.03293448330399304,0.2598525955154179,0.008558110968501786,0.409,Not significant
2,3251,0901700010066,687.4541185205244,-0.08975230874045628,0.666775036804137,-0.059844598963674,0.059,Not significant
2,3252,090170001009A,648.1805817810704,-0.13139779926508058,0.4785859767894734,-0.06288514410926574,0.12,Not significant
2,3253,090170001016A,2563.6574829914985,1.8997657210643228,0.6044207485748044,1.148257819242451,0.063,Not significant
2,3254,0901700010174,1295.2257866460054,0.5547261708518223,0.6135216058907338,0.3403364911706276,0.073,Not significant
2,3255,0901700010225,1448.7076641330923,0.7174776978404477,0.6866465317941827,0.49265357286181793,0.048,High-High
2,3256,090170001023A,619.5017450945339,-0.16180871512961914,0.2638558576488823,-0.04269417730558934,0.353,Not significant
2,3257,0901700010846,1084.86790978878,0.33166357718841666,0.007952738221820004,0.0026376336070918706,0.982,Not significant
2,3258,090170001087A,739.7343115494234,-0.03431461546993137,0.24262229182966485,-0.00832549064856842,0.466,Not significant
2,3259,0901700010916,529.3712119165094,-0.25738274734235783,0.08810626557491832,-0.02267703269174788,0.782,Not significant
2,3260,0901700010920,369.0950008123995,-0.4273389566631608,-0.2857422238993878,0.12210878383577567,0.336,Not significant
2,3261,0901700010935,44.83228360695098,-0.7711857562640303,-0.4136301236360234,0.31898565970983106,0.116,Not significant
2,3262,090170001094A,548.4620680851443,-0.23713888504514977,-0.32739461943188203,0.07763799502185763,0.2,Not significant
2,3263,090170001105A,689.8882835482123,-0.08717113054740323,0.273901843045961,-0.023876333317333815,0.27,Not significant
2,3264,0901700011064,1012.9753023583282,0.25542896349935584,-0.09042983545471217,-0.02309839913961443,0.749,Not significant
2,3265,0901700011257,586.1512103389948,-0.1971734796622128,0.24281618151345458,-0.04787691142729931,0.459,Not significant
2,3266,0901700011280,1333.0900636883416,0.5948772884160379,0.09651131341609313,0.05741238842643587,0.736,Not significant
2,3267,0901700011327,750.3717968631718,-0.023034671502101804,1.0718572665604391,-0.024689880032360483,0.018,Low-High
2,3268,0901700011331,681.0179412124331,-0.09657720365320925,0.16688176830009693,-0.016116974523126142,0.559,Not significant
2,3269,0901700011295,694.1200238011968,-0.0826838112673116,0.13289415152930537,-0.010988194943578593,0.629,Not significant
2,3270,0901700011026,738.3378535706515,-0.0357954135429136,-0.053474871898576214,0.001914155153763865,0.901,Not significant
2,3271,0901700011488,259.4418310701865,-0.5436147092593563,-0.2549061026174587,0.13857070686282547,0.478,Not significant
2,3272,0901700011492,464.9746027457452,-0.32566863651069555,-0.12096872155004823,0.0393957186076462,0.713,Not significant
2,3273,0901700010954,330.37931931778587,-0.4683928998701285,-0.20917158632760877,0.0979744858904236,0.496,Not significant
2,3274,0901700010757,434.9919425582043,-0.3574621212438615,-0.28215418067208314,0.10085943194086659,0.317,Not significant
2,3275,090170001112A,683.6752327308244,-0.09375942308293646,-0.26264444943447224,0.024625392054911592,0.387,Not significant
2,3276,0901700011134,654.6529502249722,-0.12453452742657548,0.06133288908722826,-0.0076380623581845395,0.851,Not significant
2,3277,0901700011115,792.1624803951216,0.021279990724358665,-0.05666089744458601,-0.0012057433720546278,0.844,Not significant
2,3278,0901700011153,1305.61520996667,0.5657430709422687,0.019675941592950084,0.011131527620476296,0.948,Not significant
2,3279,0901700010634,742.4468438168547,-0.03143825784544573,0.32348567261697664,-0.010169825985039955,0.176,Not significant
2,3280,0901700011172,905.8933789779963,0.1418797495571803,-0.048935100212104225,-0.006942899762648868,0.926,Not significant
2,3281,0901700010992,230.10930869540735,-0.5747187906342077,0.005446018388444787,-0.0031299291019786448,0.993,Not significant
2,3282,0901700011100,430.2888655146754,-0.36244924404240736,-0.1613880342731538,0.05849497101979472,0.546,Not significant
2,3283,0901700011187,650.8765178946122,-0.12853904013125625,0.4730042152776939,-0.06079950780983286,0.099,Not significant
2,3284,0901700010988,439.7432185774299,-0.35242388845746325,-0.2653022112074315,0.0934988368900862,0.375,Not significant
2,3285,0901700010969,1064.82012023684,0.31040498682096845,-0.2960726129764983,-0.09190241552901965,0.309,Not significant
2,3286,0901700010973,505.3780144720662,-0.2828250313784732,-0.09165357741823339,0.025921925909261182,0.788,Not significant
2,3287,0901700011007,837.2486159574229,0.06908913620082094,0.18471877717903004,0.012762060755371101,0.56,Not significant
2,3288,0901700010507,897.9166135840533,0.13342122162183181,0.37752860477886535,0.05037032764678195,0.231,Not significant
2,3289,0901700010761,395.6193330325455,-0.3992126681275937,0.016575940931287413,-0.006617325605904638,0.964,Not significant
2,3290,0901700010795,1102.0482573116822,0.3498815442821722,0.1657200579455802,0.05798238979253067,0.5,Not significant
2,3291,0901700011168,801.0165796221388,0.030668839707047795,-0.08651473430731127,-0.002653306518768758,0.692,Not significant
2,3292,0901700010827,118.9809214971931,-0.6925588575164641,-0.14921090070267976,0.10333733091965046,0.643,Not significant
2,3293,0901700011505,63.3601399691768,-0.7515388965555813,-0.43287834187449087,0.3253249113951645,0.102,Not significant
2,3294,0901700011469,391.3665628389082,-0.403722287466883,-0.34662865786890085,0.13994171465640823,0.267,Not significant
2,3295,0901700011473,413.6337939261537,-0.38011021078009166,-0.3152956399763217,0.11984709216944354,0.322,Not significant
2,3296,0901700010013,1298.083335065839,0.5577563029845947,-0.07673839610789328,-0.04280132411010596,0.801,Not significant
2,3297,0901700010028,641.4003481911033,-0.1385875299888239,0.39150586240357527,-0.05425783044665585,0.172,Not significant
2,3298,0901700010723,842.6837250572102,0.07485250266351341,-0.1724756348508626,-0.012910232917065358,0.534,Not significant
2,3299,0901700010738,113.75703410247333,-0.6980982453857505,-0.20438239616642329,0.14267899215151544,0.501,Not significant
2,3300,0901700010719,1583.9182225819716,0.8608543962027109,-0.3347037129717484,-0.28813116273709993,0.201,Not significant
2,3301,0901700010348,765.2727342164641,-0.007233781211232068,0.36171713892100776,-0.0026165826433074057,0.233,Not significant
2,3302,0901700010352,1178.557350125625,0.4310114593435207,0.05824812068184283,0.02510560749909859,0.851,Not significant
2,3303,0901700010776,447.9046390214827,-0.34376955309609436,0.031100738842924247,-0.010691487092990412,0.914,Not significant
2,3304,0901100011323,71.3348426371268,-0.7430825559260608,-0.45482149846285785,0.33796992156790134,0.181,Not significant
2,3305,0901100011446,675.577896469054,-0.1023458038512742,-0.44590860894874496,0.04563687502706278,0.134,Not significant
2,3306,090110001108A,137.31881227176194,-0.673113436505356,-0.41238067038346493,0.27757897019019656,0.16,Not significant
2,3307,0901100010132,243.26946704919823,-0.5607638149552597,-0.159023846141755,0.08917481863130879,0.49,Not significant
2,3308,0901100010452,752.4289526956691,-0.020853272248495064,-0.04272992855653184,0.0008910588333481022,0.87,Not significant
2,3309,0901100010594,1555.7732305248887,0.8310095669018812,0.11275319311324271,0.09369898217584,0.646,Not significant
2,3310,0901100011111,436.0414896525828,-0.3563491859901802,0.2272286391120529,-0.08097274058123646,0.471,Not significant
2,3311,0901100011357,503.0291123941119,-0.28531579710399657,0.046039291123693434,-0.013135737045059546,0.846,Not significant
2,3312,0901100011376,125.74971084312668,-0.6853812622201874,-0.3426572986252874,0.23485089184075914,0.182,Not significant
2,3313,0901100011412,198.88312085273984,-0.6078309067787042,-0.3865242906365297,0.23494141006959726,0.216,Not significant
2,3314,0901100210787,232.71361515940904,-0.5719571951891801,-0.41998711744822625,0.24021465371127626,0.215,Not significant
2,3315,090110001154A,630.817912351135,-0.14980909972990883,-0.3669964864353408,0.0549794132369181,0.325,Not significant
2,3316,090110011072A,855.8566211248638,0.08882098535980737,-0.5886620514826095,-0.05228554345661103,0.113,Not significant
2,3317,0901100111041,192.56552884767805,-0.6145300543428942,-0.19680980443885357,0.12094553981702306,0.683,Not significant
2,3318,0901100211018,1052.9919294560268,0.2978624238642957,-0.5039200358785664,-0.15009884332057263,0.098,Not significant
2,3319,0901100111037,317.1317231460961,-0.4824405942375145,-0.2628545344915434,0.12681169781812546,0.531,Not significant
2,3320,0901100260965,394.57188592795296,-0.40032337656108025,-0.5882678447905945,0.23549736994888026,0.11,Not significant
2,3321,0901100010768,0.0,-0.8187257182118653,-0.35820621159160926,0.2932726378532917,0.234,Not significant
2,3322,090110001040A,720.7876691842524,-0.05440555406623827,-0.3723245287077057,0.020256522276793764,0.239,Not significant
2,3323,0901100011075,712.1687587912885,-0.06354500981436743,-0.5244057044908833,0.03332336563858345,0.117,Not significant
2,3324,0901100010310,1398.8093848633798,0.6645657757411507,-0.13373705760176383,-0.08887707143045513,0.675,Not significant
2,3325,0901100011361,522.2475995650976,-0.2649365954373217,0.06140290813070567,-0.016267877430099796,0.834,Not significant
2,3326,0901100010630,1130.982965296123,0.38056378497755283,0.37530771977254845,0.14282852636793578,0.187,Not significant
2,3327,0901100010999,558.7266861474344,-0.22625432791733321,-0.048091932551728445,0.01088100787773704,0.915,Not significant
2,3328,0901100010058,962.9475855511284,0.20237978638845353,-0.11906424951130365,-0.024096197382599164,0.68,Not significant
2,3329,0901100010151,600.1185719525769,-0.18236254909613314,-0.2408771453563453,0.04392697024618292,0.477,Not significant
2,3330,0901100011056,64.27131503478331,-0.7505726904098823,0.027878130447719897,-0.02092456337374278,0.906,Not significant
2,3331,0901100010325,607.9651506191419,-0.1740420706101485,-0.029081366415201,0.0050613812270740135,0.892,Not significant
2,3332,0901100010344,437.8526771785364,-0.35442861047769664,0.0756942601084202,-0.026828211431364716,0.825,Not significant
2,3333,090110001001A,512.2438191828163,-0.27554456140393635,-0.2712834723428874,0.07475068540285781,0.372,Not significant
2,3334,0901100010607,2040.4048487393943,1.344910863802653,0.23733019045585052,0.31918795145242607,0.608,Not significant
2,3335,0901100011094,124.65453353799772,-0.6865425835543495,0.21880706570264558,-0.15022036818744058,0.492,Not significant
2,3336,090110001122A,804.6345854484397,0.03450535762385365,-0.008890968348293666,-0.0003067860424802363,0.973,Not significant
2,3337,0901100011249,654.9717235861359,-0.12419650151666271,0.10123033163461558,-0.012572453036390803,0.701,Not significant
2,3338,0901100011253,604.042724443342,-0.17820139456463496,0.3932536758619088,-0.07007835345626107,0.171,Not significant
2,3339,0901100011287,1047.5849839563962,0.2921289219628533,0.14331385696223692,0.04186612253671683,0.573,Not significant
2,3340,0901100011304,240.2885871198405,-0.5639247272936792,-0.1398416417291774,0.07886015967642675,0.618,Not significant
2,3341,0901100011338,317.91122177741954,-0.4816140172200154,0.10544370612971887,-0.050783166899700666,0.674,Not significant
2,3342,0901100011465,450.3539765149451,-0.3411722860851729,-0.12159732276193475,0.04148563658852591,0.694,Not significant
2,3343,090110001147A,1286.503522017113,0.5454771187135947,-0.0845872952201286,-0.04614043407645197,0.775,Not significant
2,3344,0901100011484,1009.66117371241,0.25191467564602077,-0.13687671837602375,-0.034481254113187754,0.645,Not significant
2,3345,0901100010077,1767.2314243694404,1.0552389319964868,-0.1249002802952343,-0.13179963838480488,0.659,Not significant
2,3346,0901100010414,488.9192160991593,-0.3002778708370853,-0.1738873047123869,0.052214509624635,0.664,Not significant
2,3347,0901100240749,264.6491740999074,-0.538092864964013,-0.4212116674939144,0.22665099291806964,0.271,Not significant
2,3348,0901100010626,846.9708567582771,0.07939855879843852,0.2907425071851597,0.023084536051946335,0.318,Not significant
2,3349,0901100010274,550.3448250805292,-0.2351424175731306,-0.3858876314300202,0.09073855056602412,0.139,Not significant
2,3350,090110001026A,406.7941162391667,-0.3873629757702829,-0.15256708974671337,0.05909884188889871,0.585,Not significant
2,3351,0901100010679,448.30613720980045,-0.3433438061329887,-0.13692477569342723,0.047012273640487046,0.651,Not significant
2,3352,0901100010240,761.5290806459792,-0.01120353545902001,-0.16270848311672392,0.001822910260081575,0.605,Not significant
2,3353,0901100010166,674.7135329560609,-0.10326237122662911,-0.023685564260664992,0.0024458275293969675,0.944,Not significant
2,3354,0901100010170,420.8126869940896,-0.3724977432495657,-0.1402210619866224,0.052232029146074305,0.63,Not significant
2,3355,0901100010927,945.258462426987,0.183622315821376,-0.07211455323343996,-0.013241841269148144,0.811,Not significant
2,3356,0901100010202,1171.337595801355,0.4233556627113971,-0.10065093630353501,-0.04261114384130568,0.723,Not significant
2,3357,0901100010217,742.7230112421968,-0.031145411087803422,-0.10744221430012385,0.003346331932561229,0.708,Not significant
2,3358,0901100010397,195.99902200344067,-0.6108891928734196,-0.3349530785253314,0.20461921579080683,0.364,Not significant
2,3359,090110001065A,837.1341311918679,0.06896773704467256,-0.0470927766004255,-0.0032478822332816545,0.878,Not significant
2,3360,0901100010306,794.5255089988012,0.023785736157392025,0.0009461043779512401,2.25037891113017e-05,0.996,Not significant
2,3361,0901100010645,1064.028299626997,0.3095653436301048,0.24586380530916618,0.07611091337673721,0.464,Not significant
2,3362,0901100010289,279.92981601489726,-0.5218893375785715,-0.16840843293377541,0.08789056550645333,0.507,Not significant
2,3363,0901100010043,281.9597497537132,-0.519736804516772,-0.19641160749545042,0.10208234124968786,0.465,Not significant
2,3364,0901100241183,141.18334183876414,-0.6690155058674199,-0.16519319612135222,0.11051680966898236,0.742,Not significant
2,3365,0901100010664,1376.348225701568,0.6407480585528333,0.1341406502661541,0.08595036123105285,0.638,Not significant
2,3366,0901100010113,1160.0257493970555,0.41136062912500226,-0.09845587630677233,-0.04050087121860727,0.714,Not significant
2,3367,0901100010096,621.163064788233,-0.16004705882600412,0.029594067941749232,-0.004736443532773902,0.916,Not significant
2,3368,0901100010128,841.5598903472577,0.07366079313974264,-0.1500430633255892,-0.01105229104967953,0.663,Not significant
2,3369,0901100010382,351.116683206883,-0.4464030878224273,-0.12060762361026905,0.053839615594549195,0.681,Not significant
2,3370,0901100010147,910.2100075973568,0.14645708409820993,-0.3352557710502017,-0.0491005826551096,0.229,Not significant
2,3371,0901100010359,1068.4736417435458,0.3142791654135009,-0.13007287753233615,-0.04087919539379512,0.652,Not significant
2,3372,0901100010363,679.3137414497913,-0.0983843297986849,-0.18074759493972176,0.017782730990868696,0.556,Not significant
2,3373,0901100010378,647.8692225172158,-0.13172796329789058,-0.42511620339186784,0.05599969163774255,0.133,Not significant
2,3374,0901100010575,497.3082768803438,-0.2913821466350339,-0.5465729735828933,0.1592616063352771,0.101,Not significant
2,3375,0901100010433,1838.03211074702,1.130315677267363,-0.07437169746040283,-0.08406349558447865,0.799,Not significant
2,3376,0901100010448,660.8183617310033,-0.11799675141322026,0.08742092372226001,-0.010315385004769605,0.768,Not significant
2,3377,0901100010950,587.3013953674879,-0.1959538283732686,-0.18327248985595884,0.03591294602277617,0.588,Not significant
2,3378,0901100011234,332.2099697364212,-0.4664516859894191,-0.29004430748673615,0.13529165623882158,0.312,Not significant
2,3379,0901100010931,513.6020374792868,-0.2741043125266508,-0.3104027610575387,0.08508273542605091,0.253,Not significant
2,3380,0901100010946,956.7014212907942,0.19575638049952893,-0.053450487784757125,-0.010463274024678339,0.874,Not significant
2,3381,0901100011272,522.7327388405346,-0.26442215582287165,0.13402850002369213,-0.03544010491797048,0.688,Not significant
2,3382,0901100011291,1113.9793668875614,0.36253324188931363,0.06807540277935237,0.024679596462519406,0.818,Not significant
2,3383,0901100011319,766.4647274663108,-0.0059697966630301875,-0.6832149344710331,0.004078654235937561,0.069,Not significant
2,3384,0901100011268,745.9499926778565,-0.027723533763806332,-0.07753149335682757,0.0021494469738363355,0.773,Not significant
2,3385,0901100210791,109.43795712364413,-0.7026781761566978,-0.17665637577426577,0.12413257993551333,0.657,Not significant
2,3386,0901100211022,158.0075613335053,-0.6511751754128272,-0.38037936212651685,0.24769359785615394,0.198,Not significant
2,3387,0901100261501,139.50924393446147,-0.6707907121309518,-0.40032337656108025,0.2685332028460742,0.506,Not significant
2,3388,0901100010255,1056.1195340435238,0.301178922403184,-0.27189306347619996,-0.0818884598666624,0.34,Not significant
2,3389,0901100261164,173.02670607938825,-0.635248938508009,-0.324027463008957,0.2058381019238831,0.469,Not significant
2,3390,0901100011450,293.4057532371441,-0.5075995113369811,-0.45322806805345994,0.23005834586814028,0.155,Not significant
2,3391,0901100010185,196.3335875779094,-0.6105344209680056,-0.40619337330622396,0.24799503597255637,0.201,Not significant
2,3392,0901100010984,400.4914567412097,-0.39404628896775257,-0.37337012413008736,0.14712511182489005,0.204,Not significant
2,3393,0901100010772,95.202004923129,-0.7177739190333501,-0.14228682998492248,0.1021297755851098,0.556,Not significant
2,3394,0901100010823,107.04918411107025,-0.7052112208509048,-0.6342055510473963,0.4472488709245552,0.254,Not significant
2,3395,0901100010804,87.67909009599579,-0.7257511857671657,-0.6105344209680056,0.4430960799692,0.254,Not significant
2,3396,0901100011395,259.33159813585576,-0.5437315997918446,-0.42309269689695767,0.2300488689440288,0.245,Not significant
2,3397,0901100241408,76.05710902279235,-0.7380750848311181,-0.5069769295698672,0.37418704029969946,0.133,Not significant
2,3398,0901100211003,257.7146441030709,-0.5454462109382211,-0.36045505587097865,0.19660884443835008,0.233,Not significant
2,3399,0901100211516,0.0,-0.8187257182118653,-0.379677652212781,0.31085185849690394,0.515,Not significant
2,3400,090110021115A,414.0417157580552,-0.379677652212781,-0.54787205277753,0.20801477471156946,0.091,Not significant
2,3401,0901100010819,135.31470185592053,-0.6752385866258283,-0.551658026383525,0.3725007860360053,0.099,Not significant
2,3402,0901100240734,376.76343897857606,-0.4192073776025118,-0.5748355054567569,0.24097528479534142,0.072,Not significant
2,3403,0901100011427,335.47723059637326,-0.4629870965360349,0.1321721601370916,-0.0611940046647679,0.69,Not significant
2,3404,0901100011380,124.5760109275431,-0.6866258485949125,-0.5316044653966092,0.3650133671697916,0.126,Not significant
2,3405,0901100241520,57.73657908911077,-0.7575020964807401,-0.7380750848311181,0.559093424119772,0.157,Not significant
2,3406,0901100010039,580.1289242926595,-0.2035594860497476,-0.2288705578521578,0.04658877312830426,0.396,Not significant
2,3407,0901100011145,653.8201676543282,-0.12541760650562325,-0.2244549172515602,0.028150598490108404,0.394,Not significant
2,3408,0901100011342,520.9675103828357,-0.2662939965357821,-0.11890020877305907,0.03166241178311676,0.782,Not significant
2,3409,0901100011431,91.99736609275196,-0.7211721043541858,0.03200958269818752,-0.023084418113951233,0.903,Not significant
2,3410,090110026097A,339.4599067780218,-0.4587638837328226,-0.40032337656108025,0.18365390698019837,0.508,Not significant
2,3411,0901100011499,254.0184054645535,-0.5493656865947766,-0.17408038280517216,0.09563378902244495,0.542,Not significant
2,3412,0901100011535,150.31458418769128,-0.6593327755026175,-0.5793189865745795,0.3819639953195811,0.096,Not significant
2,3413,0901100010753,174.01066653348903,-0.6342055510473963,-0.3643234610641719,0.23105596138369777,0.219,Not significant
2,3414,0900500013411,198.00668561646555,-0.6087602749578384,-0.06592755944242902,0.040134079213472326,0.823,Not significant
2,3415,0900500010366,724.3839404332801,-0.05059208340229101,0.3165436883223748,-0.016014604680074394,0.478,Not significant
2,3416,0900500010703,345.2021890868236,-0.45267479211198364,0.29750918619788064,-0.13467490901353105,0.411,Not significant
2,3417,0900500010436,1194.6919081719136,0.44812047574541497,0.3839732785763973,0.1720662882691819,0.19,Not significant
2,3418,0900500012536,7.03192949789005,-0.811269090222973,-0.5144176416652573,0.4173311321484206,0.099,Not significant
2,3419,0900500012305,589.3297329051951,-0.19380298791630343,0.043163599023292934,-0.008365234459935407,0.902,Not significant
2,3420,0900500010277,479.1863839714503,-0.310598524432438,-0.5062646213364497,0.15724504435944825,0.134,Not significant
2,3421,0900500010421,1764.7662239009478,1.052624843954633,-0.007336358322253193,-0.007722433034157041,0.981,Not significant
2,3422,090050001085A,621.1127034797686,-0.16010046174228273,0.5003565212966373,-0.08010731009535396,0.138,Not significant
2,3423,0900500011716,756.8691332417395,-0.016144923772376415,0.23970661524629108,-0.003870045030885732,0.484,Not significant
2,3424,0900500010493,501.3590236075176,-0.28708675211624335,-0.544300712420831,0.15626152370345375,0.103,Not significant
2,3425,090050001174A,745.2598969099296,-0.028455308367019268,0.31722671834855504,-0.009026784092865702,0.265,Not significant
2,3426,0900500012288,967.8891092579051,0.20761975700971508,0.6840466540491624,0.14202160009699574,0.049,High-High
2,3427,0900500012466,788.2674598696541,0.017149727604367736,-0.06785540852143415,-0.001163701772625689,0.845,Not significant
2,3428,0900500011542,696.2717433548055,-0.08040213704795263,0.23950156370139078,-0.019256437547918177,0.523,Not significant
2,3429,0900500011773,749.8532905641523,-0.023584493365766058,0.29385502658429874,-0.006930421924974403,0.165,Not significant
2,3430,0900500010173,1892.145993992936,1.1876978078078109,0.10280257718983501,0.12209839556536031,0.728,Not significant
2,3431,0900500013159,744.049354297446,-0.029738962580091257,0.018162027054729284,-0.0005401198429591992,0.97,Not significant
2,3432,0900500010489,141.7547187990607,-0.668409620180478,-0.0850696353294343,0.05686136263943896,0.76,Not significant
2,3433,0900500010154,188.4915202232555,-0.6188501156781185,0.34730389960127156,-0.21492905844370858,0.181,Not significant
2,3434,0900500012593,203.81968411621617,-0.60259619619032,-0.26378808194963216,0.15895769478318875,0.388,Not significant
2,3435,0900500013318,166.83951027615595,-0.641809814497022,-0.5831219940192914,0.374253418810655,0.155,Not significant
2,3436,0900500012184,377.44616169331255,-0.4184834213533935,0.13327934547364303,-0.05577519648955106,0.633,Not significant
2,3437,0900500012964,306.3890180573956,-0.4938321128050508,-0.05719015860275778,0.028242336854455825,0.885,Not significant
2,3438,0900500012979,323.9737016878109,-0.4751853894308025,-0.1921984934804096,0.091329915972502,0.525,Not significant
2,3439,0900500012894,408.23891555461984,-0.38583091675046866,-0.12170322506501363,0.046956866898322826,0.684,Not significant
2,3440,0900500010385,1423.2941084800773,0.690529272029807,0.055017612386198116,0.03799127182985947,0.851,Not significant
2,3441,090050001039A,347.24738915695445,-0.45050607069769777,-0.25714703855106746,0.1158463019291908,0.298,Not significant
2,3442,0900500010417,307.3901355485099,-0.49277053209570887,-0.2032823069749225,0.1001715305736758,0.301,Not significant
2,3443,0900500011222,1172.041273185944,0.4241018392028779,0.20969413966413347,0.08893167030162416,0.487,Not significant
2,3444,0900500011557,980.177111500976,0.22064990207597998,0.5423409204248192,0.1196674709835332,0.086,Not significant
2,3445,0900500011720,808.3291934080883,0.03842310411550526,0.41990100222427473,0.01613389992666831,0.159,Not significant
2,3446,0900500011735,1145.2387616897893,0.39568057055181927,0.2791148113322609,0.11044030779741239,0.23,Not significant
2,3447,0900500011769,734.8016936387671,-0.03954514242304541,0.15647874212504925,-0.006187974143514068,0.598,Not significant
2,3448,0900500012273,577.8866427497754,-0.2059371918155211,0.6277898951587312,-0.1292852880591495,0.062,Not significant
2,3449,0900500012381,203.7833754651736,-0.6026346977287219,-0.4527965120180148,0.27287088915259594,0.12,Not significant
2,3450,0900500012485,1177.446282304408,0.4298332877740063,-0.28050449817583967,-0.12057017068631892,0.35,Not significant
2,3451,0900500013144,449.3234113272129,-0.3422650930061649,0.046991976216930686,-0.01608371311043127,0.909,Not significant
2,3452,0900500012714,643.0839355538511,-0.1368022611441095,-0.3620449655266889,0.04952856991989222,0.331,Not significant
2,3453,090050001231A,332.0923327708267,-0.4665764277250186,-0.1541455632813752,0.07192068626548484,0.585,Not significant
2,3454,0900500012292,1194.2025314501554,0.4476015427609945,-0.10373362294350232,-0.046431329665698934,0.72,Not significant
2,3455,0900500012428,460.3761874428402,-0.3305447764467516,-0.26053486574027396,0.0861184389527033,0.357,Not significant
2,3456,0900500012470,720.2953032454354,-0.0549276568036536,-0.3059785512557457,0.01680668485265473,0.302,Not significant
2,3457,0900500010883,576.9344576660608,-0.20694688480916715,-0.61708372070773,0.12770355366691488,0.034,Low-Low
2,3458,0900500011699,767.9922349408896,-0.00435003426472911,0.11737671351183585,-0.0005105927256577783,0.73,Not significant
2,3459,0900500012396,853.3140342485354,0.08612483710179245,-0.3147651703510897,-0.027109099021805548,0.268,Not significant
2,3460,0900500013271,485.95723922983865,-0.3034187384514229,-0.2281546180157374,0.06922638637020133,0.461,Not significant
2,3461,0900500013290,744.9190585953016,-0.0288167318592918,-0.35487987390790476,0.010226478168663376,0.235,Not significant
2,3462,0900500013407,106.1732731296288,-0.7061400331124548,-0.2033556435543272,0.14359756087305717,0.409,Not significant
2,3463,0900500012771,403.9834254946646,-0.3903434202243782,0.009711368204435078,-0.0037907686799774666,0.978,Not significant
2,3464,0900500012790,470.37059906838846,-0.3199467450697397,0.02295241201196596,-0.007343549514728104,0.939,Not significant
2,3465,0900500010258,669.5452352600311,-0.10874281201698513,-0.26307192767533694,0.028607181178145074,0.377,Not significant
2,3466,0900500010309,486.5828862133489,-0.30275530506378606,-0.4072584504805904,0.12329965641505596,0.16,Not significant
2,3467,0900500010845,1566.7417378940777,0.8426405252426904,0.1709451636786405,0.1440453225098673,0.525,Not significant
2,3468,0900500010879,273.58842564670726,-0.5286137208253213,-0.4455465618303358,0.2355220258500629,0.168,Not significant
2,3469,0900500011025,775.0410542510532,0.0031245036089201997,0.4663995112606035,0.001457266956132373,0.098,Not significant
2,3470,090050001103A,1314.8674451250754,0.575554101565184,0.5042293864320666,0.2902112914906721,0.088,Not significant
2,3471,0900500011044,2034.0735819200977,1.3381972155238873,0.3636277247884618,0.48660560879920595,0.168,Not significant
2,3472,0900500011059,746.3016243583215,-0.027350665032525142,0.37331795529025374,-0.010210494345770928,0.189,Not significant
2,3473,0900500011078,78.12009653730202,-0.7358875016868268,-0.1492073434925704,0.10979981923607585,0.616,Not significant
2,3474,0900500011097,1312.163409608007,0.5726867538584726,-0.10191400861926668,-0.05836480276887223,0.742,Not significant
2,3475,090050001110A,250.5770685185027,-0.5530148655859527,0.26172185467612286,-0.14473607628462232,0.482,Not significant
2,3476,0900500011133,637.0636844488581,-0.14318610968854112,0.08304238773041321,-0.011890516438365308,0.773,Not significant
2,3477,0900500011186,962.1452297396938,0.20152897171484382,0.3009325255832543,0.060646622436344166,0.273,Not significant
2,3478,0900500011190,1464.0610362637324,0.733758348035755,0.6161873145520977,0.4521325860063354,0.041,High-High
2,3479,0900500011218,1386.5322706901402,0.6515471763376052,0.44673581727525863,0.2910694603145671,0.107,Not significant
2,3480,0900500011241,168.7282808574179,-0.6398069702442376,-0.21279686728822517,0.13614891893714445,0.52,Not significant
2,3481,090050001128A,772.718713375511,0.0006619032689263709,0.46841935151001646,0.0003100482999928507,0.102,Not significant
2,3482,0900500011294,1306.3817121262375,0.5665558665566578,-0.21194549822100384,-0.1200789654073834,0.394,Not significant
2,3483,0900500011311,423.4663512767853,-0.3696838089845236,-0.056778849041372356,0.020990221183371797,0.843,Not significant
2,3484,0900500011326,1999.6310122687923,1.3016744618545906,-0.019656389498407343,-0.025586220222343605,0.955,Not significant
2,3485,0900500011345,1144.614266409705,0.3950183584255735,0.37730924036584007,0.14904407674811426,0.171,Not significant
2,3486,090050001135A,749.9595063877337,-0.023471862560349478,0.5719575057774906,-0.013424907965969552,0.077,Not significant
2,3487,0900500011379,504.1519966839167,-0.2841250954016888,0.00793183047892937,-0.00225363209153583,0.972,Not significant
2,3488,0900500011398,2016.2895685292324,1.3193391237234855,0.03167657525911072,0.04179214504491618,0.908,Not significant
2,3489,090050001142A,534.7940965688182,-0.25163234363153086,0.5306430436424936,-0.13352695270352938,0.143,Not significant
2,3490,0900500011468,263.2667455807795,-0.5395587862579431,-0.014715626246592516,0.007939945436636989,0.957,Not significant
2,3491,0900500011472,596.0055222330839,-0.1867240094417296,-0.05379887987431875,0.01004554255360677,0.851,Not significant
2,3492,0900500011487,603.2308743055212,-0.17906227698137095,-0.018938455535335935,0.0033911629706677012,0.959,Not significant
2,3493,0900500011523,826.1934153736537,0.057366248745750824,0.20867451319559624,0.011970874030877036,0.46,Not significant
2,3494,0900500011538,1631.806709202299,0.9116351427653687,0.2231643625595729,0.20344447552213873,0.48,Not significant
2,3495,0900500011561,624.6068927050637,-0.15639523842005804,0.1215964589744606,-0.019017107192345572,0.689,Not significant
2,3496,0900500011576,591.3058708448938,-0.19170749968999362,-0.04125848280909049,0.007909560580333323,0.905,Not significant
2,3497,0900500011580,808.4491181848116,0.038550271836248935,0.29518578887821645,0.011379492403452832,0.335,Not significant
2,3498,0900500011595,2411.4918198089067,1.7384099020993948,-0.005344913002043738,-0.009291649688612638,0.987,Not significant
2,3499,0900500011608,777.2799519601923,0.005498621171851255,0.7541325972686427,0.004146689465724535,0.039,High-High
2,3500,0900500011627,286.2372146086866,-0.5152009990641335,-0.12207765989413939,0.06289453234087213,0.663,Not significant
2,3501,0900500011631,952.740306715391,0.19155603153143644,-0.4410135279285111,-0.0844788012616639,0.114,Not significant
2,3502,0900500011646,209.1135667311514,-0.5969825856886389,-0.26518231854890634,0.15830922620623442,0.26,Not significant
2,3503,0900500012339,753.7517389059162,-0.019450595404023083,-0.41583587004672434,0.008088255262758757,0.258,Not significant
2,3504,090050001167A,760.8158309286628,-0.01195986241121815,0.018977807990931708,-0.00022697197243805957,0.953,Not significant
2,3505,0900500011684,969.5906429174514,0.20942405603086173,0.12780121701152042,0.02676464923223297,0.637,Not significant
2,3506,0900500011701,1014.6120867942938,0.2571646027205207,0.23027712650481177,0.059219125753233015,0.444,Not significant
2,3507,0900500013214,1055.9594409893164,0.30100916041265374,-0.0333730477076379,-0.010045593070887524,0.902,Not significant
2,3508,0900500011788,756.4074671606173,-0.0166344725118868,0.05822320199752885,-0.0009685122531819264,0.861,Not significant
2,3509,0900500011792,715.8349991043623,-0.05965734425391573,0.3562231489123656,-0.021251327025878883,0.263,Not significant
2,3510,0900500010050,1720.1063287331413,1.0052676819709718,0.15384509184999237,0.15465549886665308,0.581,Not significant
2,3511,0900500010898,115.2136123493688,-0.6965536960373716,-0.49716760939570487,0.3463039358746425,0.143,Not significant
2,3512,0900500010243,553.1667029796511,-0.23215011030808438,-0.09138148311394005,0.021214221385017534,0.775,Not significant
2,3513,0900500012076,710.2652605428775,-0.06556347122245859,0.2193794900442336,-0.01438328088231275,0.436,Not significant
2,3514,0900500012095,782.378389333398,0.010904982374429809,0.14284379069388592,0.0015577090198135668,0.647,Not significant
2,3515,0900500012108,882.3950595232776,0.11696223202652747,0.0005937379011698108,6.944491015956685e-05,0.999,Not significant
2,3516,0900500012146,443.97220734939503,-0.3479394868360862,-0.37018871330790165,0.12880327094086233,0.246,Not significant
2,3517,0900500012150,324.0099615511801,-0.4751469396266409,-0.38192100238234206,0.18146859546110886,0.182,Not significant
2,3518,090050001217A,1422.62515370127,0.6898199152411113,0.09884433473401832,0.06818479060828456,0.731,Not significant
2,3519,0900500012201,2028.3676993727856,1.3321467220545786,0.26388312403234626,0.35153103868521185,0.32,Not significant
2,3520,0900500012220,1727.432520375191,1.0130363442800134,0.15476537381474595,0.15678294851041996,0.596,Not significant
2,3521,0900500012235,332.5247855390773,-0.4661178566576354,-0.19129471068788442,0.08916588053577915,0.537,Not significant
2,3522,0900500012377,350.4832196999144,-0.4470748098181358,-0.3132752346518413,0.14005746595270382,0.34,Not significant
2,3523,0900500012803,485.0122136964439,-0.3044208394885058,-0.20665210710694978,0.06290920792756627,0.437,Not significant
2,3524,0900500010510,527.9020421204219,-0.2589406487156905,-0.4544593618240997,0.11767800196565108,0.094,Not significant
2,3525,0900500011970,1070.6373880975032,0.3165735928005535,-0.0675424461021855,-0.021382154829106607,0.811,Not significant
2,3526,0900500010991,590.866595184843,-0.1921733057226844,-0.09190967355767862,0.017662585795471898,0.789,Not significant
2,3527,0900500010506,96.25334439400426,-0.7166590831512913,-0.38392542116360595,0.2751436403295832,0.244,Not significant
2,3528,0900500010953,816.6923058763228,0.04729131283739366,0.11777195501983576,0.0055695903683145075,0.685,Not significant
2,3529,0900500010968,593.7820708423725,-0.18908174779460912,0.08517480461031435,-0.01610500092378257,0.76,Not significant
2,3530,090050001092A,761.4450895697282,-0.011292599237344037,-0.42445163654493845,0.004793162227136801,0.112,Not significant
2,3531,0900500010934,284.7966514596029,-0.5167285660712327,0.0860647454870999,-0.04447211252483473,0.794,Not significant
2,3532,0900500010949,959.2786444598128,0.19848925693429578,-0.1376360818350034,-0.027319283610777748,0.647,Not significant
2,3533,0900500011932,1522.428338528559,0.795650785927039,-0.18466664502058375,-0.14693016124513697,0.498,Not significant
2,3534,0900500011951,969.1938696467904,0.20900331935024752,-0.04842152416687765,-0.010120259278875658,0.89,Not significant
2,3535,0900500012216,553.024424669144,-0.23230098162052543,0.5602495158747498,-0.1301465124901285,0.07,Not significant
2,3536,0900500010135,628.5225428291698,-0.15224309976183062,-0.2275306347111461,0.034639969119201655,0.487,Not significant
2,3537,0900500010169,867.2631658878247,0.10091643668103709,0.01775009076670891,0.0017912759109412408,0.959,Not significant
2,3538,0900500010188,1687.080561360133,0.9702472993829334,0.1533421888015279,0.14877984456615034,0.649,Not significant
2,3539,0900500010192,1038.0103958088105,0.28197606960777394,0.255349998419697,0.07200258892873745,0.351,Not significant
2,3540,0900500012786,180.004664020099,-0.6278495417277042,-0.0038283768778280785,0.002403644668305298,0.99,Not significant
2,3541,0900500010205,1400.5905043783696,0.6664544672633027,-0.12046615211749812,-0.0802852052327272,0.68,Not significant
2,3542,0900500010224,1251.6222570105126,0.5084891743642904,0.020860371915047193,0.010607273292014378,0.929,Not significant
2,3543,0900500010525,469.1277436519744,-0.32126466364201206,-0.2946145285311054,0.09464923741259555,0.237,Not significant
2,3544,0900500010559,1701.45220547539,0.9854869293861039,-0.42134215582864076,-0.4152271873684885,0.123,Not significant
2,3545,0900500010737,628.1021360914974,-0.15268889726986695,-0.09048941685688885,0.01381672927447167,0.79,Not significant
2,3546,0900500010582,543.3491191107823,-0.2425606342875797,-0.2790603554654926,0.06768905682622735,0.359,Not significant
2,3547,0900500010597,384.894909681339,-0.41058480081881765,-0.391715674450486,0.16083250217186162,0.295,Not significant
2,3548,090050001060A,1441.0275610697286,0.7093337493726709,-0.4943825747246365,-0.35068224535394105,0.096,Not significant
2,3549,0900500010614,114.76402429278052,-0.6970304372912811,-0.5255050977593773,0.36629304809001617,0.116,Not significant
2,3550,0900500010629,175.2252825880501,-0.6329175773737529,-0.2695840651764437,0.17062449343004263,0.334,Not significant
2,3551,0900500010633,623.7560944250752,-0.1572974212803054,-0.11256646530552591,0.017706414715198193,0.657,Not significant
2,3552,0900500011082,1176.186277912611,0.4284971845015234,-0.2654644496580201,-0.113750769263708,0.275,Not significant
2,3553,0900500010667,621.9044680585569,-0.15926087796650998,-0.3103288996745564,0.049423253020550846,0.299,Not significant
2,3554,0900500010671,1336.7393745779516,0.5987470020881959,-0.07067008917257124,-0.0423135040293825,0.795,Not significant
2,3555,0900500010718,57.21340446022155,-0.7580568686214483,-0.35399467521907185,0.2683480950052362,0.131,Not significant
2,3556,0900500010722,740.6222576889289,-0.03337304117820213,-0.3351864141356898,0.011186190001324288,0.177,Not significant
2,3557,0900500010741,595.9393376487333,-0.18679419129213778,-0.07857079369243676,0.014676567866960125,0.756,Not significant
2,3558,0900500010760,246.03155648536364,-0.5578349071208288,0.13385537492683358,-0.07466920063993393,0.605,Not significant
2,3559,0900500010794,263.6679277097726,-0.5391333744427946,-0.5950258164133851,0.32079827628352714,0.096,Not significant
2,3560,0900500010811,791.7497857255162,0.02084237106034325,0.1015180921604383,0.0021158777461459783,0.746,Not significant
2,3561,0900500010826,1127.469426016128,0.37683804294001605,0.10583064682484192,0.03988101383254945,0.726,Not significant
2,3562,0900500010830,1042.7170176566442,0.2869669513016561,0.365253244703044,0.10481561008547031,0.161,Not significant
2,3563,0900500011805,380.8787562236788,-0.41484351278244896,0.19609590637492902,-0.08134911464283379,0.35,Not significant
2,3564,090050001181A,981.0747150224042,0.22160171701422962,0.23084222839462631,0.05115503417164014,0.505,Not significant
2,3565,0900500011824,714.2494824943993,-0.061338619291478456,0.30157731247105335,-0.01849833595660918,0.373,Not significant
2,3566,0900500011839,912.8083180103142,0.14921232135633405,-0.21468625005331027,-0.03203383373374082,0.48,Not significant
2,3567,0900500011843,708.8210351528858,-0.06709492165416625,-0.15741491979928232,0.010561741711129712,0.594,Not significant
2,3568,0900500011858,579.8018102210648,-0.20390635641335766,-0.04681469555125874,0.009545813996457795,0.893,Not significant
2,3569,0900500011862,1373.032063000916,0.6372316137965509,0.06699812025434639,0.04269332029101253,0.798,Not significant
2,3570,0900500011881,841.593934313577,0.07369689321614215,-0.1565567092048928,-0.011537743080543604,0.602,Not significant
2,3571,0900500011909,812.4085097905529,0.042748793774674915,-0.09863350637068008,-0.004216463423113287,0.715,Not significant
2,3572,0900500011913,1720.769357380886,1.0059707547156138,-0.10624362622751993,-0.10687798085982181,0.703,Not significant
2,3573,0900500011928,24.5126672337732,-0.7927325906310779,0.1894793790737584,-0.15020647904430853,0.45,Not significant
2,3574,090050001199A,389.1058367398596,-0.40611955176119124,0.029929330131021673,-0.012154886137323236,0.906,Not significant
2,3575,0900500013093,1155.585900722625,0.4066526325641523,0.037488418482351606,0.015244764066514904,0.908,Not significant
2,3576,090050001313A,133.0190331943532,-0.6776729038641058,-0.364215772217579,0.2468191599917945,0.167,Not significant
2,3577,0900500013163,1154.3033945637872,0.4052926685140596,0.30618080108285806,0.12409283391864401,0.323,Not significant
2,3578,0900500013178,885.3941695046441,0.1201424754341916,0.2998973322386349,0.03603040787125979,0.343,Not significant
2,3579,0900500013182,213.2446599493557,-0.5926019920941172,0.2809238935790656,-0.16647605896179007,0.343,Not significant
2,3580,0900500013197,655.2108195752387,-0.12394296515158527,0.05473900179019017,-0.0067845141913141045,0.832,Not significant
2,3581,090050001320A,444.31003131911984,-0.34758125974226733,0.09395396524656585,-0.03265663759818256,0.746,Not significant
2,3582,0900500011985,787.1522158739351,0.015967127637258074,-0.17742788701157627,-0.0028330137183228423,0.543,Not significant
2,3583,0900500012269,326.6685883485068,-0.47232774313229126,-0.3521931324985742,0.16635058741974357,0.31,Not significant
2,3584,0900500012362,439.2181293330342,-0.3529806908482725,-0.24755521746837328,0.08738221168508073,0.401,Not significant
2,3585,090050001295A,404.9158243649826,-0.3893547084468624,-0.009268485491964415,0.0036087284664677787,0.979,Not significant
2,3586,0900500012112,90.1715571961602,-0.7231081843056101,0.031383997682395165,-0.022694025580368243,0.892,Not significant
2,3587,0900500012358,471.2279446231956,-0.31903761950725423,-0.4076108557547031,0.13004319710529527,0.226,Not significant
2,3588,0900500012447,362.5820949852934,-0.43424521416958084,-0.0788233778868031,0.03422867461202462,0.785,Not significant
2,3589,0900500012409,963.68748860548,0.20316437642534171,-0.3656315333823412,-0.07428330248106486,0.141,Not significant
2,3590,0900500012752,810.3380322053025,0.04055326819137878,0.052214665787724955,0.0021174753452128203,0.883,Not significant
2,3591,0900500013248,275.2843755261992,-0.5268153428206823,-0.34731228476699466,0.18296944036535873,0.267,Not significant
2,3592,0900500013252,1386.2900718372323,0.6512903497090088,0.033830897177648436,0.022033736853800168,0.898,Not significant
2,3593,0900500013303,179.7471734819771,-0.6281225835939532,-0.4114814195648549,0.2584607723579841,0.17,Not significant
2,3594,0900500013322,408.2032654387909,-0.38586871998094435,-0.6396156919731842,0.24680768834141859,0.059,Not significant
2,3595,0900500013341,982.3903114882542,0.22299676988446784,0.059404365913225815,0.013246981715684343,0.845,Not significant
2,3596,0900500013375,164.57533226604784,-0.6442107391830662,-0.32994677793060967,0.21255525770174905,0.197,Not significant
2,3597,090050001338A,191.28034947237543,-0.6158928530603024,-0.530762869320394,0.32689305788420986,0.094,Not significant
2,3598,0900500013394,358.64526080840375,-0.4384198163068508,-0.3750499916155566,0.16442934842997825,0.243,Not significant
2,3599,0900500012767,642.5105593514884,-0.13741026681879462,0.1510237382913062,-0.020752212174580193,0.61,Not significant
2,3600,0900500010440,1529.9141539825914,0.8035887126441613,0.026663239706918553,0.021426278471005367,0.936,Not significant
2,3601,0900500010455,978.0015469520722,0.2183429427255107,-0.06264095556874241,-0.013677210574017185,0.809,Not significant
2,3602,0900500011148,653.4756177675039,-0.12578296573319156,-0.10859525914690327,0.013659433760061991,0.724,Not significant
2,3603,0900500012837,789.06770983568,0.01799830924850534,-0.49898636874319974,-0.008980910975428826,0.124,Not significant
2,3604,0900500012841,417.4946746697591,-0.3760161493388924,-0.38880646223498694,0.14619750876767726,0.26,Not significant
2,3605,0900500012856,356.11487746706894,-0.44110302398851,-0.28313818073331215,0.12489310772806926,0.281,Not significant
2,3606,0900500012860,680.3566486887407,-0.09727843541932545,-0.25215463224809753,0.024529208108830313,0.414,Not significant
2,3607,0900500012930,446.8109139842495,-0.34492933445158613,0.26965551077340894,-0.09301209586227446,0.359,Not significant
2,3608,090050001288A,109.91417377374948,-0.702173198056019,-0.5224584612775492,0.3668563286066835,0.075,Not significant
2,3609,0900500010313,650.6729837068095,-0.12875486691420698,0.03067942323705068,-0.003950125055891089,0.922,Not significant
2,3610,0900500010328,1433.6488379888956,0.7015093829504344,0.11340446372723079,0.07955429537311459,0.731,Not significant
2,3611,0900500010332,449.6695570675467,-0.341898041542355,-0.012219547304351042,0.004177839291891784,0.966,Not significant
2,3612,0900500010402,517.5641373172812,-0.26990291879031714,0.10738735304958202,-0.028984160029248453,0.753,Not significant
2,3613,0900500010370,376.4521498068922,-0.41953746730988356,0.535170627081891,-0.22452412946457873,0.106,Not significant
2,3614,0900500010864,958.8790760154266,0.19806555626340847,0.27680701946161973,0.05482593628728184,0.351,Not significant
2,3615,0900500011237,1014.5411859633284,0.25708941978235694,-0.37410848343815295,-0.09617933294277223,0.17,Not significant
2,3616,0900500011203,1313.3264322445082,0.5739200180920876,0.6311556531170972,0.36223286385588777,0.065,Not significant
2,3617,0900500011364,1222.383962822521,0.477485012156028,0.2830752735185545,0.13516420041707794,0.309,Not significant
2,3618,0900500011383,2182.592541614069,1.4956860856935241,-0.16267046478721375,-0.24330395073553399,0.603,Not significant
2,3619,0900500011415,657.5801298350286,-0.12143055867725693,0.29778500318211365,-0.03616019930211279,0.225,Not significant
2,3620,0900500011434,2431.078403066693,1.7591794312834692,0.5351398685591211,0.9414070496289452,0.118,Not significant
2,3621,0900500011449,844.2526297241909,0.0765161624677283,0.4305578297345712,0.03294463285172295,0.123,Not significant
2,3622,0900500011453,510.41629207970936,-0.2774824633342068,-0.11663605816942381,0.03236446073444355,0.668,Not significant
2,3623,0900500011612,1375.8746392294302,0.6402458694816312,0.6365078632007187,0.40752153030683935,0.067,Not significant
2,3624,0900500013110,249.16362160406797,-0.5545136786537102,-0.013544692711952952,0.007510717381939129,0.969,Not significant
2,3625,0900500011754,842.1076112314757,0.0742415940247041,0.33914357621611846,0.025178559701523356,0.181,Not significant
2,3626,0900500012019,473.24642945192,-0.31689722682078925,0.003680575145833848,-0.0011663640568202684,0.987,Not significant
2,3627,0900500012199,744.065608113076,-0.029721727103457274,0.6332554508348259,-0.0188214456964895,0.061,Not significant
2,3628,0900500012057,507.3840832244907,-0.280697804646257,0.2265473848979168,-0.06359135358919583,0.543,Not significant
2,3629,0900500012324,758.6778243370567,-0.014226995464271353,-0.4851186559490821,0.006901780917821006,0.099,Not significant
2,3630,0900500012451,562.6246836016599,-0.2221209080748092,-0.02528591500133785,0.005616530401599603,0.937,Not significant
2,3631,0900500012682,970.1219908362242,0.20998749509323425,0.12114283380224988,0.02543848021863044,0.648,Not significant
2,3632,0900500012697,660.3516448515022,-0.11849165599774722,-0.031092055087156623,0.003684149095650369,0.938,Not significant
2,3633,090050001263A,685.4072726602963,-0.09192277534352805,-0.39250864675202224,0.03608048415577835,0.223,Not significant
2,3634,0900500012644,299.4267159989046,-0.5012149081547544,-0.26050263069959334,0.13056780212016858,0.564,Not significant
2,3635,0900500012659,367.4507755964161,-0.4290824860556587,-0.2827184347808732,0.12130952884954169,0.36,Not significant
2,3636,0900500012663,349.5573874672656,-0.44805655836112945,0.009812848994961099,-0.004396711348399738,0.973,Not significant
2,3637,0900500012678,532.6496778779809,-0.25390627604720695,-0.09764028500428612,0.024791481157626232,0.73,Not significant
2,3638,090050001270A,449.2605483478639,-0.34233175264082416,-0.25441170867436236,0.08709320612284123,0.361,Not significant
2,3639,0900500012733,1165.9258850348106,0.4176171077412834,0.023607541435834076,0.009858913175315532,0.948,Not significant
2,3640,0900500012748,654.546282697593,-0.12464763721676891,0.3159353881639286,-0.03938059964779644,0.293,Not significant
2,3641,0900500010351,493.7145925920244,-0.2951928740969013,-0.5513491444768147,0.16275433858897861,0.138,Not significant
2,3642,0900500010915,299.2043282085077,-0.501450727217326,-0.3256607996959468,0.16330284483370847,0.242,Not significant
2,3643,0900500011400,644.9292183031002,-0.13484553120254797,0.3156418369906,-0.04256289117874551,0.391,Not significant
2,3644,0900500013426,138.9047958543387,-0.6714316662920292,-0.21369189640308955,0.1434795060750301,0.482,Not significant
2,3645,0900500011114,1379.7824873422078,0.6443897349203875,-0.03979158816454668,-0.025641290949413465,0.907,Not significant
2,3646,0900500011256,568.3796424254704,-0.21601837433162752,0.16564674417256836,-0.03578274038948521,0.407,Not significant
2,3647,0900500011330,859.6643820896741,0.09285871881457762,0.45280135011702854,0.04204655324937827,0.112,Not significant
2,3648,0900500010281,356.7417872026752,-0.44043825158394684,-0.4706429839106357,0.20728917295385202,0.127,Not significant
2,3649,0900500012822,1746.277899545816,1.033019903817568,-0.003673062577859138,-0.0037943467508959553,0.993,Not significant
2,3650,0900500012061,1153.71218482644,0.404665752235088,0.23797035440293585,0.09629845247411452,0.352,Not significant
2,3651,0900500010296,149.83630264475255,-0.6598399432068326,-0.37453011670848413,0.24712993093817454,0.261,Not significant
2,3652,0900500011063,126.52081522144726,-0.6845635864327,-0.20541610568982813,0.1406203860220673,0.541,Not significant
2,3653,0900500010900,33.59170652966989,-0.7831052161606215,-0.36729971280703677,0.28763432099348873,0.165,Not significant
2,3654,0900500010474,576.5647054898204,-0.20733896843673125,0.19443318940303275,-0.0403135769206884,0.625,Not significant
2,3655,0900500010084,377.17894447621137,-0.4187667773484655,0.199101314915766,-0.0833770160131173,0.48,Not significant
2,3656,0900500010099,1418.9467829804414,0.6859193866481152,-0.44016647435491213,-0.3019187181125847,0.146,Not significant
2,3657,0900500010101,418.0061776602201,-0.3754737537536952,-0.043391839272105825,0.016292496773774583,0.878,Not significant
2,3658,0900500012625,831.4491652655018,0.06293942347082908,0.0844055093888855,0.005312434098698104,0.795,Not significant
2,3659,0900500012606,313.74478238838253,-0.4860320917430377,-0.22521146644515522,0.10946000012085573,0.497,Not significant
2,3660,0900500013055,583.1780605300517,-0.20032619501397902,-0.24547502065363988,0.04917507685852159,0.328,Not significant
2,3661,090050001306A,611.2661204655502,-0.17054173629158012,-0.2308590475423704,0.03937110280649629,0.546,Not significant
2,3662,0900500013089,932.3246975085648,0.1699074067738096,0.062136448033726976,0.010557442751546131,0.818,Not significant
2,3663,0900500012432,313.24919169078817,-0.4865576140008797,-0.10608568677857037,0.05161679863862587,0.717,Not significant
2,3664,0900500012004,923.9380974138232,0.16101429187314667,-0.20983735185742403,-0.03378681261785945,0.474,Not significant
2,3665,090050001224A,898.0371167521332,0.1335490026662983,-0.5218126083285638,-0.06968755342097943,0.085,Not significant
2,3666,0900500012080,1478.1486214593174,0.7486967631744199,0.02437020628095554,0.01824589456044433,0.936,Not significant
2,3667,0900500011877,888.2075068412701,0.12312572632326489,0.054730502925301995,0.006738732924715382,0.853,Not significant
2,3668,0900500012945,900.3698882267779,0.1360226635690057,0.11841812090082797,0.016107548219767166,0.691,Not significant
2,3669,0900500012254,192.93141749735065,-0.6141420675823919,-0.3426136624709224,0.21041346305186803,0.228,Not significant
2,3670,0900500012038,388.01138558115946,-0.4072801030927835,-0.1460263996306657,0.059473647095845524,0.729,Not significant
2,3671,0900500012023,759.2815657835802,-0.013586790614442838,0.01383213306027245,-0.00018793429564103423,0.96,Not significant
2,3672,0900500010756,1405.4936490476218,0.6716537409171847,-0.2665491703163882,-0.17902874738137392,0.295,Not significant
2,3673,0900500010775,1173.996366372103,0.42617501166246824,-0.2086128210622616,-0.08890557144914973,0.517,Not significant
2,3674,090050001078A,316.19826027216783,-0.48343043427991167,-0.31720197180899673,0.15334508698606758,0.246,Not significant
2,3675,0900500011260,1045.7887004288025,0.29022415058653894,0.1654269953404475,0.04801090920676471,0.56,Not significant
2,3676,0900500011275,2114.1741720756886,1.4231355390181988,0.07681541777138617,0.10931875097498979,0.722,Not significant
2,3677,0900500011129,648.2037025312183,-0.13137328212042937,0.2993846170335335,-0.039331139756063095,0.27,Not significant
2,3678,0900500011171,783.7987580472321,0.012411135288690483,0.01750549592370171,0.00021726307820468173,0.96,Not significant
2,3679,0900500011006,1247.58228520832,0.5042052055299037,0.013275566904396224,0.006693609939557085,0.962,Not significant
2,3680,0900500011307,425.5412864960951,-0.3674835565451204,-0.0015406128655164094,0.0005661498950791393,0.993,Not significant
2,3681,0900500011504,69.06477049096326,-0.7454897307287898,-0.2448314768914953,0.18251935178177273,0.449,Not significant
2,3682,0900500012907,1362.0197356000403,0.6255541888814042,-0.43721990385271936,-0.2735047423173934,0.124,Not significant
2,3683,0900500011665,729.6544361686905,-0.04500327224771517,0.04011712166826107,-0.0018054017482314665,0.903,Not significant
2,3684,0900500013337,136.36543706312284,-0.674124391502386,-0.0921645794833251,0.06213039106226982,0.715,Not significant
2,3685,0900500013445,268.8092963126319,-0.5336814891477563,-0.5047727381500772,0.2693878665771236,0.086,Not significant
2,3686,0900500013233,467.3065397635172,-0.32319586046248994,-0.0586738022788311,0.01896313001411282,0.851,Not significant
2,3687,0900500012729,1199.104342403749,0.4527994021484914,0.30757019852406087,0.13926760201038757,0.292,Not significant
2,3688,0900500013430,36.166168152493285,-0.7803752680576386,-0.5931572784621739,0.4628852701802583,0.084,Not significant
2,3689,0900500013074,609.7670360522067,-0.17213135899721219,-0.0552816019989533,0.009515697279622834,0.86,Not significant
2,3690,0900500012127,470.2075999711133,-0.3201195886159201,-0.3818910431432719,0.12225080362712878,0.127,Not significant
2,3691,0900500012131,785.5535649304016,0.014271925008506223,-0.24842812273289025,-0.0035455475376477896,0.403,Not significant
2,3692,0900500013360,40.96277393537635,-0.7752889677835728,-0.2979795835175553,0.23102028372590439,0.266,Not significant
2,3693,0900500010012,674.6887138359872,-0.10328868931549179,-0.1617887084301984,0.01671094363980145,0.616,Not significant
2,3694,0900500010027,958.5631988820674,0.19773060150108268,-0.019125449290672482,-0.003781686592223125,0.952,Not significant
2,3695,0900500012343,227.7107327588093,-0.5772622303071577,-0.018979020312319683,0.01095587159453451,0.942,Not significant
2,3696,090050001014A,558.6410409816897,-0.2263451456850877,-0.5073132931898142,0.11482790125503012,0.165,Not significant
2,3697,0900500012983,64.01294571778787,-0.7508466641294934,-0.0942545973362057,0.07077074998875868,0.733,Not significant
2,3698,0900500010972,602.0762841249142,-0.1802865994747915,-0.3583267276046511,0.06460150722077246,0.286,Not significant
2,3699,0900500010807,9.661118343064873,-0.8084811096072833,-0.22854073658340343,0.18477086830341585,0.271,Not significant
2,3700,0900500010262,1241.18905861435,0.4974258553708567,0.062447452676872385,0.03106297756352434,0.819,Not significant
2,3701,0900500012574,31.558941042906817,-0.7852607519958428,-0.2358272067032049,0.18518584967683774,0.359,Not significant
2,3702,0900500012875,310.7770606736184,-0.4891790511669332,-0.508299568586771,0.2486495006698381,0.076,Not significant
2,3703,0900500013125,417.5081184482793,-0.37600189361360103,-0.6715932901174814,0.2525203488223615,0.071,Not significant
2,3704,0900500013356,54.000011468617686,-0.7614643368174383,-0.2353571602913889,0.17921608397651798,0.312,Not significant
2,3705,0900500012998,1417.23062297599,0.6840995779133362,-0.16308547666752457,-0.1115667057520488,0.584,Not significant
2,3706,0900500013229,791.028401443721,0.020077418250734606,0.06862854019393654,0.001377883905411015,0.866,Not significant
2,3707,0900500013267,742.6742419916328,-0.031197125792688,-0.11696212162076758,0.003648882021182759,0.721,Not significant
2,3708,0900500013286,559.7335352678151,-0.22518666941281107,-0.3208083569554148,0.07224176542258609,0.286,Not significant
2,3709,0900500012610,790.5984122259492,0.019621459521751188,-0.09845001442118446,-0.0019317329728810917,0.738,Not significant
2,3710,0900500013017,37.25269678008183,-0.7792231177441804,-0.08152432571340086,0.06352563925438827,0.811,Not significant
2,3711,0900500010563,601.4761982263819,-0.18092292799715198,-0.20581540454518835,0.03723672561723382,0.55,Not significant
2,3712,0900500011167,692.6853236149458,-0.08420516121367815,-0.06335608725201605,0.0053349095409238705,0.828,Not significant
2,3713,0900500011152,622.5966923705399,-0.15852684626427613,-0.1129783424993738,0.017910100332590963,0.734,Not significant
2,3714,0900500011650,205.1886593683349,-0.6011445406832344,-0.28544757541640603,0.1715952516128383,0.246,Not significant
2,3715,0900500011896,460.5567482548608,-0.3303533105333044,-0.321386507925239,0.10617109685384077,0.236,Not significant
2,3716,0900500012042,670.627501560712,-0.10759518145676499,-0.3310289773960091,0.03561712289037096,0.331,Not significant
2,3717,0900500012165,54.48234580949323,-0.7609528715436104,-0.22540914926924474,0.17152573940863408,0.188,Not significant
2,3718,0900500010987,307.0172811061954,-0.49316590535296057,-0.31703130122846257,0.15634902869556191,0.279,Not significant
2,3719,0901600010020,74.04947871164995,-0.7402039674335255,-0.049795708981678885,0.03685898134940395,0.866,Not significant
2,3720,0901600010798,247.07223768466108,-0.5567313732244035,0.5238058520532541,-0.2916191513165869,0.028,Low-High
2,3721,0901600010891,592.9784157117228,-0.18993394026076185,0.08332491077381618,-0.015826228625147314,0.814,Not significant
2,3722,090160001068A,2160.176989089201,1.4719167295881237,0.49936764390977245,0.735027589285799,0.059,Not significant
2,3723,0901600010302,2870.96993819006,2.225638535269358,-0.37571101532476936,-0.836196913831983,0.31,Not significant
2,3724,0901600010694,848.9450931882621,0.08149203067197398,0.6415589395013025,0.052281940775719245,0.093,Not significant
2,3725,0901600010016,13.86166773226804,-0.8040268649858524,-0.004596729990802105,0.0036958944036910627,0.991,Not significant
2,3726,0901600010800,259.7124966205448,-0.5433276966664348,-0.28346110440790306,0.15401226895246975,0.379,Not significant
2,3727,0901600010073,521.0448327296001,-0.26621200424970715,-0.1296394986472848,0.03451159076482088,0.625,Not significant
2,3728,0901600010213,997.4851607810692,0.23900328356733258,0.32228830659721197,0.07702796353208888,0.204,Not significant
2,3729,0901600010228,285.22917944430145,-0.5162699152446495,0.0349184442116194,-0.01802734223360777,0.922,Not significant
2,3730,0901600010054,2196.1510435217087,1.510063463174668,-0.06182221731225767,-0.09335547157568475,0.803,Not significant
2,3731,0901600010069,490.8556563925597,-0.2982244778252639,-0.11080132748513773,0.03304366803160126,0.686,Not significant
2,3732,0901600010092,510.9410774708566,-0.27692598314808364,-0.17476204493315808,0.04839615111008437,0.574,Not significant
2,3733,0901600010232,95.52861427286707,-0.7174275838746398,-0.06177553736637768,0.04431947451531786,0.8,Not significant
2,3734,0901600010711,1238.0218946107652,0.4940674081962045,0.8371861831003845,0.4136264076620801,0.031,High-High
2,3735,0901600010853,33.569781988553,-0.783128464850328,-0.7014873082579772,0.5493546788280586,0.061,Not significant
2,3736,0901600011029,1198.4686631388251,0.45212533057251625,0.011784053044632837,0.005327868878288688,0.97,Not significant
2,3737,090160001118A,1193.2667436263778,0.44660923735171265,0.7222013456007357,0.32254179217312523,0.043,High-High
2,3738,0901600011211,737.5214868029742,-0.036661085374647816,0.5330597677168745,-0.01954254965405827,0.09,Not significant
2,3739,0901600011226,1500.9274926015398,0.7728513807890354,1.1780781187963145,0.9104793007890809,0.012,High-High
2,3740,0901600011071,11.495847559941607,-0.8065355705863493,-0.5439906133464925,0.4387477797290314,0.051,Not significant
2,3741,0901600011090,558.7906159121915,-0.22618653706798614,-0.14117928406800304,0.03193285336907911,0.64,Not significant
2,3742,0901600011103,2417.9125094618794,1.7452183739688458,-0.27803017955152237,-0.48522337787117414,0.346,Not significant
2,3743,0901600011118,705.6242097751551,-0.07048482162320609,0.011803935135216862,-0.0008319982624576556,0.974,Not significant
2,3744,0901600011137,574.6851094424264,-0.20933208405300907,-0.14489915183974544,0.030332041432127317,0.657,Not significant
2,3745,0901600011156,741.2260972352503,-0.03273273230376712,0.4423308267827106,-0.01447869654278245,0.08,Not significant
2,3746,0901600011230,12.438947209146384,-0.8055355117486314,0.20175576131750028,-0.16252143044112732,0.554,Not significant
2,3747,090160001125A,1.958959290731999,-0.8166484461515076,-0.7731640809753152,0.6314032453486496,0.052,Not significant
2,3748,0901600011283,107.50936028980206,-0.7047232519975222,-0.7775675878393162,0.5479699591499919,0.039,Low-Low
2,3749,0901600011298,9.58740475232509,-0.8085592751838916,-0.7063561366345595,0.5711308058589334,0.051,Not significant
2,3750,0901600010088,208.8057971129714,-0.5973089432765158,-0.0003487290066364295,0.00020829895444387478,0.998,Not significant
2,3751,0901600010815,713.8075741715561,-0.06180721698854383,0.6374997806340309,-0.039402087271796636,0.055,Not significant
2,3752,0901600010868,246.76352943086624,-0.5570587261374752,0.5324933080005575,-0.2966300438315208,0.08,Not significant
2,3753,0901600010529,124.79526138030955,-0.6863933563517569,-0.13024589949073248,0.08939992010249745,0.672,Not significant
2,3754,090160001100A,985.517275521962,0.22631258918285557,0.2661048876951009,0.06022288612849128,0.547,Not significant
2,3755,0901600010143,847.1690641039011,0.07960873702070695,0.2745329791295788,0.02185522373903787,0.318,Not significant
2,3756,0901600010887,1681.8901592457505,0.9647434191618186,0.4936520005675178,0.47624751890357914,0.241,Not significant
2,3757,0901600010425,731.7339804702585,-0.04279813235718206,-0.38101032692062764,0.016306530401002228,0.24,Not significant
2,3758,0901600010764,4334.72270441165,3.7777957132816704,0.22825993139372983,0.8623193903332007,0.507,Not significant
2,3759,0901600010139,950.3565568064358,0.1890283133148406,0.48884706733444144,0.09240593660713578,0.078,Not significant
2,3760,0901600010158,2407.7006371838647,1.734389748245268,0.4370638799890294,0.7580391127812727,0.137,Not significant
2,3761,0901600010196,80.6076865860892,-0.7332496718297098,-0.19088819267219811,0.1399687046330557,0.595,Not significant
2,3762,0901600010478,420.36283236370696,-0.3729747671771876,0.03460237714809102,-0.012905813560586486,0.908,Not significant
2,3763,0901600010548,374.3966124906084,-0.42171715029581414,0.020638499577932807,-0.008703609228387187,0.953,Not significant
2,3764,0901600010482,759.4701436893939,-0.013386823408998088,0.12100402157366907,-0.001619859468585303,0.615,Not significant
2,3765,0901600010533,159.28339712571403,-0.6498222845910024,-0.18491961991837183,0.12016488988105622,0.541,Not significant
2,3766,0901600010035,47.32800678109527,-0.7685393020755411,-0.10425146978813238,0.08012135183132062,0.733,Not significant
2,3767,0901600010270,1136.0343667613224,0.38592026950428765,0.3644905108874323,0.14066427619343336,0.183,Not significant
2,3768,0901600010336,433.2440620457366,-0.3593155662697846,-0.527619444247075,0.1895818793845868,0.085,Not significant
2,3769,0901600010340,366.4944609223659,-0.43009655804924896,-0.2884847803795364,0.12407631109083211,0.259,Not significant
2,3770,090160001036A,719.4337735501078,-0.05584121921086619,0.0816165769097894,-0.00455756916246007,0.748,Not significant
2,3771,0901600010374,570.1454269380007,-0.21414594398055004,0.17022084313073269,-0.03645210313739588,0.615,Not significant
2,3772,0901600010389,880.3048748390488,0.11474580911969212,0.0668610793759787,0.007672028651612635,0.831,Not significant
2,3773,090160001043A,316.5272085766342,-0.48308161890360296,-0.2598551287206565,0.1255312362627789,0.433,Not significant
2,3774,0901600010444,996.8761436695391,0.23835748442487642,0.029270686365695225,0.006976887169516642,0.904,Not significant
2,3775,0901600010603,2186.448419701637,1.4997748423396398,0.5327257344180415,0.798968654347087,0.069,Not significant
2,3776,0901600010641,760.2090758766614,-0.012603262875416925,0.7780002475269023,-0.009805341636720987,0.041,Low-High
2,3777,0901600010707,733.1398830398831,-0.04130731928042071,0.5163088371817229,-0.02132733398476818,0.082,Not significant
2,3778,0901600010745,1499.358296762866,0.7711874122276016,0.20856558464103134,0.16084315349905376,0.497,Not significant
2,3779,090160001075A,1037.5906653043796,0.28153098917457703,0.7584558602161556,0.21352882857190902,0.048,High-High
2,3780,0901600010961,24.682370314847944,-0.7925526382091256,0.21162358126143835,-0.16772282763601623,0.397,Not significant
2,3781,0901600010976,878.3440396136021,0.11266654782617962,-0.21379628554697433,-0.024087689430637736,0.514,Not significant
2,3782,0901600010980,103.95873420380994,-0.7084883207256493,-0.3670736599004837,0.2600674008855118,0.206,Not significant
2,3783,0901600010995,1167.7423010901862,0.4195432275640221,-0.21490195477201648,-0.0901606597148693,0.426,Not significant
2,3784,0901600011207,648.2956713789721,-0.1312757587472964,1.2089668174339365,-0.1587080362589442,0.017,Low-High
2,3785,0901600010783,558.7272536008245,-0.22625372619218334,0.8080394298605776,-0.18282193191616306,0.035,Low-High
2,3786,0901600011122,779.6584364451004,0.008020755955289213,-0.3290978883926764,-0.002639613848198664,0.266,Not significant
2,3787,0901600010675,1854.83631558808,1.1481347842687237,0.8061158883853924,0.9255296916069531,0.046,High-High
2,3788,0901600010779,1296.0120451569032,0.5555599160167339,0.950547558546096,0.5280861217957805,0.022,High-High
2,3789,0901600010834,5080.735024983501,4.568863989962165,0.12422178030086309,0.5675524187856048,0.697,Not significant
2,3790,0901600011349,1287.003515919055,0.54600731011051,-0.0416039447661088,-0.022716057971729296,0.892,Not significant
2,3791,0901600010872,462.96386603627326,-0.32780081312461645,0.46243509893333246,-0.15158660144770883,0.082,Not significant
2,3792,0901600010919,80.21982839703267,-0.7336609549958889,-0.6651161267007581,0.48796973269844485,0.046,Low-Low
2,3793,0901600010251,535.3163325770263,-0.25107856680018176,0.19306169788131433,-0.04847365440805009,0.439,Not significant
2,3794,090160001132A,1027.8564040061488,0.2712088200929104,0.1741839362041662,0.047240219817070696,0.574,Not significant
2,3795,090160001004A,857.3929879036353,0.09045014212641463,-0.008000522555957002,-0.0007236484022718968,0.977,Not significant
2,3796,0901600010957,3037.238331663892,2.401948829167662,-0.7720242034938618,-1.8543626316711783,0.069,Not significant
2,3797,0901600010410,635.5335344763246,-0.14480867418038082,-0.15493189515383243,0.022435482325480243,0.575,Not significant
2,3798,0901600010162,791.6142192326474,0.02069861693064323,0.9787120639757552,0.020257986097633345,0.033,High-High
2,3799,0901600010459,790.2587211059137,0.01926125250972191,0.20220245489145428,0.003894672541749955,0.529,Not significant
2,3800,090160001050A,2557.185269956893,1.8929026140211715,0.5174859552317093,0.9795505173773454,0.08,Not significant
2,3801,0901600010552,1029.5939386932405,0.2730512944498173,0.22038716844875225,0.06017700162506173,0.49,Not significant
2,3802,0901600010393,835.2456113290133,0.06696515865261579,0.10285286564588308,0.006887558465852737,0.731,Not significant
2,3803,090160001082A,1179.160546569857,0.4316510862752484,-0.3561540079185913,-0.15373426439934335,0.229,Not significant
2,3804,0901600010317,292.7935325686432,-0.5082487075175589,-0.514766880484588,0.26162960167913757,0.112,Not significant
2,3805,0901600010105,1025.3135539301384,0.26851239273907734,-0.08320698327437515,-0.022342106171602857,0.799,Not significant
2,3806,090160001011A,1020.1242874574388,0.26300971674754997,0.08836755172053698,0.023241524747692904,0.788,Not significant
2,3807,0901600010247,1794.211261487141,1.0838482359788388,-0.04014647123293295,-0.043512682026589575,0.883,Not significant
2,3808,0901600010321,332.5845746411745,-0.4660544565492778,0.03201442595007905,-0.014920465887901187,0.909,Not significant
2,3809,0901600010586,360.9167260264916,-0.43601116429660647,0.3625232209294144,-0.15806417164198988,0.237,Not significant
2,3810,0901600010590,1312.9200716871374,0.5734891150936172,0.3515083466538335,0.20158621067052743,0.271,Not significant
2,3811,0901600011052,66.40766026695039,-0.7483073190552785,-0.7649862943030473,0.5724448430039456,0.048,Low-Low
2,3812,0901600010923,57.76614617146661,-0.7574707436729637,-0.7679557436536435,0.5817040082532492,0.054,Not significant
2,3813,0901600011048,24.66370408651196,-0.7925724317978837,-0.7836715024607452,0.6211164284360141,0.067,Not significant
2,3814,0901600011067,47.374627091945634,-0.7684898660971454,-0.7520171448920872,0.5779175549808777,0.045,Low-Low
2,3815,0901600011014,76.20124203673667,-0.7379222467990783,0.09536826083031777,-0.07037436130522862,0.705,Not significant
2,3816,0901600011194,2857.780054874409,2.211652039367882,0.6124282346524974,1.3544781541356676,0.071,Not significant
2,3817,0901600011086,14.59678980730166,-0.8032473446790017,-0.12331118259090572,0.09904937998537257,0.693,Not significant
2,3818,0901600011141,705.1205349421552,-0.07101891626368484,-0.17690548907061054,0.012563636114891905,0.558,Not significant
2,3819,0901600011160,1212.7458004847006,0.4672647460013056,0.4342001775028733,0.2028864356546019,0.118,Not significant
2,3820,0901600011175,3271.522268924454,2.6503825150357008,0.5187141188369794,1.3747908308676808,0.096,Not significant
2,3821,0901600011245,3783.895166528088,3.1937005460494534,-0.7918548554588587,-2.5289472842708682,0.047,High-Low
2,3822,0901600011353,28.54040995023892,-0.7884615894669356,-0.3666869219522272,0.2891185533191912,0.269,Not significant
2,3823,0901600011368,168.69300183736223,-0.6398443799663411,-0.3108041694291247,0.19886630107933193,0.307,Not significant
2,3824,0901600010181,504.2550743750998,-0.28401579225845663,0.05351111564715917,-0.015198001905161808,0.86,Not significant
2,3825,0901600011315,1118.7342523539553,0.3675753021180644,0.43307194562029433,0.15918655125023765,0.231,Not significant
2,3826,0901600011334,601.6762728450618,-0.18071076972651473,0.19011443745883067,-0.03435572632930863,0.582,Not significant
2,3827,0901600010177,1040.3667853231068,0.28447477497879714,0.28104081543246,0.07994902273000672,0.299,Not significant
2,3828,0901600010209,766.9347281694946,-0.005471409925903329,-0.417727995173823,0.0022855610991217527,0.154,Not significant
2,3829,0901600010285,639.8081979437297,-0.1402758393071482,0.032033323147766864,-0.004493501290350096,0.92,Not significant
2,3830,0901600010637,786.7369258501371,0.015526755870748048,0.6342187042105064,0.0098473589889387,0.051,Not significant
2,3831,0901600010656,855.6030345684001,0.0885520832590253,1.0531071803912702,0.09325483471868513,0.016,High-High
2,3832,0901600010660,2790.967639151274,2.140804439255263,0.6343796786443298,1.3580828322151084,0.055,Not significant
2,3833,0901600010942,63.40081136750826,-0.7514957687785981,-0.24661907228390811,0.1853331893214602,0.359,Not significant
2,3834,0901600010124,554.8632305144492,-0.23035111976022715,0.09804675375894686,-0.02258517951722867,0.726,Not significant
2,3835,0901600011033,3.357251117288923,-0.8151657034741709,-0.2789435981681749,0.22738525443037674,0.265,Not significant
2,3836,0901600010904,4.699636604118673,-0.8137422436405675,-0.7763996597582471,0.6317892010934492,0.054,Not significant
2,3837,0901600010463,571.2981794603331,-0.21292357013211063,0.15521883270429152,-0.03304974801113656,0.531,Not significant
2,3838,0901600010571,1496.6997352169365,0.7683682849255545,0.37145953718200586,0.2854177275037781,0.185,Not significant
2,3839,0901600010622,2274.630410714026,1.5932826487669558,-0.2837188853493577,-0.45204437715463286,0.275,Not significant
2,3840,0901600010849,2012.2964277065605,1.315104814259652,0.457752857692443,0.6019929868924452,0.086,Not significant
2,3841,0901600010730,1010.3742733886464,0.25267084349529884,0.6844802661174905,0.17294820619579293,0.043,High-High
2,3842,0901600010618,79.28288101305287,-0.7346544899978538,-0.14088887101637118,0.10350464168290557,0.642,Not significant
2,3843,0901600010514,97.60414736695084,-0.7152266974513812,-0.5981874958886723,0.4278396671411667,0.056,Not significant
2,3844,0901600010497,828.602853833413,0.05992120699184039,0.5536665859466352,0.03317637010097391,0.065,Not significant
2,3845,090160001029A,606.2685952445835,-0.17584109067916856,-0.20877102371979436,0.036710524513095213,0.447,Not significant
2,3846,0901600011279,12.46751177865405,-0.8055052220011949,-0.7496126231101078,0.6038168823932054,0.042,Low-Low
2,3847,0901600011264,60.22503246639524,-0.7548633511537739,-0.2259159711892724,0.1705356870910936,0.415,Not significant
2,3848,0901600011300,89.61515971681624,-0.7236981858149639,-0.693725433242716,0.5020478374914534,0.026,Low-Low
2,3849,0901300010885,10.228234748773067,-0.8078797417942196,-0.5743515581525666,0.4640069884994032,0.297,Not significant
2,3850,090130001057A,1007.3764522634332,0.2494919667851917,0.0029774353183497637,0.0007428461935507759,0.996,Not significant
2,3851,0901300010565,1740.7278653323938,1.027134671255505,-0.1994220957565691,-0.20483334876600745,0.456,Not significant
2,3852,0901300010029,99.25164648541184,-0.7134796964266871,-0.4313701104675531,0.30777381546393623,0.101,Not significant
2,3853,0901300011243,10.433448491590015,-0.8076621340183092,-0.4754023395101129,0.38396446804603457,0.098,Not significant
2,3854,0901300011224,521.4615462971234,-0.26577012296351427,-0.36026356513142094,0.09574729200425178,0.114,Not significant
2,3855,0901300011205,370.749085608461,-0.4255849722140826,-0.008247490779246839,0.003510008134121668,0.98,Not significant
2,3856,0901300011455,41.23779667428956,-0.7749973348465279,-0.6096718145941167,0.4724940314414869,0.094,Not significant
2,3857,090130001018A,15.145371943670892,-0.8026656305259396,-0.5328893929887865,0.4277320006239295,0.126,Not significant
2,3858,0901300010086,458.6978589843473,-0.3323244687718678,-0.1418965947846746,0.047155710482353966,0.637,Not significant
2,3859,0901300010160,581.7075585145133,-0.2018855090671242,-0.2170199422502332,0.04381318151890622,0.388,Not significant
2,3860,0901300010495,764.659436296358,-0.007884119704808384,-0.5369170879217597,0.004233118592732282,0.115,Not significant
2,3861,090130001139A,94.64587585414576,-0.7183636359215045,-0.7141913994089667,0.5130491304232928,0.049,Low-Low
2,3862,0901300010033,110.13614514610656,-0.7019378205613573,-0.47263437854654394,0.3317599455993326,0.13,Not significant
2,3863,0901300010315,93.81647438104272,-0.7192431296991689,-0.24976887784563484,0.1796445494031438,0.35,Not significant
2,3864,090130001032A,1613.8003398636906,0.8925412656682095,0.006423883759568927,0.005733581341271106,0.981,Not significant
2,3865,0901300011385,240.0328274688858,-0.5641959337345729,-0.47192772914340203,0.2662597057992983,0.101,Not significant
2,3866,0901300010688,346.4868235116405,-0.4513125712577417,0.6164892709049177,-0.2782293580049089,0.055,Not significant
2,3867,090130001107A,293.4966614899466,-0.5075031126142022,-0.39638948034869664,0.20116889508448968,0.156,Not significant
2,3868,0901300011050,1016.9745415904882,0.25966973969054896,-0.3973626408029905,-0.10318305350006166,0.158,Not significant
2,3869,0901300011065,600.1634821556919,-0.18231492650867193,-0.40270373491519823,0.07341890183583206,0.128,Not significant
2,3870,090130001121A,632.8531285775565,-0.1476509651408268,-0.5367161284909118,0.07924665437833113,0.195,Not significant
2,3871,0901300011239,1050.8125147650371,0.29555138183961194,-0.3876135513773996,-0.11455972072934988,0.212,Not significant
2,3872,0901300010194,42.98897972572095,-0.773140387822401,-0.544145221261611,0.42070064739790813,0.097,Not significant
2,3873,0901300010175,88.84493124137559,-0.7245149327987807,-0.4362127756434536,0.31604266983128637,0.122,Not significant
2,3874,0901300010211,712.3701721735839,-0.06333143192451343,1.034342211286367,-0.06550637334073324,0.012,Low-High
2,3875,0901300010226,6261.126009025923,5.820545545086961,0.4091016938076318,2.3811950413795415,0.159,Not significant
2,3876,0901300010230,1953.8811257077557,1.2531614776555824,1.4540318662818308,1.8221367221080433,0.011,High-High
2,3877,0901300011578,77.30980613289789,-0.7367467301689133,-0.644298584608382,0.4746848754626844,0.129,Not significant
2,3878,0901300011262,71.36745775479963,-0.7430479709946599,-0.7341745639495387,0.5455269200985939,0.054,Not significant
2,3879,0901300010207,676.834922947693,-0.10101285834517795,-0.6442899179826829,0.06508156621841106,0.061,Not significant
2,3880,0901300010705,45.116553940366174,-0.7708843172172948,-0.5570316873825624,0.42940699199630417,0.119,Not significant
2,3881,0901300011135,210.8153988023028,-0.5951779702331014,-0.5844079363994074,0.3478267293743147,0.055,Not significant
2,3882,0901300011046,212.43334697183053,-0.5934623049083713,-0.21091229439554607,0.12516849636549374,0.419,Not significant
2,3883,0901300011510,38.3664930173564,-0.7780420529739381,-0.4817655315812256,0.3748338432435374,0.409,Not significant
2,3884,0901300011474,236.90511431227915,-0.5675125473996812,-0.5410877016530097,0.3070740599317382,0.346,Not significant
2,3885,0901300011402,294.2017705167188,-0.5067554180154682,-0.6089819216991752,0.30860488829452865,0.086,Not significant
2,3886,0901300010461,243.61015414282105,-0.5604025518170949,-0.512375363124973,0.2871364609834455,0.082,Not significant
2,3887,0901300011328,308.8412157930726,-0.4912318128055081,-0.4702792814849185,0.23101614396870832,0.102,Not significant
2,3888,0901300010870,175.7522311356357,-0.6323588033857868,-0.6461870673801674,0.40862208069189343,0.086,Not significant
2,3889,0901300010866,117.78208259771938,-0.6938301011622757,-0.5656239690608357,0.39244693567328753,0.124,Not significant
2,3890,0901300010813,168.15438578283934,-0.640415526128803,-0.7085575910434684,0.45377128246066006,0.064,Not significant
2,3891,0901300010404,146.7072576938311,-0.6631579691009408,-0.1397386325098259,0.09266878774015885,0.606,Not significant
2,3892,0901300010283,221.50027471009733,-0.5838477734818671,-0.47113627438267214,0.2750718648048652,0.12,Not significant
2,3893,0901300011296,136.87968514932692,-0.6735790850293938,-0.5849926141098422,0.3940387897610607,0.099,Not significant
2,3894,090130001025A,892.427588673605,0.12760068306392147,1.3274605969807016,0.1693848789151785,0.013,High-High
2,3895,0901300010442,222.06287167305,-0.5832511980665878,-0.2387606707613057,0.13925744727271366,0.405,Not significant
2,3896,0901300010334,1180.4325041839556,0.43299986469357854,0.16365395507241626,0.07086214040292522,0.57,Not significant
2,3897,0901300011309,115.76738168456136,-0.6959664814008446,-0.5798991391940962,0.40359036347229377,0.092,Not significant
2,3898,0901300010832,67.40529755384368,-0.7472494287396201,-0.6080038264891706,0.4543305120155358,0.103,Not significant
2,3899,0901300010724,9.165321319923398,-0.8090068506518537,-0.638265199103468,0.516360918607375,0.136,Not significant
2,3900,0901300011489,60.47191299159292,-0.7546015600998883,-0.6654678443794507,0.5021630735650432,0.118,Not significant
2,3901,0901300010809,36.787752486662086,-0.7797161426860019,-0.6745290842062399,0.5259412156668107,0.107,Not significant
2,3902,0901300011440,209.88474788476813,-0.5961648284889557,-0.7158350242637691,0.42675566446659735,0.061,Not significant
2,3903,090130001064A,198.71160278687736,-0.608012783802769,-0.5712544012326711,0.3473299787530603,0.108,Not significant
2,3904,0901300011031,276.91803837128947,-0.5250830137211415,-0.4925886962927545,0.2586499571743676,0.108,Not significant
2,3905,090130001089A,26.699928950945505,-0.7904132276533642,-0.5998940778213999,0.4741642143009511,0.062,Not significant
2,3906,0901300010654,241.09030505838783,-0.5630745890177532,-0.7069126632897643,0.3980445573533294,0.051,Not significant
2,3907,090130001146A,72.7138102825683,-0.7416203045277979,-0.5003989004362459,0.37110598492690394,0.108,Not significant
2,3908,0901300011173,684.6314655763928,-0.09274543785991869,-0.5082286548161367,0.047135889123880066,0.108,Not significant
2,3909,0901300011525,99.90274864174408,-0.7127892704825715,-0.6157957576260967,0.43893260884456786,0.089,Not significant
2,3910,0901300011417,219.18355988198115,-0.5863044079852131,-0.5603777791173131,0.3285519620334448,0.08,Not significant
2,3911,0901300010423,1500.575467099461,0.772478094450998,-0.3292588126684185,-0.25434522019129807,0.255,Not significant
2,3912,0901300011027,527.8490288715669,-0.25899686373822634,-0.3180602851830236,0.08237661634208897,0.285,Not significant
2,3913,090130001114A,117.58153897641496,-0.6940427567612917,-0.11874874768610534,0.08241670820601561,0.655,Not significant
2,3914,0901300011544,338.9329716650041,-0.45932264347483037,-0.7369629938809568,0.3385037904925263,0.086,Not significant
2,3915,0901300010090,72.48818285448748,-0.7418595588883249,-0.49707508629947394,0.3687599042565038,0.089,Not significant
2,3916,0901300010052,141.37438268543426,-0.6688129269700163,-0.5506209829267241,0.3682624312423297,0.044,Low-Low
2,3917,0901300011366,195.06227386755657,-0.6118825165935553,-0.41017337658653613,0.2509779179054458,0.104,Not significant
2,3918,090130001071A,72.29666715890171,-0.7420626413134893,-0.6035302434133283,0.4478572465398675,0.128,Not significant
2,3919,0901300010758,66.39484085937707,-0.7483209127002861,-0.6170727486631977,0.4617684424821184,0.039,Low-Low
2,3920,0901300010508,178.7092396024053,-0.629223204244282,-0.4614220909417925,0.29033748657149117,0.107,Not significant
2,3921,0901300011192,298.2040131802644,-0.5025114569984689,-0.27577293018154553,0.1385790569462655,0.3,Not significant
2,3922,0901300010550,1056.20816607851,0.3012729074343179,-0.23707502359269905,-0.07142428163783195,0.429,Not significant
2,3923,0901300011169,122.0569343490733,-0.6892970666335484,-0.3133749997676456,0.21600846809612703,0.302,Not significant
2,3924,0901300011154,527.5590719756786,-0.25930433279150705,-0.597313143492886,0.15488588614102053,0.08,Not significant
2,3925,0901300011188,555.8892157987655,-0.2292631693492454,-0.6290385937814968,0.1442153816533385,0.042,Low-Low
2,3926,0901300010847,12.834713312188674,-0.8051158430642559,-0.6082766367138419,0.48973315718415494,0.065,Not significant
2,3927,0901300010669,230.45562514355024,-0.5743515581525666,-0.7872981025528185,0.45218589193177045,0.042,Low-Low
2,3928,0901300010851,65.84994041774749,-0.7488987227999798,-0.6867647587131124,0.5143172506642861,0.058,Not significant
2,3929,0901300011563,71.98047048818208,-0.7423979349118667,-0.5674351301921279,0.42126266885108193,0.17,Not significant
2,3930,0901300010777,141.27050059098494,-0.6689230830990344,-0.619713877023789,0.4145409172580088,0.074,Not significant
2,3931,0901300010601,317.7683370435244,-0.4817655315812256,-0.7185862599260077,0.34619009150021784,0.054,Not significant
2,3932,0901300010762,114.41968989337538,-0.697395568016911,-0.6289486278935432,0.4386259856032744,0.062,Not significant
2,3933,0901300010438,245.393087119774,-0.5585119373076268,-0.5646491238525987,0.315363276061969,0.079,Not significant
2,3934,0901300011436,127.5117908523842,-0.6835127601085492,-0.5893870912409546,0.40285359750645416,0.065,Not significant
2,3935,0901300010743,470.8416970509288,-0.3194471947822723,-0.6513125185012609,0.20805995696180463,0.051,Not significant
2,3936,0901300010014,360.4254258130864,-0.43653213694334947,-0.5272796637114137,0.23017451836671407,0.066,Not significant
2,3937,0901300010067,278.55987211105133,-0.523342020239809,-0.4943338929236433,0.2587056981956689,0.065,Not significant
2,3938,0901300010122,851.7854448309585,0.0845039274157597,1.3482992690877036,0.11393658356970916,0.03,High-High
2,3939,0901300010137,1148.6091355571266,0.3992545005975855,0.6116127756078573,0.2441891532844182,0.053,Not significant
2,3940,0901300010245,2199.708024970953,1.5138352711028285,1.44776527730212,2.1916781410579165,0.01,High-High
2,3941,0901300010279,279.89256527209665,-0.5219288381070477,-0.4270192655298993,0.2228736691073452,0.118,Not significant
2,3942,0901300010298,347.3879549447957,-0.4503570153369732,-0.42043153968497793,0.18934429336605485,0.112,Not significant
2,3943,0901300010300,420.06597360247065,-0.37328955493898847,-0.5754418760629818,0.21480644180880704,0.043,Low-Low
2,3944,0901300010353,1375.9810276413298,0.640358683298963,-0.6056021309793418,-0.3878025831969774,0.073,Not significant
2,3945,0901300010368,206.92804595190543,-0.5993001025832154,-0.3888197205118901,0.2330196983891529,0.18,Not significant
2,3946,0901300010372,387.7864371244163,-0.4075186374750057,-0.6009627635817362,0.24490352658804312,0.058,Not significant
2,3947,0901300010387,400.96328059925753,-0.3935459689649991,-0.4651061862364278,0.1830406647340303,0.077,Not significant
2,3948,0901300010391,273.75495735546536,-0.5284371313130208,-0.44968572173445187,0.2376306327857791,0.082,Not significant
2,3949,0901300010419,260.0185966818197,-0.5430031094695652,-0.22062345007408624,0.1197992194121322,0.412,Not significant
2,3950,0901300010480,350.5491414649831,-0.44700490666017095,-0.3135165052393791,0.14014341616095163,0.284,Not significant
2,3951,0901300010527,368.7703202445055,-0.42768324654984613,-0.587523317003247,0.2512738796396831,0.063,Not significant
2,3952,0901300010599,83.94676761274847,-0.7297089245784699,-0.48826915585008,0.3562943606201992,0.137,Not significant
2,3953,0901300010692,208.5113960449372,-0.597621124910948,-0.5419279356323365,0.32386758251326475,0.07,Not significant
2,3954,0901300010739,73.4443219668565,-0.7408456730595913,-0.5196279613374756,0.38496412675764535,0.105,Not significant
2,3955,0901300010828,119.707985713215,-0.6917878817288744,-0.5764427164662507,0.3987760857622257,0.079,Not significant
2,3956,0901300010917,31.42265707725537,-0.7854052669306154,-0.47907739091379703,0.3762699060910735,0.147,Not significant
2,3957,0901300011084,418.1790901617648,-0.37529039807599185,-0.2698812598146153,0.10128384542907716,0.384,Not significant
2,3958,0901300011099,99.66702685426756,-0.7130392288586639,-0.329792575736878,0.23515504388673597,0.34,Not significant
2,3959,0901300011101,136.1795753213498,-0.6743214784990893,-0.3715661647234674,0.25055504555656466,0.255,Not significant
2,3960,0901300011116,393.3721103889027,-0.40159561341549627,-0.40057301704907006,0.16086836649951733,0.174,Not significant
2,3961,0901300011120,430.9616559938348,-0.36173581989345,0.05831235239240768,-0.021093666602583373,0.837,Not significant
2,3962,0901300011277,264.23656928305985,-0.5385303893485479,-0.33699173515916836,0.18148029034250968,0.152,Not significant
2,3963,0901300011313,302.8410008769952,-0.49759441506083746,-0.387287076237234,0.1927118861608884,0.178,Not significant
2,3964,0901300011332,771.0007242673673,-0.001159845039591263,-0.538818109891367,0.0006249455119994421,0.102,Not significant
2,3965,0901300011347,440.955421680216,-0.3511384734675705,-0.3790914795702111,0.1331136034408466,0.178,Not significant
2,3966,0901300011370,274.47798213431577,-0.5276704389273454,-0.5044734522968426,0.2661957280006682,0.124,Not significant
2,3967,0901300011421,101.3632065751702,-0.7112406071311751,-0.4956832054784364,0.35255002400921015,0.228,Not significant
2,3968,0901300011493,198.7057694332276,-0.6080189694660507,-0.6262379080659835,0.38076452750285467,0.077,Not significant
2,3969,0901300011506,27.436220676583897,-0.7896324670540106,-0.5838776625705897,0.46104875915334387,0.083,Not significant
2,3970,0901300011559,117.95021882049642,-0.6936518102301664,-0.5585302606639537,0.3874255263778782,0.096,Not significant
2,3971,0900400010119,204.1500658662009,-0.6022458607945095,-0.2678376132312168,0.16130409393358106,0.459,Not significant
2,3972,0900400200388,58.60660604058787,-0.7565795236194193,-0.6475434914010344,0.4899181462470501,0.249,Not significant
2,3973,090040001002A,1392.9294619813254,0.6583307306446362,0.17511104738848893,0.11528098377121143,0.651,Not significant
2,3974,0900400010053,794.8942421231328,0.024176739186666938,0.23593553842876633,0.005704151977458118,0.4,Not significant
2,3975,0900400010180,190.30038273936103,-0.616932005596142,-0.6196185400839634,0.3822625086385531,0.079,Not significant
2,3976,090040001034A,1033.3711948958542,0.27705668078511514,0.37112776922493607,0.10282342788864499,0.245,Not significant
2,3977,090040001041A,371.7128436439638,-0.4245630073118169,-0.1008742496005845,0.042827474770747,0.757,Not significant
2,3978,0900400010104,489.7110725980194,-0.2994381895896612,-0.3098763573511211,0.0927888154418586,0.256,Not significant
2,3979,0900400010072,1138.0852233687738,0.38809498908657514,-0.05869600548251076,-0.02277962560716057,0.853,Not significant
2,3980,090040001027A,1903.022508778244,1.199231217605799,-0.048344256716949134,-0.05797594184691424,0.87,Not significant
2,3981,0900400010354,652.3355686180698,-0.12699186897929687,-0.03607167099990414,0.004580808917484129,0.883,Not significant
2,3982,0900400200246,161.4323997413733,-0.6475434914010344,-0.7448411931384822,0.48231706674420494,0.079,Not significant
2,3983,0900400200316,80.7461341189207,-0.7331028626575452,-0.6475434914010344,0.4747159872413598,0.225,Not significant
2,3984,0900400010301,386.3653304471575,-0.4090255729225283,0.010752976510767495,-0.004398242377939164,0.983,Not significant
2,3985,0900400010227,216.8530800612955,-0.5887756388278557,-0.7120469945459913,0.4192359240892707,0.064,Not significant
2,3986,0900400010392,9.03790191059652,-0.8091419656489822,-0.5887756388278557,0.47640307772740637,0.302,Not significant
2,3987,0900400010208,82.96155568715879,-0.7307536390941013,-0.24549189404897798,0.1793940949443942,0.472,Not significant
2,3988,0900400010299,543.6251302539614,-0.24226795325087525,-0.22417757516157563,0.054311042299139176,0.47,Not significant
2,3989,0900400010123,156.67439850734507,-0.6525888555764695,-0.3280692180556876,0.21409431556082842,0.238,Not significant
2,3990,0900400010369,465.0981976939061,-0.3255375769558438,-0.5529775036291478,0.1800149566425241,0.037,Low-Low
2,3991,0900400010212,310.56104895406463,-0.48940810907123056,-0.4258548740406582,0.2084168286430056,0.212,Not significant
2,3992,0900400010049,38.72534072163646,-0.777661532401841,-0.4283110481471092,0.33308102604671963,0.112,Not significant
2,3993,0900400010195,464.11702821283,-0.32657800488058825,-0.6687193293291228,0.21838902439738997,0.051,Not significant
2,3994,0900400010091,1192.0522512045668,0.4453213947777092,-0.5205899795334178,-0.2318298557931207,0.073,Not significant
2,3995,0900400010231,209.8087852946535,-0.5962453788948902,-0.3691134359846893,0.22008218049388587,0.274,Not significant
2,3996,0900400010138,427.1361554241398,-0.3657923643494305,-0.7238668518794904,0.2647849672231778,0.068,Not significant
2,3997,0900400010320,114.69185368006193,-0.6971069667005897,-0.5630549471142261,0.3925095262685591,0.081,Not significant
2,3998,0900400010373,73.24428670466052,-0.741057789596781,-0.5221514081473986,0.3869443683565578,0.073,Not significant
2,3999,0900400010250,83.39110287420941,-0.7302981490926056,-0.5440086890866306,0.39728853873026104,0.089,Not significant
2,4000,0900400010176,187.74785560960729,-0.6196386944564101,-0.6585839697507377,0.408084111206267,0.054,Not significant
2,4001,0900400010405,113.7791303427398,-0.6980748146269993,0.009979242211172376,-0.006966257656682083,0.974,Not significant
2,4002,0900800010086,291.30899315969856,-0.5098229067626838,-0.505785189447942,0.25786087548186454,0.06,Not significant
2,4003,0900800010387,427.5038914556648,-0.3654024186331067,-0.1602013555500086,0.05853796278627542,0.542,Not significant
2,4004,0900800010438,278.6711915108032,-0.5232239776240312,-0.24330046553691712,0.12730063733600427,0.378,Not significant
2,4005,0900800010527,264.83487135073307,-0.5378959523928073,-0.073085707118549,0.03931250603683369,0.81,Not significant
2,4006,0900800010508,121.33033734162524,-0.690067546995163,-0.23068086576587044,0.1591853791777747,0.491,Not significant
2,4007,0900800010194,949.4058057451832,0.18802014095248507,-0.33518480283663243,-0.06302149387447455,0.242,Not significant
2,4008,0900800010476,86.56446531981477,-0.7269331291165235,-0.12156525763868924,0.08836981312714873,0.771,Not significant
2,4009,0900800010052,71.19139591277985,-0.7432346662195445,-0.6100056685077287,0.4533773594253719,0.072,Not significant
2,4010,0900800010090,760.1894433229717,-0.012624081151450537,-0.06083569984176022,0.0007679948117076676,0.833,Not significant
2,4011,0900800010103,549.038308648871,-0.2365278420139151,-0.0042608350151174925,0.0010078061113030679,0.995,Not significant
2,4012,0900800010334,990.9288453470964,0.2320509946993003,-0.39985404302071614,-0.09278652841749399,0.125,Not significant
2,4013,0900800010118,65.41194415069936,-0.749363172169798,-0.5433070401062842,0.4071342870362288,0.068,Not significant
2,4014,0900800010156,812.6860967814725,0.04304314583358917,-0.2763459390839056,-0.011894798556508697,0.343,Not significant
2,4015,0900800010283,1092.957700393824,0.34024195657460793,-0.3114546828640105,-0.10596995068197496,0.247,Not significant
2,4016,0900800010512,588.8261730415383,-0.19433696064378217,-0.22582434115668923,0.043886016099775556,0.447,Not significant
2,4017,0900800010175,116.656951120831,-0.6950231857721637,-0.37292157480105975,0.2591891409614048,0.19,Not significant
2,4018,090080001018A,676.9300681999927,-0.10091196672623887,-0.2545459201089167,0.02568672942033086,0.445,Not significant
2,4019,0900800010207,1119.734711138294,0.3686361843375564,0.02969278509968529,0.010945835001503035,0.917,Not significant
2,4020,0900800010211,528.9315963201975,-0.25784891384200725,-0.11461033826562857,0.029552151236857366,0.647,Not significant
2,4021,0900800010245,619.1717421494594,-0.16215864884232173,-0.2022561539397317,0.03279758464291152,0.521,Not significant
2,4022,090080001025A,96.04465702575143,-0.7168803743447694,-0.1258792856840989,0.09024038944346899,0.639,Not significant
2,4023,0900800010264,289.70562676331167,-0.5115231096374901,-0.18699710683902449,0.09565334158351178,0.45,Not significant
2,4024,0900800010298,1146.64824907248,0.3971751849490364,-0.19988707697882516,-0.07939018676798716,0.489,Not significant
2,4025,090080001032A,982.6357842216972,0.22325706812199295,-0.30062408616921626,-0.06711645208499259,0.258,Not significant
2,4026,0900800010531,368.795670383613,-0.42765636537066937,-0.06157578193407034,0.026333275096781447,0.88,Not significant
2,4027,0900800010546,836.0832011669735,0.06785333533738201,-0.1940542907033816,-0.013167230860754364,0.438,Not significant
2,4028,0900800010071,209.70739641873507,-0.5963528912256326,-0.594878443733836,0.35475747984847794,0.088,Not significant
2,4029,0900800010495,665.139968937262,-0.11341413759991954,-0.18553864320725372,0.02104270521080985,0.53,Not significant
2,4030,0900800010067,0.0,-0.8187257182118653,-0.576374292608705,0.4718924566749178,0.097,Not significant
2,4031,0900800010029,99.42195597180574,-0.7132991009751258,-0.4925345728118944,0.3513244679858919,0.19,Not significant
2,4032,0900800010033,289.5443701642229,-0.5116941054460402,-0.488546722120662,0.24998647794412734,0.116,Not significant
2,4033,0900800010137,573.0010426879522,-0.21111786124266144,0.08261398878696073,-0.017441288621428363,0.772,Not significant
2,4034,0900800010122,329.51828350793323,-0.469305938563294,-0.501884757994341,0.23553749740114585,0.11,Not significant
2,4035,0900800010141,1590.2450721367804,0.867563360433091,-0.12869782439155875,-0.11165351700956853,0.629,Not significant
2,4036,0900800010160,211.5062423739469,-0.5944454026620225,-0.20058054884014537,0.11923418512144969,0.435,Not significant
2,4037,0900800010226,699.2662779621243,-0.077226745347376,-0.052823268424367756,0.0040793690990247366,0.857,Not significant
2,4038,0900800010404,704.9344596841937,-0.07121622967204207,-0.33724693124253796,0.024017454911559964,0.222,Not significant
2,4039,0900800010423,516.9915436205067,-0.27051009469942044,-0.27194588215782234,0.07356410633562996,0.376,Not significant
2,4040,0900800010550,606.7280038170238,-0.17535393579221703,-0.1067881798458964,0.018725727632065044,0.694,Not significant
2,4041,0900800010565,516.4880283085195,-0.27104402018449913,-0.13970371947795734,0.03786585776203308,0.65,Not significant
2,4042,0900800010315,507.1429211080384,-0.28095353192394634,-0.29415990715475554,0.0826452648655487,0.332,Not significant
2,4043,0900800010014,341.98460339727285,-0.4560867062269591,-0.6329256812442661,0.28866898924515155,0.046,Low-Low
2,4044,0900800010048,309.283599670531,-0.4907627108323611,-0.3463101129299675,0.16995608981017196,0.277,Not significant
2,4045,090080001057A,226.43640485068465,-0.5786135221751436,-0.27016160127532585,0.15631915567039306,0.365,Not significant
2,4046,0900800010457,179.67987296510526,-0.628193948774438,-0.42236601655970957,0.26532777577077366,0.122,Not significant
2,4047,0900800010353,538.7991602642971,-0.24738539120432496,-0.23733868708201397,0.058714123951704895,0.406,Not significant
2,4048,0900800010349,263.3937047353981,-0.5394241593129404,-0.2899710249437308,0.15641737635538366,0.31,Not significant
2,4049,0900800010599,73.42509067844695,-0.7408660658356365,-0.44504563442758444,0.3297192082956894,0.231,Not significant
2,4050,0900800010461,219.8085353754572,-0.585641686642739,-0.47172617364606567,0.2762625119676075,0.133,Not significant
2,4051,0900800010584,668.5070369707594,-0.10984371304622985,-0.47181699930815374,0.051826131082338064,0.162,Not significant
2,4052,0900800010230,653.1440476721334,-0.12613456124537084,0.05253770097170161,-0.0066268198609060755,0.862,Not significant
2,4053,0900800010300,508.9351079985684,-0.2790531046040675,-0.19554986334490468,0.054568796471296796,0.44,Not significant
2,4054,0900903000647,309.74913541841335,-0.49026905871475507,-0.4461257155642447,0.2187216346381288,0.287,Not significant
2,4055,0900900330488,46.12152153301085,-0.7698186538767432,-0.5617340543210024,0.43243335353411944,0.131,Not significant
2,4056,0900900330350,261.82491084229423,-0.5410877016530097,-0.6722637362469788,0.36375363995054283,0.064,Not significant
2,4057,0900900360223,130.2092890761151,-0.6806523445197561,-0.6654804598219132,0.45296083520987057,0.072,Not significant
2,4058,0900900240577,46.29697104454628,-0.7696326079644876,-0.4643316895359265,0.35736480917809194,0.269,Not significant
2,4059,0900900240581,105.0825179092338,-0.7072966652868626,-0.46806805593055945,0.3310629750869894,0.301,Not significant
2,4060,0900900010562,99.80043798204773,-0.712897760268893,-0.6103489025486475,0.4351163656095076,0.14,Not significant
2,4061,0900900010312,154.54384564017332,-0.6548480847319856,-0.5502635510479552,0.3603390325015747,0.11,Not significant
2,4062,090090029044A,523.2124387034429,-0.2639134841382219,-0.6050771157017037,0.15968800977714265,0.074,Not significant
2,4063,0900900330346,224.14824953623597,-0.5810398722922445,-0.655599897735568,0.380929680855083,0.062,Not significant
2,4064,0900900010308,238.4732336405206,-0.5658497203653093,-0.5919487063106679,0.33495400993649804,0.09,Not significant
2,4065,0900900010327,1425.401574774272,0.6927640202819978,-0.5403860684030135,-0.3743600252512543,0.085,Not significant
2,4066,0900900110543,93.52242276802056,-0.7195549407729998,-0.15205596413555644,0.10941262026774169,0.815,Not significant
2,4067,0900900240651,70.98870620789656,-0.7434495975164163,-0.5408093639932726,0.4020645039939076,0.351,Not significant
2,4068,090090011051A,143.68498951124357,-0.6663627693662142,-0.4415771985320874,0.2942506049028163,0.443,Not significant
2,4069,0900903000632,438.1073408917724,-0.3541585661644764,-0.5207102104460376,0.18441398151877142,0.078,Not significant
2,4070,0900901520628,190.093469185883,-0.6171514158440133,-0.7237075291593947,0.44663712627769303,0.187,Not significant
2,4071,0900900290473,206.44555229894667,-0.5998117367908956,-0.4652053941132497,0.27903565540756137,0.186,Not significant
2,4072,0900900010026,584.8066983796124,-0.1985991943982237,-0.3506978339777257,0.06964830730517833,0.243,Not significant
2,4073,0900900010331,359.0577427880353,-0.4379824221783748,-0.056481280737494664,0.024737808145144695,0.862,Not significant
2,4074,0900901520613,89.60634853039133,-0.7237075291593947,-0.6359997502879995,0.4602778078269202,0.127,Not significant
2,4075,0900900010505,29.37842405170884,-0.7875729628949567,-0.0400007561878268,0.031503514068885526,0.931,Not significant
2,4076,0900900290469,185.59944944349525,-0.6219168551738272,-0.5175064162478366,0.3218459629251321,0.141,Not significant
2,4077,0900900360238,174.6967281180366,-0.6334780542749988,-0.6659139517002073,0.42184187443762283,0.118,Not significant
2,4078,0900900240191,262.0873955475516,-0.5408093639932726,-0.6218555642644371,0.3363053122055279,0.065,Not significant
2,4079,0900900170365,192.90781605853292,-0.6141670944472545,-0.3586662350900317,0.22028099948158067,0.26,Not significant
2,4080,0900900240596,45.3055831801411,-0.7706838714192464,-0.5490683922856334,0.42315815424063347,0.101,Not significant
2,4081,090090015012A,187.39997719025465,-0.6200075832456471,0.0,-0.0,1.0,Island
2,4082,0900900290609,122.53132217105902,-0.6887940278143923,-0.44291516965602457,0.30507732368746804,0.315,Not significant
2,4083,0900900110416,303.36414239408464,-0.49703967803174026,-0.41239120101660304,0.20497478977641506,0.132,Not significant
2,4084,0900900010492,16.291967174054946,-0.8014497858435693,-0.5658497203653093,0.45350013720642074,0.314,Not significant
2,4085,0900900110401,628.6990199891493,-0.15205596413555644,-0.47695053269078025,0.07252317309326382,0.124,Not significant
2,4086,0900900170384,146.28222863719031,-0.6636086680962581,-0.3494841184609247,0.23192069037264912,0.248,Not significant
2,4087,0900900110435,355.6677099316766,-0.4415771985320874,-0.43352105270240776,0.19143301195701062,0.164,Not significant
2,4088,0900900110420,567.9035721217735,-0.21652319724720015,-0.4417300425875734,0.09564480114120329,0.191,Not significant
2,4089,0900900360242,158.00719970640546,-0.6511755588806585,-0.6570651993973775,0.4278647984386186,0.121,Not significant
2,4090,0900900170558,87.14831249557244,-0.7263140200663977,-0.694017547980496,0.5040746752703381,0.099,Not significant
2,4091,0900900240204,269.1345125834243,-0.5333366312040068,-0.6191131478112132,0.3301957205877407,0.084,Not significant
2,4092,0900900240219,399.2839274499782,-0.3953267478678462,-0.6377688171121574,0.2521270723604724,0.067,Not significant
2,4093,0900900290454,291.3439458986207,-0.5097858430276999,-0.43186261046455876,0.22015744494781828,0.325,Not significant
2,4094,090090017037A,134.36341263451533,-0.6762473296509098,-0.5864801492334385,0.39660563481237987,0.078,Not significant
2,4095,0900900170399,100.84721130546794,-0.7117877663100822,-0.6867055905833304,0.48878863843395454,0.066,Not significant
2,4096,0901500011074,1181.8327844230507,0.4344847158750732,3.7727522446669277,1.6392031870911548,0.001,High-High
2,4097,0901500010127,1047.5732349156845,0.2921164633302916,0.5910116302011587,0.17264422720143263,0.068,Not significant
2,4098,0901500010589,6436.255043209385,6.006251624528162,3.92406130027686,23.568899559535982,0.001,High-High
2,4099,0901500010358,4290.6324485020505,3.731042594333081,1.6109660638967571,6.010583002423909,0.006,High-High
2,4100,0901500011464,1160.9843487731775,0.41237712380690583,1.2340736083939394,0.5089037251955025,0.012,High-High
2,4101,0901500011479,1404.1596621144768,0.6702391868740175,0.12456870465208851,0.08349082731596545,0.686,Not significant
2,4102,0901500010038,1152.1560466536312,0.40301562996673584,0.7497717929019726,0.3021697514476775,0.044,High-High
2,4103,0901500010911,5249.85814913986,4.7482014280766425,8.331874093407222,39.56141646887095,0.001,High-High
2,4104,0901500010023,981.015161922274,0.22153856716134934,0.6994538500685443,0.15495600373967458,0.056,Not significant
2,4105,0901500010466,1680.6006121941796,0.9633759889791607,0.030267195763417933,0.02915868965220861,0.919,Not significant
2,4106,0901500010926,1568.8672598178114,0.8448944196072845,1.0938583117800116,0.924194783463977,0.032,High-High
2,4107,0901500011229,245.46417220518356,-0.5584365589868377,0.8109260914607452,-0.45285077610798424,0.018,Low-High
2,4108,0901500011290,864.1063974314659,0.0975690129002383,0.2981345456623761,0.02908869333173906,0.228,Not significant
2,4109,0901500011303,948.9658854533292,0.18755365135498486,0.2922257656230721,0.05480800936261319,0.302,Not significant
2,4110,0901500011411,914.2746196529836,0.15076718135203904,0.7527619308224732,0.11349179453922288,0.035,High-High
2,4111,0901500011430,2446.990415207257,1.7760524609579738,1.8209981010800198,3.2341881588229664,0.006,High-High
2,4112,090150001145A,1945.2784731049649,1.244039261598676,1.2143538794218034,1.510703903475388,0.008,High-High
2,4113,0901500011498,2493.501662284893,1.8253727885951399,0.7528403387951126,1.3742142685933445,0.023,High-High
2,4114,0901500011500,640.5241785452313,-0.1395166165370305,0.8033254738269917,-0.11207725208634875,0.027,Low-High
2,4115,0901500011515,706.7265254682909,-0.06931593077290706,0.02195138910114621,-0.0015215809673041973,0.946,Not significant
2,4116,090150001152A,446.0345942695736,-0.34575254055945714,0.737568235920105,-0.2550160914053334,0.041,Low-High
2,4117,0901500010945,1775.0180237084835,1.0634958086598865,1.1476094342821472,1.220477823337607,0.023,High-High
2,4118,0901500010983,1884.1862088579207,1.1792572856664647,1.095464288198725,1.2918342430457743,0.026,High-High
2,4119,0901500011089,1751.3762688410957,1.0384261928306049,0.6394290135354964,0.6639998361110948,0.064,Not significant
2,4120,0901500010042,202.7434696075829,-0.603737409456115,-0.1284898521341378,0.07757413046886362,0.605,Not significant
2,4121,0901500010057,406.2825300495072,-0.3879054595795547,-0.2074142470835627,0.0804571188382967,0.507,Not significant
2,4122,0901500010061,456.03965077786256,-0.33514322139427744,0.16423215304776687,-0.055041292828946584,0.552,Not significant
2,4123,0901500010080,1745.8063350831862,1.0325198588766074,0.008735024269285444,0.009019086025806347,0.967,Not significant
2,4124,0901500010165,1280.7268000324616,0.5393515074076614,1.3705653394678596,0.7392164818426832,0.005,High-High
2,4125,090150001017A,339.16991204078715,-0.4590713929129053,0.06413188477921465,-0.02944111367572402,0.838,Not significant
2,4126,0901500010555,939.5575292746396,0.17757707066933728,0.4993588591778398,0.0886746834255829,0.104,Not significant
2,4127,0901500010593,724.1026077852463,-0.05089040734000227,0.6403033534219393,-0.03258529847681193,0.04,Low-High
2,4128,0901500010663,12654.712194150892,12.600277013057937,4.383646975231784,55.235166215374,0.001,High-High
2,4129,0901500010930,1975.0287226465864,1.2755862990761067,0.7646743084347007,0.9754080710948012,0.031,High-High
2,4130,0901500011178,1008.1875339996656,0.2503520343921671,0.30832883751182955,0.07719075173285844,0.27,Not significant
2,4131,0901500010678,1063.0896592747958,0.30857001341187273,0.9287876843005002,0.2865960282013876,0.03,High-High
2,4132,0901500011549,1353.3275108725863,0.6163369909262877,0.7830753918682097,0.48263833069247597,0.058,Not significant
2,4133,0901500010112,4360.128261599713,3.8047356575542577,0.5493237414761352,2.0900316267353682,0.064,Not significant
2,4134,0901500010254,464.88444306165616,-0.32576424145440974,0.20445051114882942,-0.06660266567936476,0.509,Not significant
2,4135,0901500010216,605.1936691706073,-0.17698093769435916,-0.13141310026075742,0.023257613709471683,0.675,Not significant
2,4136,0901500010451,159.50884889900902,-0.6495832164940597,0.6977817389373763,-0.45326730638975915,0.067,Not significant
2,4137,0901500011286,968.7983064677364,0.20858386584560218,0.08470332884497751,0.017667747780476716,0.781,Not significant
2,4138,0901500011055,1051.6059222534204,0.29639270774969834,0.9133853089575824,0.27072074494073267,0.033,High-High
2,4139,0901500010377,215.49486273130373,-0.5902158866802913,0.5300809825533283,-0.3128622171300727,0.091,Not significant
2,4140,0901500010146,1147.8959625331022,0.3984982549706265,1.1732895589468035,0.46755384181555726,0.027,High-High
2,4141,0901500010184,341.85014991252393,-0.4562292801276053,-0.2676888774109378,0.12212750383935891,0.258,Not significant
2,4142,0901500010752,6089.8603634979,5.63893618646595,6.15349072794364,34.69914153888409,0.001,High-High
2,4143,0901500010536,5318.7174234054855,4.82121950824055,0.7193119178323621,3.4679606507633083,0.051,Not significant
2,4144,0901500010362,2190.8558569444203,1.5044484699568803,-0.225105939583453,-0.33866028638453183,0.436,Not significant
2,4145,0901500010413,167.77347948216342,-0.6408194375422518,-0.03716421892412764,0.023815553867656585,0.907,Not significant
2,4146,0901500010432,111.66585463004274,-0.7003157231617437,-0.2532151771302783,0.17733056988751988,0.347,Not significant
2,4147,0901500010447,1016.59520429816,0.25926749204684685,-0.48075157577039584,-0.1246432553475602,0.155,Not significant
2,4148,0901500010470,1381.7172045241298,0.6464413007521609,-0.08085267593073661,-0.0522665089979583,0.773,Not significant
2,4149,0901500010485,1216.6842450562804,0.471441055794223,0.4626636159988564,0.21811862360407383,0.1,Not significant
2,4150,0901500010697,1620.7327202978367,0.8998923322553267,0.7323455631426942,0.6590321568333197,0.037,High-High
2,4151,090150001070A,1932.6676491178675,1.230666797734611,0.8360369871454866,1.0288829617580282,0.042,High-High
2,4152,0901500010714,2022.1804837817988,1.3255858250827153,0.6581505614679275,0.8724350550521149,0.071,Not significant
2,4153,0901500011144,1308.086308990717,0.5683634137872252,0.8514815894166321,0.48395098293780947,0.015,High-High
2,4154,0901500011163,1160.4912496943475,0.41185424365095374,0.473021820712566,0.19481604419997092,0.088,Not significant
2,4155,0901500010748,6466.166908580284,6.0379700387403,4.040714864904281,24.39771528938461,0.001,High-High
2,4156,0901500011182,1327.4940922339013,0.5889433441999102,0.6477389074335373,0.3814815183123036,0.042,High-High
2,4157,0901500011197,714.569369790246,-0.06099941216998823,0.8223277192817947,-0.050161507487276574,0.039,Low-High
2,4158,090150001120A,1492.0145399011308,0.7634001238346695,1.3622798286725355,1.0399645899060859,0.006,High-High
2,4159,0901500011214,2457.4626338647554,1.7871571568697764,1.4261041080500183,2.548672163142979,0.009,High-High
2,4160,0901500011233,2685.764911246558,2.029247916164764,0.602083057253905,1.221775789290597,0.059,Not significant
2,4161,0901500011267,1347.6919817541952,0.6103610999323547,0.8592091424914118,0.5244278372829934,0.026,High-High
2,4162,0901500011248,1519.5025915524334,0.7925483363366185,1.2678510781001815,1.004833262670887,0.012,High-High
2,4163,0901500011252,1814.137633207148,1.1049780753961793,1.1246353618604301,1.2426974176710237,0.014,High-High
2,4164,0901500011271,1602.4757502094585,0.880532719194044,0.5914311626147659,0.5207744898332747,0.065,Not significant
2,4165,0901500011360,2662.9264999032234,2.005030162375332,1.6681118384432623,3.3446145502941076,0.008,High-High
2,4166,0901500011375,1574.547779538403,0.8509180184435252,0.8975985069707113,0.7637827429093844,0.035,High-High
2,4167,090150001138A,407.3145641097069,-0.3868110950724753,0.8232768258517726,-0.3184526105555157,0.047,Low-High
2,4168,0901500011394,1306.2091493937023,0.5663728817725174,1.0558846341169223,0.5980244230441215,0.025,High-High
2,4169,0901500011407,2589.152106244428,1.9268001106114738,0.8563456133161373,1.6500068224591837,0.049,High-High
2,4170,0901500011426,1171.207782436097,0.4232180091736297,0.9143025311749721,0.38694929702628217,0.028,High-High
2,4171,0901500011445,2654.8417703594355,1.9964571497168684,1.993114541932317,3.9791677774454355,0.002,High-High
2,4172,0901500011483,1894.9684126355332,1.1906906884749275,0.5555434048889529,0.6614803592449328,0.077,Not significant
2,4173,0901500010998,1998.9058398212285,1.3009054920901892,1.2018667258423668,1.5635150244087888,0.019,High-High
2,4174,0901500010076,511.4059635718088,-0.27643301991330615,0.0706662749214522,-0.01953449178256096,0.816,Not significant
2,4175,0901500010095,1049.473547519282,0.2941315466942363,0.3152810118420781,0.09273409165643426,0.259,Not significant
2,4176,0901500010199,161.60443887785507,-0.6473610618359115,-0.10946701673813039,0.07086468419160559,0.74,Not significant
2,4177,0901500010818,7424.468912217199,7.0541493881314965,5.951218163130755,41.980781964085864,0.001,High-High
2,4178,0901500010339,1220.1646425370873,0.47513165440953087,1.0250458561556548,0.48703173348087025,0.014,High-High
2,4179,090150001049A,928.2752293502724,0.16561336804399704,0.24475604805891585,0.040534873468175456,0.235,Not significant
2,4180,0901500010502,740.3749464069658,-0.03363528900472091,1.3399521246190453,-0.0450696769640514,0.027,Low-High
2,4181,0901500010521,913.6579055011508,0.15011322030093893,0.34812131481604536,0.05225761162243353,0.167,Not significant
2,4182,0901500010540,2387.422962207887,1.7128873883565763,3.931923493160293,6.734942163417201,0.001,High-High
2,4183,090150001056A,5331.904043012903,4.835202543319762,0.16973070261787576,0.8206823249774031,0.607,Not significant
2,4184,0901500010574,1105.5224019064078,0.35356551236380096,1.4868194965288535,0.5256880970827127,0.008,High-High
2,4185,090150001063A,1048.950893037264,0.29357732611504755,3.5446202933089404,1.0406201478027743,0.001,High-High
2,4186,0901500010644,3317.834248037426,2.6994915397747006,4.212885579166823,11.372648978999678,0.002,High-High
2,4187,0901500010659,7188.983290588326,6.80444144129465,5.731568750436666,39.000123929100646,0.001,High-High
2,4188,0901500010729,1635.1959087262046,0.9152290354569091,0.7509429652897212,0.6872848058052627,0.03,High-High
2,4189,0901500010771,7038.199133427948,6.644550565411867,7.284505804953511,48.402267165049885,0.001,High-High
2,4190,0901500010786,5837.266594790938,5.371086833578484,5.773963775859427,31.012460814077674,0.001,High-High
2,4191,0901500010790,1224.9069998594227,0.4801604298478605,1.165141722802439,0.5594549504544959,0.008,High-High
2,4192,0901500010803,1622.456600960826,0.9017203279434254,1.3033131832359794,1.175223991000537,0.006,High-High
2,4193,0901500010841,1638.2513142980824,0.9184689744681745,1.3624002556492276,1.2513223656213248,0.015,High-High
2,4194,0901500010856,2226.0070335055043,1.5417226273651026,0.9075314712965308,1.3991618043438045,0.027,High-High
2,4195,090150001088A,6748.42217836987,6.33727232061854,4.353642714156749,27.59021946628814,0.003,High-High
2,4196,0901500010894,3648.701374336501,3.050341626554773,4.924506471711675,15.021427080900496,0.002,High-High
2,4197,0901500010220,173.11226178944688,-0.6351582155986818,0.43270850059972665,-0.2748383591153035,0.182,Not significant
2,4198,0901500010907,7295.960303846173,6.917879408991272,4.4545087260814755,30.81575419333098,0.001,High-High
2,4199,0901500011159,1738.11728393674,1.0243664218997692,0.44954812390652876,0.460502003157885,0.085,Not significant
2,4200,0901500010273,245.8477847605685,-0.5580297778724606,-0.07766521316196685,0.04333950164918966,0.762,Not significant
2,4201,0901500010288,595.2572781195069,-0.1875174443021753,-0.28909681077929283,0.05421069511324255,0.314,Not significant
2,4202,0901500010305,1003.7234650793504,0.24561835478608532,-0.42883898757033867,-0.10533072659515708,0.128,Not significant
2,4203,0901500010517,807.8354516603885,0.03789954247623006,0.5015802290354561,0.019009661195566466,0.066,Not significant
2,4204,0901500010409,745.1142710033517,-0.0286097294560279,-0.1427202605771947,0.004083188043007345,0.634,Not significant
2,4205,0901500010682,2197.765422144222,1.5117753433669987,0.40943309204376443,0.618970853310274,0.214,Not significant
2,4206,090150001113A,2271.470395851111,1.5899317825105184,0.5448281448746433,0.8662395835424405,0.061,Not significant
2,4207,090150001106A,741.3947132868581,-0.03255393256321626,1.0800548883320928,-0.03516003399933502,0.028,Low-High
2,4208,0901500010343,3398.477397381776,2.7850051907141675,2.492932953807002,6.942831216454903,0.004,High-High
2,4209,0901500010269,1442.6344697764089,0.7110377084981745,-0.21824861386506544,-0.15518299428551904,0.449,Not significant
2,4210,0901500010019,978.550322432603,0.21892486189989543,0.35262087390398433,0.07719747612245022,0.245,Not significant
2,4211,0901500010396,28.23225492213364,-0.7887883557418501,0.07914400041420776,-0.06242786595355524,0.787,Not significant
2,4212,0901500010733,957.0612052762324,0.19613789390016506,1.4616622043545513,0.28668734635557436,0.006,High-High
2,4213,0901500011125,1388.5799135761297,0.6537184881033883,0.8557707917278574,0.5594331881313745,0.025,High-High
2,4214,0901500011341,2532.1886775201024,1.8663963342231396,1.2636369261360842,2.358447326729384,0.007,High-High
2,4215,0901500011356,4587.714970884789,4.0460676314974275,1.4813637216729176,5.993697804735357,0.007,High-High
2,4216,0901500011534,1392.3116437498506,0.657675598832202,1.4111838645518444,0.9281011931814752,0.006,High-High
2,4217,0901500010235,1413.175450217348,0.6797994900496914,0.050530822080112316,0.03435082708185204,0.856,Not significant
2,4218,0901500010767,8939.809787349312,8.6610103763728,5.133836700972933,44.464212937730075,0.001,High-High
2,4219,090150001095A,3253.4561885745616,2.631225320637349,1.010558133743227,2.659006149481203,0.031,High-High
2,4220,0901500010964,2296.2893657528425,1.6162497121314365,2.610147158891357,4.218649594178842,0.002,High-High
2,4221,0901500010979,3315.467196731717,2.6969815286856265,4.95337582070605,13.359163093082223,0.001,High-High
2,4222,0901500011036,873.0683127904379,0.10707218964850435,1.367153939958496,0.14638416593793602,0.011,High-High
2,4223,0901500011040,874.3542341013687,0.10843577511128194,1.31598271899327,0.14269960616708757,0.016,High-High
2,4224,0901500011093,1784.779935388891,1.0738472980886504,0.746786002493822,0.8019341310284149,0.041,High-High
2,4225,0901500010381,691.6409169077884,-0.0853126456227174,-0.07891656590734543,0.006732581021015182,0.774,Not significant
2,4226,0901500010292,64.62865558663343,-0.7501937680157811,-0.21634499742214797,0.16230066880748562,0.532,Not significant
2,4227,090150001024A,1135.97397500012,0.3858562303387903,0.07243225920926236,0.0279484384934081,0.796,Not significant
2,4228,0901500010108,1001.6028891706992,0.24336970515474818,1.012602940084091,0.24643687896709637,0.022,High-High
2,4229,0901500010131,561.6398918773888,-0.22316517701075808,0.20916689515666018,-0.04667876718242674,0.391,Not significant
2,4230,0901500010150,2419.9473048865348,1.7473760623415333,0.7371481528346343,1.288075036662518,0.055,Not significant
2,4231,090150001031A,0.0,-0.8187257182118653,-0.0018933492640653914,0.0015501337360478442,0.999,Not significant
2,4232,0901500010324,451.55282613742594,-0.33990103106873026,0.32759778062036465,-0.11135082340868965,0.249,Not significant
2,4233,0901500010606,1596.187207037639,0.8738643748884849,0.4823833695262488,0.4215376416676564,0.106,Not significant
2,4234,0901500010610,1074.8994307694277,0.3210930446361929,0.9632912724719852,0.3093061275495022,0.016,High-High
2,4235,0901500010625,723.6515478320857,-0.051368709386747,0.41592056249442316,-0.021365302502748366,0.175,Not significant
2,4236,0901500010822,1458.5799991468282,0.7279462796999834,1.008180357443506,0.7339011404675996,0.034,High-High
2,4237,0901500010837,2143.8453653748243,1.454598745593941,0.8940230301140285,1.30044477813596,0.026,High-High
2,4238,0901500010428,267.19217517479024,-0.5353962774916209,-0.3873138325155384,0.20736638414983238,0.176,Not significant
2,4239,0901500010201,23.60652911387378,-0.7936934556210742,0.0778981116686003,-0.061827221436607696,0.785,Not significant
2,4240,0901500011017,1750.8160023795317,1.0378320886690389,1.0234104829188673,1.0621282390534776,0.018,High-High
2,4241,0901500011110,2060.770323359134,1.3665063260583818,0.5900409080363226,0.8062946334648667,0.062,Not significant
2,4242,0901500011337,1218.2850970205254,0.4731385923759315,0.578237683376882,0.2735865635716575,0.066,Not significant
2,4243,0901500011318,1641.39579155537,0.921803364714004,0.2460104164887181,0.22677322967399385,0.438,Not significant
2,4244,0901500011322,930.7528467705574,0.16824062296846803,0.6038839870128784,0.10159781817572892,0.042,High-High
2,4245,0901500010860,2406.723828004834,1.733353943966179,1.8112041962905594,3.1394579369683346,0.004,High-High
2,4246,0901500010875,4553.23272491139,4.009502805225737,2.9565223708974924,11.854184739826144,0.002,High-High
2,4247,0901500011106,1618.3119549637884,0.897325363040146,1.1380823636965403,1.0212301701735855,0.021,High-High
2,4248,0901500011002,1431.7547627215745,0.6995009136312222,1.2486888733608248,0.8734590077570386,0.011,High-High
2,4249,0900300011783,97.89501382732574,-0.714918263899806,-0.19465542912675932,0.1391627214499745,0.437,Not significant
2,4250,0900300010357,979.4934963402798,0.2199249994809798,-0.18097877157271725,-0.039801756244198204,0.598,Not significant
2,4251,0900300010361,450.3933969630456,-0.3411304848104689,0.1112560585797688,-0.03795283320141846,0.705,Not significant
2,4252,0900300010728,482.6545035100767,-0.3069209452945491,-0.272711219894274,0.08370078540238023,0.408,Not significant
2,4253,090030001054A,1133.5293727377082,0.3832639845466391,-0.22101335147163476,-0.08470645772302554,0.313,Not significant
2,4254,0900300010111,288.4411110116406,-0.5128639967367045,-0.28076786962727424,0.14399573177229383,0.278,Not significant
2,4255,0900300011092,198.18072840771765,-0.6085757207257596,-0.29808016978851565,0.18140435416310272,0.183,Not significant
2,4256,0900300010906,124.77125178474108,-0.6864188160242936,-0.19045925940186148,0.13073481933948955,0.337,Not significant
2,4257,0900300011425,884.8996517534077,0.11961809092408246,-0.3298861556344681,-0.03946035215927982,0.247,Not significant
2,4258,0900300011444,295.4310678933864,-0.5054518763306032,-0.23707041225259476,0.11982768469554364,0.407,Not significant
2,4259,0900300010018,266.238624504237,-0.5364074185477148,-0.16109021464779005,0.08640998619251833,0.526,Not significant
2,4260,0900300011105,210.2256306384033,-0.5958033578737498,-0.659563680822408,0.3929702557655609,0.052,Not significant
2,4261,0900300011618,143.84203650347268,-0.6661962374067885,-0.22842547176343472,0.1521761898166708,0.398,Not significant
2,4262,0900300011073,180.22634538926872,-0.6276144717511832,-0.49440334640928685,0.3102946950886818,0.116,Not significant
2,4263,0900300010037,1453.3974792890497,0.7224507577900869,0.06072943642660297,0.043874027366564226,0.83,Not significant
2,4264,0900300011660,386.6058871689525,-0.40877048760274637,-0.17103943902525526,0.0699158748896538,0.612,Not significant
2,4265,0900300011694,1254.9707280693287,0.5120398787655015,-0.384725183463407,-0.19699463629863825,0.219,Not significant
2,4266,0900300011730,31.719044386798156,-0.7850909790941756,-0.4069773325078889,0.31951423244775434,0.233,Not significant
2,4267,090030001175A,181.6993371278925,-0.626052517606318,-0.2046171303943428,0.12810106962875856,0.515,Not significant
2,4268,0900300011764,313.306831491152,-0.48649649300289527,-0.18116011038991003,0.0881337583767086,0.556,Not significant
2,4269,0900300011779,501.0346979471244,-0.28743066566053155,0.005575232943452371,-0.0016024929161490397,0.981,Not significant
2,4270,0900300011798,1078.0401473351387,0.32442344706074594,-0.19591283195047443,-0.06355871626480555,0.572,Not significant
2,4271,0900300010060,620.4240932448989,-0.16083066109259014,-0.29129723807423374,0.046849527373924636,0.307,Not significant
2,4272,0900300011139,375.6486578869654,-0.42038948670808324,-0.48143943358237673,0.2023920763647257,0.13,Not significant
2,4273,0900300010022,506.6779203503253,-0.28144661674026317,0.25760916765661895,-0.07250322867823063,0.416,Not significant
2,4274,0900300010041,433.4962796719075,-0.359048115776835,-0.12527145714575005,0.044978480648800084,0.623,Not significant
2,4275,090030001008A,94.17150843092574,-0.7188666531098967,-0.4860918155677071,0.3494351965612708,0.107,Not significant
2,4276,0900300010075,111.25012969703312,-0.7007565561041232,-0.28045767133252975,0.19653255189596563,0.288,Not significant
2,4277,0900300010713,333.6225335668462,-0.46495380934017166,-0.31233051599117834,0.14521926318327977,0.215,Not significant
2,4278,0900300011124,276.94732769738187,-0.5250519554449199,-0.09364094625883992,0.049166361942916556,0.697,Not significant
2,4279,0900300010094,342.21527508645323,-0.45584210295351846,-0.31867960633056697,0.14526758191812503,0.275,Not significant
2,4280,0900300010107,626.4013609294043,-0.1544923919835557,-0.30850543593768637,0.04766174273794277,0.264,Not significant
2,4281,0900300010130,1816.7385639310744,1.1077360912208571,-0.16679865635543095,-0.18476889161205606,0.524,Not significant
2,4282,090030001015A,405.0623221016466,-0.3891993628729561,-0.17454190243363665,0.06793159722180504,0.522,Not significant
2,4283,0900300010179,282.91072552708806,-0.5187283938706423,-0.40976557864245455,0.21255704047267482,0.176,Not significant
2,4284,0900300010234,718.9637759565566,-0.056339602650552,-0.33970228760817606,0.019138691903328172,0.228,Not significant
2,4285,0900300011228,737.402275002834,-0.0367874970580696,-0.36233985540126307,0.013329576364595329,0.314,Not significant
2,4286,0900300010412,202.33700010405957,-0.6041684279806199,-0.367857838005867,0.2222480917083542,0.188,Not significant
2,4287,090030001168A,264.517374269076,-0.5382326249413852,-0.3475688675996253,0.1870729039560511,0.184,Not significant
2,4288,0900300011707,590.7354456342404,-0.1923123761456811,-0.2337590210849551,0.04495475279033609,0.395,Not significant
2,4289,0900300011726,414.6006183685475,-0.379084994273063,-0.38511272620896453,0.14599045560940901,0.226,Not significant
2,4290,0900300011745,1436.63248515211,0.7046732296518097,-0.3206721453644518,-0.22596907633334284,0.239,Not significant
2,4291,0900300011317,380.02949012802895,-0.41574407092097126,-0.22162228503630346,0.09213815098780065,0.438,Not significant
2,4292,0900300011478,661.3024215769142,-0.11748345642122678,0.4221584747554917,-0.04959663677178837,0.129,Not significant
2,4293,0900300011143,229.34340939172415,-0.5755309469827934,-0.4550191425833074,0.2618775980262696,0.212,Not significant
2,4294,0900300011529,221.89897577035768,-0.5834249925814001,-0.6572829831938208,0.3834753195937355,0.059,Not significant
2,4295,0900300011675,475.046856325165,-0.3149880618584527,-0.5267247411264852,0.16591200534032677,0.079,Not significant
2,4296,0900300010164,842.6062342477487,0.07477033174031439,-0.3038485378107443,-0.02271885597091881,0.192,Not significant
2,4297,0900300010183,630.1620734158564,-0.15050454853417666,-0.28403868223675227,0.04274911363628486,0.275,Not significant
2,4298,0900300010198,250.14741607174645,-0.5534704672043904,-0.4318570562066183,0.23902012666418973,0.106,Not significant
2,4299,0900300010200,263.2907015601769,-0.539533383439765,-0.4744519942001167,0.25598268971053273,0.092,Not significant
2,4300,0900300010215,16.69454880059138,-0.8010228900072066,-0.2161036061095314,0.17310393510683586,0.477,Not significant
2,4301,090030001022A,637.2008976421372,-0.1430406094047631,-0.14241323325783414,0.020370875672503272,0.592,Not significant
2,4302,0900300010249,1081.4820624008985,0.32807323908759084,-0.4735158912152362,-0.15534789219042983,0.109,Not significant
2,4303,0900300010268,661.0994369410394,-0.1176987004616617,-0.20441692775899836,0.024059606749599487,0.522,Not significant
2,4304,0900300010380,335.04298333117725,-0.4634475704803104,-0.11022245602459604,0.05108232945697189,0.694,Not significant
2,4305,0900300010395,210.37999000098563,-0.595639675865316,-0.3373569265355809,0.20094317037257262,0.257,Not significant
2,4306,0900300010408,330.1274957786157,-0.46865993247490667,-0.3199979224449018,0.14997020472513808,0.327,Not significant
2,4307,0900300010535,817.040429742662,0.04766046189756626,-0.1258112063265251,-0.005996220205412196,0.648,Not significant
2,4308,0900300010821,413.8243316907623,-0.3799081653487563,0.3432949873178927,-0.13042056880536518,0.292,Not significant
2,4309,0900300010836,723.6691358411434,-0.051350059137103866,0.12695988120507223,-0.006519397407920141,0.662,Not significant
2,4310,0900300010840,717.7553239165632,-0.057621040029489416,-0.1367047692223676,0.007877070979584157,0.619,Not significant
2,4311,0900300010855,279.3231843936558,-0.5225326071573199,-0.33906080543710504,0.17717032664991128,0.305,Not significant
2,4312,0900300010889,424.082221976322,-0.36903074232663374,-0.40380689163650335,0.1490171569772294,0.151,Not significant
2,4313,0900300010893,361.1773056971732,-0.4357348467273925,-0.5028177232217773,0.2190952035598576,0.078,Not significant
2,4314,090030001093A,746.4785733925501,-0.02716302903281385,-0.1931340530245616,0.005246105889531176,0.491,Not significant
2,4315,0900300011020,290.984122812084,-0.5101673978909738,-0.4549372951695839,0.2320941760802245,0.156,Not significant
2,4316,090030001129A,326.43104914866296,-0.47257962868469133,-0.2563137868319619,0.12112867420781567,0.404,Not significant
2,4317,090030001136A,239.78407222418736,-0.5644597127330055,-0.3172401472105092,0.1790692823618204,0.357,Not significant
2,4318,0900300011374,639.2036334008525,-0.1409169169648328,-0.44053531183349903,0.06207887795771791,0.135,Not significant
2,4319,0900300011389,1577.6673335953096,0.8542259802341793,0.3030687103129067,0.25888916614535123,0.357,Not significant
2,4320,0900300011393,1095.1654154498387,0.34258300818542364,0.3388109057254789,0.11607085928946254,0.219,Not significant
2,4321,0900300011406,1720.0977082320014,1.0052585408284025,0.2836019983993912,0.2850933310869909,0.288,Not significant
2,4322,090030001143A,241.8409241347408,-0.5622786357569292,-0.3458727907286062,0.19447688091632256,0.185,Not significant
2,4323,090030001150A,284.29590120954737,-0.5172595594964554,0.05340565030117529,-0.02762458314940767,0.871,Not significant
2,4324,0900300011514,561.5969907839018,-0.2232106691469556,-0.2768321048899234,0.061791879373839995,0.408,Not significant
2,4325,0900300011533,21.859339944552712,-0.795546167549679,-0.6983102566093734,0.5555380484062199,0.066,Not significant
2,4326,0900300011567,100.65768294698849,-0.7119887413714718,-0.3935845691462835,0.2802277820096954,0.191,Not significant
2,4327,0900300011590,144.39116822610478,-0.6656139404748019,-0.4469552713878215,0.29749965940443235,0.095,Not significant
2,4328,0900300011482,348.40303656452323,-0.4492806271253249,-0.14892498575437035,0.0669091109943536,0.666,Not significant
2,4329,0900300010516,1434.0016142612203,0.7018834654020322,-0.267179497983197,-0.1875288719288216,0.34,Not significant
2,4330,0900300010145,680.495547263709,-0.09713114796400661,-0.052356300715708626,0.0050854275916655195,0.856,Not significant
2,4331,0900300010287,312.6817136366343,-0.4871593653044096,-0.23880284776491884,0.11633504375004342,0.327,Not significant
2,4332,0900300010291,337.3935160634625,-0.460955075615903,-0.1301266757686293,0.05998255166857461,0.679,Not significant
2,4333,0900300010304,761.4756551791678,-0.011260187595715223,-0.2704824370552528,0.0030456829825883814,0.306,Not significant
2,4334,0900300010319,755.5537678667392,-0.01753973159486525,-0.13461937562610424,0.0023611877159502134,0.695,Not significant
2,4335,0900300010323,346.3260091544814,-0.45148309811483944,-0.3135329510755378,0.1415548281126722,0.174,Not significant
2,4336,0900300010342,85.30979299062012,-0.7282635782926093,-0.08361239701994053,0.0608918634433642,0.777,Not significant
2,4337,0900300010376,752.1729654732861,-0.02112472000515875,-0.14043802358138005,0.002966713926234536,0.721,Not significant
2,4338,0900300011336,516.374134884606,-0.271164792284498,-0.03235052638074046,0.00877232376632766,0.9,Not significant
2,4339,0900300010427,51.70618845340464,-0.7638966969402091,-0.5701972437548292,0.4355717911087253,0.109,Not significant
2,4340,0900300010959,2119.0325017200794,1.4282872910112328,0.21673834331791184,0.3095646212358028,0.424,Not significant
2,4341,0900300010431,334.67941079365073,-0.4638331012453908,-0.27176867175201486,0.12605530584007768,0.288,Not significant
2,4342,0900300010446,341.3197684458133,-0.45679169436834116,-0.23902873860334023,0.1091863425093471,0.465,Not significant
2,4343,0900300010450,557.2567780796834,-0.2278130121507829,-0.3025731776766683,0.06893010700255583,0.25,Not significant
2,4344,0900300010465,323.08842050141385,-0.47612413781764407,-0.33353524731138257,0.1588041820579267,0.24,Not significant
2,4345,0900300010499,329.8292302354456,-0.46897621198225836,-0.3492356035202174,0.1637831904282494,0.225,Not significant
2,4346,0900300010501,769.8194105426919,-0.0024125050649399945,-0.19318971622099293,0.00046607116887746564,0.498,Not significant
2,4347,0900300010520,496.7361406207904,-0.2919888374796628,0.14926510946588356,-0.043583745789217955,0.672,Not significant
2,4348,0900300010696,384.62204810377153,-0.41087414206960715,-0.3526769034426283,0.14490582012975559,0.146,Not significant
2,4349,0900300010785,1148.655476137733,0.39930363995122603,0.0022095720419095023,0.0008822901590689272,0.997,Not significant
2,4350,0900300011162,1098.3267384413234,0.3459352615758063,0.036733424876077836,0.012707386943081215,0.882,Not significant
2,4351,0900300011232,314.6879889321587,-0.485031919554773,-0.24772753603211298,0.12015576232822994,0.318,Not significant
2,4352,0900300011247,671.5949487326028,-0.10656930461003883,-0.09643944361416823,0.010277484442940958,0.703,Not significant
2,4353,0900300011251,393.6492935174875,-0.40130168961047596,-0.17009514472554055,0.06825946897289786,0.659,Not significant
2,4354,0900300011270,417.08736311695367,-0.3764480607688576,-0.0860286257043256,0.032385309317003265,0.735,Not significant
2,4355,0900300011321,542.847677387093,-0.2430923609484887,-0.23613207186349464,0.05740190284495511,0.477,Not significant
2,4356,0900300010554,486.6548091571485,-0.3026790382815408,-0.04875638311848183,0.01475753515238843,0.857,Not significant
2,4357,0900300010573,568.8539599879546,-0.21551541001534644,-0.15672696702748168,0.0337770765593894,0.512,Not significant
2,4358,0900300010605,292.6840509698872,-0.5083648013370144,-0.0646324503806107,0.0328568627976636,0.789,Not significant
2,4359,0900300010624,746.0515064154516,-0.027615889030275335,0.36689859655454643,-0.010132230927814114,0.214,Not significant
2,4360,0900300010639,1107.5794065921175,0.355746751342,0.28677535425474443,0.10201940064107654,0.346,Not significant
2,4361,0900300010643,1371.1272974527078,0.6352118085491706,0.08945377796190963,0.056822096080740556,0.771,Not significant
2,4362,0900300011213,705.9390911466666,-0.07015092276248834,-0.40466877245102717,0.028387887800602977,0.104,Not significant
2,4363,0900300010658,1005.6984076117786,0.2477125754076341,0.12149380197386574,0.03009554258301138,0.651,Not significant
2,4364,0900300010662,450.45464234296486,-0.3410655404713322,-0.08642498099265442,0.02947658285248429,0.805,Not significant
2,4365,090030001079A,779.3562595749028,0.007700328893472452,-0.10207559141477428,-0.000786015625889475,0.731,Not significant
2,4366,090030001086A,940.405587661252,0.17847634815835733,-0.40885419860876254,-0.07297080429690368,0.135,Not significant
2,4367,0900300010802,991.4777159786156,0.2326330147713865,0.2503725317403152,0.058244916874694186,0.375,Not significant
2,4368,0900300010817,896.4712372522044,0.13188855073629743,0.1715204988980233,0.022621590021226993,0.511,Not significant
2,4369,0900300010982,1392.07970231248,0.6574296491232067,-0.08530017328547967,-0.05607886299322163,0.78,Not significant
2,4370,0900300010997,821.6503112698616,0.052548760568863886,0.041025547352631135,0.0021558416650400013,0.879,Not significant
2,4371,0900300011001,829.5743982679013,0.06095142855831545,-0.1849747939553923,-0.011274477938861214,0.587,Not significant
2,4372,0900300011016,576.5457332651547,-0.20735908650268972,-0.15089909847177205,0.031290299213186074,0.61,Not significant
2,4373,0900300011069,97.37670652323668,-0.7154678747500965,-0.1949724030149182,0.13949649082000284,0.551,Not significant
2,4374,0900300011410,239.4579497854172,-0.5648055315734061,-0.37589441807769514,0.21230724661784875,0.12,Not significant
2,4375,0900300011340,381.2387029424361,-0.4144618268200967,-0.49236872945483495,0.20406804307894083,0.11,Not significant
2,4376,0900300011355,173.9090028106393,-0.6343133548246502,-0.4630072778724883,0.2936916997355271,0.111,Not significant
2,4377,0900300011459,303.6624562829913,-0.49672334725877615,-0.028092908876384336,0.013954403731313412,0.926,Not significant
2,4378,0900300011497,1463.40618527765,0.7330639468485928,-0.100598259045544,-0.07374495682202363,0.719,Not significant
2,4379,0900300011463,98.23562036193836,-0.7145570861860713,-0.20781309971281103,0.14849432300208174,0.414,Not significant
2,4380,0900300011622,253.73574504617432,-0.5496654184944878,-0.48602527202145734,0.2671512845445716,0.119,Not significant
2,4381,0900300010126,422.98134906237385,-0.3701981032600479,-0.10927867796592672,0.040454759309751655,0.741,Not significant
2,4382,0900300010588,630.5709435689522,-0.15007098437112418,-0.043700448727302645,0.006558169357966149,0.876,Not significant
2,4383,0900300010056,465.7349919804321,-0.3248623230157266,-0.18628779119321465,0.060517884596496326,0.577,Not significant
2,4384,0900300011302,491.7060072479487,-0.2973227694121498,-0.23087410165210404,0.06864412728874576,0.388,Not significant
2,4385,0900300010272,55.75885682801677,-0.759599264714687,-0.4021483406808401,0.3054715838873976,0.127,Not significant
2,4386,0900300010677,436.9828502939265,-0.35535097118896647,-0.30320338531535596,0.10774361743959415,0.252,Not significant
2,4387,0900300010681,308.4099177901206,-0.49168915936470364,-0.364466165272891,0.1792040624199049,0.262,Not significant
2,4388,0900300011158,959.9274010963352,0.19917719569922854,-0.21857679646696257,-0.04353551336521065,0.461,Not significant
2,4389,0900300011181,1066.6496800505008,0.31234504422882353,-0.11157743239290434,-0.03485065805570027,0.647,Not significant
2,4390,0900300010978,893.0820750736209,0.12829469764557683,-0.022409608349269493,-0.0028750339275253234,0.942,Not significant
2,4391,0900300011656,398.9407247058184,-0.39569067859109,-0.1462841984481449,0.05788329375110012,0.629,Not significant
2,4392,0900300011571,207.4768559698826,-0.5987181467854702,-0.5791003488388226,0.34671788765959916,0.061,Not significant
2,4393,0900300011552,163.15276675283087,-0.6457192215740045,-0.5516630701696649,0.3562194482410814,0.077,Not significant
2,4394,0900300011548,23.629862040586577,-0.7936687134853003,-0.5254054982851808,0.4169979058821026,0.097,Not significant
2,4395,0900300011586,881.0160668044934,0.11549995404059912,-0.6837276572438766,-0.07897051298795427,0.054,Not significant
2,4396,0900300011266,870.7828284024719,0.10464867177043158,-0.2862376647144467,-0.02995439142303698,0.311,Not significant
2,4397,0900300011285,857.9133566871492,0.09100193896067746,-0.2867840262716498,-0.026097902453669993,0.292,Not significant
2,4398,090030001061A,1244.4411084624846,0.5008743151323134,-0.05751998706842666,-0.02881028412931773,0.874,Not significant
2,4399,0900300010770,109.56457645639688,-0.7025439095573495,-0.3360611358880636,0.23609770425708387,0.09,Not significant
2,4400,0900300010484,306.9994221375436,-0.4931848429269993,-0.4272221630453334,0.21069949537644564,0.141,Not significant
2,4401,0900300010709,585.0441081242406,-0.19834744611958108,-0.3277389339092047,0.06500618053484493,0.26,Not significant
2,4402,0900300010963,808.1696236078669,0.03825389698126573,-0.3133605114359561,-0.011987260722467807,0.199,Not significant
2,4403,0900300011637,356.29866226151347,-0.440908139377878,-0.33710205820359623,0.14863104126300075,0.309,Not significant
2,4404,0900300011641,610.4729877569479,-0.17138277082636105,-0.23820821524346292,0.04082478396202689,0.351,Not significant
2,4405,0900700010638,676.2018208999203,-0.10168419705109977,-0.23824521466538595,0.02422577335451667,0.369,Not significant
2,4406,0900700012121,129.76401341894098,-0.6811245129237558,0.3300994739999589,-0.22483884344461,0.236,Not significant
2,4407,0900700010271,889.8680877853848,0.12488659925997771,-0.16030301486164067,-0.020019698377191968,0.614,Not significant
2,4408,0900700010623,988.2174680490486,0.22917586179941318,-0.16563994650160752,-0.037960677487914596,0.653,Not significant
2,4409,0900700010479,578.6400889173365,-0.2051382407192615,-0.14680064549339553,0.030114426152967146,0.662,Not significant
2,4410,0900700014274,399.7731941814589,-0.3948079315166459,-0.21798138415375154,0.08606077938687802,0.57,Not significant
2,4411,0900700012795,1636.0793254400985,0.9161658067650762,0.3033197947424634,0.2778912244580463,0.313,Not significant
2,4412,0900700014842,50.14255565332945,-0.7655547664792864,-0.0054367963029529846,0.0041621653241026195,0.988,Not significant
2,4413,0900700015291,603.0099543915255,-0.1792965395140795,0.49754643902047574,-0.08920835476392427,0.081,Not significant
2,4414,0900700011458,1093.843643180158,0.3411814065191953,-0.059674250350864357,-0.020359744667686485,0.857,Not significant
2,4415,0900700011462,963.9052670472686,0.20339530775434683,0.03152660930904995,0.00641236440286527,0.906,Not significant
2,4416,0900700013897,1864.9226112096164,1.158830249042419,0.40502569922631193,0.4693560319030069,0.132,Not significant
2,4417,0900700011180,513.4303468114493,-0.27428637257711236,0.2186777557859594,-0.05998032839783445,0.431,Not significant
2,4418,0900700011195,1426.7931687697069,0.6942396606078356,-0.14308297785733815,-0.09933387798643689,0.694,Not significant
2,4419,0900700010500,345.55693235542697,-0.4522986238659378,-0.31095889372398305,0.14064627971023194,0.264,Not significant
2,4420,0900700010515,658.5623011793504,-0.12038906838100823,-0.29488045654381956,0.035500383447076816,0.218,Not significant
2,4421,090070001369A,611.3879442655609,-0.17041255485465792,-0.19514526171052457,0.033255202615871345,0.55,Not significant
2,4422,090070001440A,777.3653188002875,0.0055891438042763785,0.7154969322792479,0.003999015246027314,0.058,Not significant
2,4423,0900700010642,478.3421321219061,-0.3114937654858181,-0.23361176930279243,0.07276860968193107,0.375,Not significant
2,4424,0900700013632,541.8654245363664,-0.2441339376737808,0.17569866204058474,-0.04289400620798279,0.542,Not significant
2,4425,0900700011852,953.9459910769576,0.1928345340759977,-0.09794276224472447,-0.01888674692357766,0.726,Not significant
2,4426,0900700011867,968.4199655137452,0.2081826747148148,-0.3702904553409046,-0.0770880574142362,0.134,Not significant
2,4427,0900700011941,342.1733881356822,-0.45588651969711386,-0.2707270881651937,0.12342083001136385,0.273,Not significant
2,4428,0900700010229,65.24926460065537,-0.7495356768694601,-0.23616464232944587,0.17701382504103516,0.377,Not significant
2,4429,0900700012371,2326.839156784616,1.648644579988216,0.5298726013142199,0.8735715922409454,0.204,Not significant
2,4430,0900700012386,882.6058181166874,0.11718571953831074,0.6312263768465537,0.07397071716232428,0.077,Not significant
2,4431,0900700010017,1465.7251624180965,0.735522980298266,0.08091266605161837,0.05951312527816468,0.783,Not significant
2,4432,0900700010888,448.6784257997389,-0.34294903290317846,-0.024685703777519632,0.008465938237034697,0.943,Not significant
2,4433,0900700011176,466.8623833148605,-0.32366684206256063,-0.10967646699607857,0.035498635721199406,0.691,Not significant
2,4434,0900700010924,1013.463659626988,0.2559468154600674,-0.23302355389142201,-0.05964163654569687,0.393,Not significant
2,4435,0900700014397,539.5085586146118,-0.2466331482252368,0.5427746347212448,-0.13386621693810352,0.068,Not significant
2,4436,0900700013100,1225.444066311444,0.4807299328184518,-0.0032587569969343582,-0.0015665820322079136,0.984,Not significant
2,4437,0900700014575,2184.885584424648,1.4981176184906353,-0.40432880766798396,-0.6057321104307183,0.179,Not significant
2,4438,0900700010680,790.818187084408,0.019854507842461785,0.08692839925192346,0.0017259205846799634,0.831,Not significant
2,4439,0900700010695,680.0909083144649,-0.0975602253765767,0.3157766310569706,-0.030807239294574164,0.229,Not significant
2,4440,0900700010727,411.3707729014903,-0.3825099086037147,0.21258776074782074,-0.08131692493391728,0.419,Not significant
2,4441,0900700014147,1082.0097053068507,0.3286327493702017,-0.20850017634069654,-0.06851998619501498,0.529,Not significant
2,4442,0900700011015,926.4211950677586,0.16364735801396096,-0.1919914923099141,-0.03141890047767515,0.526,Not significant
2,4443,0900700015427,1419.8913339274277,0.6869209844357987,0.37876954369683036,0.260184747830525,0.182,Not significant
2,4444,0900700013115,970.8827474458536,0.21079419815102224,0.3629191002137787,0.07650124072325397,0.176,Not significant
2,4445,0900700012174,1167.4556434301487,0.41923925700633846,0.27622912510047437,0.1158060931706338,0.352,Not significant
2,4446,0900700012189,626.206868179773,-0.1546986312641077,0.10438616116534047,-0.016148396255192727,0.715,Not significant
2,4447,0900700012390,1325.8934561141486,0.5872460364987792,-0.06383204670601991,-0.037485116429715144,0.805,Not significant
2,4448,0900700012403,625.0707229141063,-0.15590339484854915,0.2628670841189818,-0.040981870808088405,0.273,Not significant
2,4449,0900700012456,959.634980995041,0.19886711467346185,0.22976712350241438,0.045693124897746115,0.371,Not significant
2,4450,0900700013083,1805.0983303538164,1.095392837279607,0.16425790093187323,0.1799269281473572,0.558,Not significant
2,4451,0900700010939,1015.447827547362,0.25805081864356944,-0.07966789201399009,-0.02055836475381763,0.757,Not significant
2,4452,0900700010981,2027.9582902280729,1.3317125863471189,-0.04986121247539476,-0.06640080422401118,0.883,Not significant
2,4453,0900700010021,406.1506473543436,-0.3880453074259107,-0.011367922547998384,0.004411268999931975,0.969,Not significant
2,4454,090070001006A,307.9405674677193,-0.49218685644082805,-0.3090382773932628,0.15210457827007862,0.27,Not significant
2,4455,0900700010089,1921.936043627935,1.2192870491341747,-0.007932090443600538,-0.009671495150443087,0.977,Not significant
2,4456,0900700010093,275.3673490035409,-0.526727358099893,-0.1612013246496435,0.08490914785490988,0.593,Not significant
2,4457,0900700010178,1660.9697278290032,0.9425594830901289,0.12819145172539642,0.12082806847486287,0.625,Not significant
2,4458,0900700010182,141.7043733744385,-0.6684630062535983,-0.17124133830955665,0.11446849980129571,0.571,Not significant
2,4459,0900700010214,778.483241457146,0.0067745842122113355,-0.24079451064874005,-0.0016312826902281086,0.353,Not significant
2,4460,0900700010318,417.3892770690237,-0.3761279125042998,-0.10790984196234767,0.04058790359596672,0.758,Not significant
2,4461,0900700010322,663.8412175723814,-0.11479132799707674,0.04095096293245651,-0.004700815417775747,0.876,Not significant
2,4462,0900700010375,987.441882907309,0.22835343462954466,0.03883493571426826,0.008868090953970726,0.885,Not significant
2,4463,0900700010483,989.7785681526202,0.23083124567794144,-0.12468559306461888,-0.02878133076519887,0.635,Not significant
2,4464,0900700010498,401.0999442890716,-0.3934010513723471,-0.16985371643976052,0.0668206306269023,0.557,Not significant
2,4465,0900700010801,566.5521613462456,-0.21795622745836993,-0.16912272622913382,0.036861351386376716,0.61,Not significant
2,4466,0900700010892,858.3054814879221,0.09141774642368733,-0.07678037722733727,-0.007019089055683776,0.812,Not significant
2,4467,090070001134A,854.2618760827489,0.08712992453222813,0.18236685789692447,0.0158896105657386,0.481,Not significant
2,4468,0900700011354,847.7409820276553,0.08021519634298746,-0.2526453355913276,-0.0202659951995983,0.376,Not significant
2,4469,0900700013134,271.66068135884865,-0.5306578926300283,-0.29344593708046157,0.1557194025719616,0.349,Not significant
2,4470,0900700013420,50.67762058745014,-0.7649873859097234,-0.10673232586275641,0.08164888295381478,0.698,Not significant
2,4471,0900700013492,1274.4659805748663,0.5327125612101896,-0.03772582276961642,-0.020097019671364052,0.893,Not significant
2,4472,0900700013539,869.0608772266294,0.10282272210225786,0.05711553238087756,0.005872774513721484,0.855,Not significant
2,4473,0900700014289,424.8940506849537,-0.3681698826333183,-0.2322202828427447,0.0854965142792893,0.48,Not significant
2,4474,0900700014325,358.82863321763296,-0.43822536898773884,0.14461572793206395,-0.06337428073445918,0.651,Not significant
2,4475,0900700014359,914.8198557648168,0.1513453473949822,0.36645015262571695,0.055460525652083384,0.223,Not significant
2,4476,0900700015408,1173.731698327764,0.42589435879929943,-0.05128313236456784,-0.021841196775627222,0.894,Not significant
2,4477,0900700014363,1021.1462120694952,0.26409336123902055,-0.06762041205314864,-0.017858101907483603,0.78,Not significant
2,4478,0900700015107,504.21105597052207,-0.28406246918656,-0.046551175323276094,0.013223441805866267,0.827,Not significant
2,4479,0900700015338,153.7092640234786,-0.6557330715117775,-0.13553436206261796,0.08887436353070981,0.571,Not significant
2,4480,0900700010337,556.8029328445779,-0.22829426769859928,0.10683408248412433,-0.02438960862596492,0.739,Not significant
2,4481,0900700010553,1395.205601479594,0.6607443392416088,-0.2336244896137189,-0.1543660590204748,0.468,Not significant
2,4482,0900700010568,590.2512571463197,-0.19282580754911194,-0.09222121661220889,0.017782630566410756,0.764,Not significant
2,4483,0900700010572,957.060811258628,0.19613747608558113,-0.24921641093481187,-0.048880677839861025,0.375,Not significant
2,4484,0900700010587,335.4989478647614,-0.462964067637444,-0.17225304233410962,0.07974696914192424,0.556,Not significant
2,4485,0900700010619,695.3105598219504,-0.08142137195861268,-0.14147534322674843,0.01151911654383748,0.618,Not significant
2,4486,0900700010676,1583.3983011571547,0.8603030737456986,-0.18779060819745555,-0.1615568374528452,0.404,Not significant
2,4487,0900700010708,1015.4322700252276,0.2580343215135826,0.1673592745377501,0.04318443685435374,0.597,Not significant
2,4488,0900700013613,800.7957334666133,0.030434655387505827,0.2908213788680306,0.008851048445167781,0.328,Not significant
2,4489,0900700013628,107.08527208811188,-0.7051729533142704,0.48649706923881736,-0.34306457509387395,0.251,Not significant
2,4490,0900700013789,369.6508586815899,-0.4267495273541077,0.0829792516633023,-0.035411356427511816,0.822,Not significant
2,4491,0900700013844,485.4703625039703,-0.30393502045088544,0.03845296613980459,-0.011687203050098714,0.919,Not significant
2,4492,0900700015037,1296.7331616575373,0.5563245848723437,0.022403473375819036,0.01246360302550113,0.958,Not significant
2,4493,0900700015554,1327.0957865330597,0.5885209825368813,0.28040717799365117,0.16502550790321777,0.317,Not significant
2,4494,090070001561A,0.0,-0.8187257182118653,-0.5334092177124414,0.43671584487244786,0.095,Not significant
2,4495,0900700015925,382.7872355922117,-0.4128197694158671,-0.2585543470027232,0.10673634591113428,0.44,Not significant
2,4496,0900700010765,476.7599291370466,-0.3131715267694818,-0.17677059495569375,0.055359517110224264,0.531,Not significant
2,4497,0900700012831,535.2524172068215,-0.2511463423856071,-0.1468805945171157,0.03688852408039706,0.555,Not significant
2,4498,0900700015681,238.04068921107543,-0.5663083886298316,-0.10652588971973209,0.06032650495454062,0.698,Not significant
2,4499,0900700014128,51.92296073140492,-0.7636668325429852,0.07163297083073976,-0.05470372393995508,0.825,Not significant
2,4500,0900700015696,150.1734224767977,-0.6594824627776001,-0.17058335832446533,0.11249673325669224,0.563,Not significant
2,4501,0900700015910,593.7369499634665,-0.18912959378177877,0.40935129153673533,-0.07742044348238925,0.172,Not significant
2,4502,0900700015249,250.79475847673132,-0.5527840280845364,-0.18806933313675192,0.10396172353050631,0.485,Not significant
2,4503,0900700015766,2296.5332091351656,1.616508282611997,-0.37706605595636145,-0.609530402545297,0.198,Not significant
2,4504,0900700015770,447.5220361360578,-0.3441752635607608,0.09405891625018922,-0.0323727522906484,0.791,Not significant
2,4505,090070001579A,309.7601514543972,-0.49025737735727437,0.02741068169294732,-0.013438288918359407,0.935,Not significant
2,4506,0900700010958,2137.9032870373644,1.4482977911181334,-0.08471762124721266,-0.12269634372112075,0.748,Not significant
2,4507,0900700011000,749.2361794216313,-0.024238875384095502,0.0030143067051339547,-7.306340459518543e-05,0.988,Not significant
2,4508,0900700011087,526.8067368473263,-0.2601021057465377,-0.3086261365081587,0.08027430799419047,0.28,Not significant
2,4509,0900700014039,884.6907510243097,0.11939657348367588,0.3783864310581876,0.04517804332106475,0.255,Not significant
2,4510,0900700013651,234.16849104053384,-0.5704144510221895,-0.13945321182982703,0.07954612726919189,0.611,Not significant
2,4511,0900700013666,96.0091909016546,-0.7169179824711986,-0.2620790226721968,0.18788916418217486,0.387,Not significant
2,4512,0900700013702,622.6151801982573,-0.15850724185077156,-0.1932361126090031,0.030629323235618185,0.56,Not significant
2,4513,0900700013967,400.0023100975272,-0.3945649779783648,-0.40121186279628124,0.15830414980887345,0.197,Not significant
2,4514,0900700013986,72.057865425073,-0.7423158656515316,-0.23230902785186722,0.17244667710852457,0.438,Not significant
2,4515,0900700014043,967.8419127327128,0.20756971001609356,0.1631595847114938,0.033866987684911025,0.569,Not significant
2,4516,0900700014058,1596.5642971150571,0.8742642395950997,0.5212156931567687,0.45568024164273524,0.076,Not significant
2,4517,0900700014448,487.045956959545,-0.3022642668234341,-0.24039671577147181,0.0726633370394254,0.39,Not significant
2,4518,090070001383A,637.7436846100442,-0.142465040423573,0.11079566165357986,-0.015784508416233772,0.659,Not significant
2,4519,0900700014077,709.6921195886173,-0.06617122744106113,0.2158542140970404,-0.014283338295126763,0.413,Not significant
2,4520,0900700014768,849.3873933604898,0.08196104388445204,0.3846399337338078,0.031525490488469345,0.129,Not significant
2,4521,0900700014838,1714.706451747028,0.9995416754910562,0.12384727157845277,0.12379050933852255,0.734,Not significant
2,4522,0900700014857,279.946279795507,-0.5218718794559702,-0.1107081138302096,0.05777545143559698,0.685,Not significant
2,4523,0900700014861,134.22804660530076,-0.6763908712098077,0.07839333350040986,-0.05302453514338323,0.832,Not significant
2,4524,0900700014772,1580.1124929978644,0.8568188168153572,0.22396529448107083,0.19189767862497417,0.47,Not significant
2,4525,0900700015018,1190.3900733976568,0.4435588285345124,0.3399994123319246,0.15080974103637113,0.277,Not significant
2,4526,0900700014876,1031.6385744298336,0.2752194174472314,-0.18381449455644389,-0.05058931811018177,0.563,Not significant
2,4527,0900700014895,289.88358416545066,-0.5113344043687558,0.30120308492476466,-0.1540155000240363,0.295,Not significant
2,4528,0900700014908,879.1303869958479,0.11350038722988878,0.21794696237952257,0.024737064625653817,0.41,Not significant
2,4529,0900700014880,1064.2083847400518,0.3097563051144015,0.046196270401578365,0.014309586029658703,0.899,Not significant
2,4530,0900700014946,1318.1936425482802,0.5790811870983784,0.46153649213970516,0.26726709975748186,0.13,Not significant
2,4531,0900700014965,153.51909486947392,-0.6559347260700038,-0.3047093680449669,0.19986945585953933,0.229,Not significant
2,4532,090070001497A,647.1439612307702,-0.13249702726666232,0.30436434648731725,-0.040327371115529934,0.303,Not significant
2,4533,0900700014984,1520.8923892675657,0.7940220718944997,-0.07590623615360341,-0.06027122690039736,0.801,Not significant
2,4534,0900700011104,844.4536047147134,0.0767292754888197,-0.021077092067011347,-0.00161723000371293,0.928,Not significant
2,4535,0900700011123,139.9212944482696,-0.670353775526991,0.20061189904534116,-0.13448094394068402,0.539,Not significant
2,4536,0900700014503,560.6756025401203,-0.22418770530314558,-0.05117842997691385,0.011473574777542035,0.864,Not significant
2,4537,0900700015304,1254.5143813175634,0.5115559706201093,0.4206147079181613,0.21516796516616876,0.143,Not significant
2,4538,0900700015319,504.0873331707412,-0.28419366431472315,0.18665561967623726,-0.0530463445207252,0.513,Not significant
2,4539,0900700015465,575.8152928660423,-0.20813364238040055,0.3542520885971194,-0.07373177752058281,0.339,Not significant
2,4540,0900700015569,1078.712811863124,0.3251367376516165,0.5662241503585057,0.18410027302712292,0.093,Not significant
2,4541,0900700015573,984.6249264920456,0.22536634608495018,0.2915202712681765,0.06569885834540241,0.27,Not significant
2,4542,0900700015588,799.9929156887505,0.02958335084666981,0.3117844124447492,0.00922362766187582,0.304,Not significant
2,4543,0900700015639,557.1941132798195,-0.22787946163676306,-0.38607518529940654,0.0879786053773423,0.218,Not significant
2,4544,0900700015643,254.03203228661636,-0.5493512367708948,-0.39129341116877886,0.21495751936587093,0.247,Not significant
2,4545,0900700015662,241.9173400605748,-0.5621976046357352,-0.23202246730133025,0.13044247533848105,0.369,Not significant
2,4546,0900700015677,1191.1274072992103,0.4443406942527527,-0.40205110158178353,-0.17864766560193368,0.119,Not significant
2,4547,0900700015751,336.7527987155732,-0.4616344895535248,0.17984150701998394,-0.08302104229370694,0.596,Not significant
2,4548,0900700015817,373.951513413496,-0.422189131455071,-0.36248405082868473,0.15303682658567822,0.263,Not significant
2,4549,090070001586A,326.120678039077,-0.4729087448829377,-0.5720356186259201,0.2705206464327187,0.061,Not significant
2,4550,0900700015821,361.4112718720991,-0.4354867499953462,-0.0917160653831348,0.03994113123606205,0.788,Not significant
2,4551,0900700015836,293.90933543150385,-0.5070655149301205,-0.2968710366483827,0.15053306506595088,0.382,Not significant
2,4552,0900700015840,623.4367599953683,-0.15763604214490357,-0.1993633560129328,0.03142685039060409,0.467,Not significant
2,4553,0900700014715,14.487869691113088,-0.8033628431047423,-0.1288417648963364,0.10350668655775358,0.592,Not significant
2,4554,0900700011301,785.5563110870272,0.014274837021256379,0.23483134656478133,0.0033521791996944275,0.417,Not significant
2,4555,0900700011091,597.4723773814133,-0.1851685625109881,-0.15371359825149503,0.028462926026620868,0.596,Not significant
2,4556,0900700011246,1399.1267893525392,0.66490235010504,-0.08242734923595237,-0.0548061382199136,0.738,Not significant
2,4557,0900700011369,910.0758631979452,0.14631483795033456,0.026329165843793745,0.0038523476338021656,0.926,Not significant
2,4558,0900700012691,944.5074727957074,0.18282596962569136,0.3214388932074273,0.058767377326056955,0.256,Not significant
2,4559,0900700011636,1215.0471474660292,0.4697050845055919,0.3980165388338246,0.18695039200756478,0.191,Not significant
2,4560,090070001465A,1203.6183669852248,0.45758605452418455,-0.3755869322111637,-0.17186334244134874,0.239,Not significant
2,4561,0900700011640,723.5225006346818,-0.05150555048339605,0.21660210290606016,-0.011156210546037828,0.43,Not significant
2,4562,0900700011655,1002.3622706355992,0.24417495001494174,0.19733973748428954,0.04818542053618812,0.424,Not significant
2,4563,090070001166A,998.8850015923146,0.24048766878141326,0.2355706851348299,0.056651844901315564,0.406,Not significant
2,4564,0900700011674,941.2778374741926,0.17940127813247475,-0.002902516462703175,-0.0005207151632094991,0.993,Not significant
2,4565,0900700011689,643.1532206711761,-0.1367287915017853,0.12851760725311895,-0.01757205712642003,0.721,Not significant
2,4566,0900700011693,1047.8501082181672,0.2924100585970373,0.0714026312917868,0.020878847600014024,0.817,Not significant
2,4567,0900700011706,1095.5421752161342,0.3429825226315355,0.11123684634868229,0.03815229417024756,0.714,Not significant
2,4568,0900700011710,778.82966788847,0.007141933319547713,0.25097685932479263,0.0017924599940471757,0.303,Not significant
2,4569,0900700011763,980.8082953228644,0.22131920670337155,0.18750982492824816,0.04149952570220797,0.488,Not significant
2,4570,0900700011960,960.7013846220582,0.1999979245223175,0.13525957853492848,0.0270516349787491,0.608,Not significant
2,4571,0900700011975,421.9419970512578,-0.371300227691006,0.3964832226145185,-0.14721431083243455,0.189,Not significant
2,4572,0900700010657,105.90216413785024,-0.7064275159287633,-0.44466681626983523,0.3141248744334515,0.106,Not significant
2,4573,090070001198A,1591.9018213541092,0.8693201702230947,0.17160898300185495,0.14918315031498472,0.578,Not significant
2,4574,0900700014560,507.0637768350306,-0.28103745617282394,0.09498650289361046,-0.026694765143972864,0.756,Not significant
2,4575,090070001287A,1885.36652076274,1.1805088833663195,0.4613037563491231,0.544573182300392,0.092,Not significant
2,4576,0900700012884,813.1226707139294,0.04350608696588518,0.3616416084838711,0.015733611269181894,0.206,Not significant
2,4577,0900700012899,1009.7479932944004,0.2520067387597434,0.22249517579014752,0.056070283640650885,0.479,Not significant
2,4578,0900700014452,581.9934787110197,-0.2015823205126173,-0.4379436619987667,0.08828169963950473,0.124,Not significant
2,4579,0900700012920,1377.5337068105127,0.6420051376546521,0.32827872494130766,0.2107566279950379,0.252,Not significant
2,4580,0900700012935,1212.578251057342,0.4670870773045503,0.45543213224225515,0.21272646355961441,0.109,Not significant
2,4581,090070001294A,2283.288650247642,1.6024638089677614,0.07692774248543836,0.12327392323850664,0.791,Not significant
2,4582,0900700012954,426.0716566565587,-0.36692115429348054,0.13391820243196093,-0.049137421417243095,0.676,Not significant
2,4583,0900700012973,969.2887565635118,0.20910393703124344,0.10613317164736569,0.022192864041076905,0.711,Not significant
2,4584,0900700013030,779.2986393796266,0.007639228684639204,0.4233296395184059,0.0032339119252669806,0.124,Not significant
2,4585,0900700015855,679.5508128139724,-0.09813294033722236,-0.13551679287310409,0.013298661349708044,0.66,Not significant
2,4586,0900700011138,576.6954159465084,-0.2072003636270452,-0.006457568663636004,0.0013380105752519922,0.98,Not significant
2,4587,0900700011142,648.1979940198198,-0.13137933540152116,-0.013345812987482575,0.0017533640406884503,0.963,Not significant
2,4588,0900700011157,1106.2121802660488,0.35429695038862397,-0.06905969698470299,-0.02446764003644272,0.834,Not significant
2,4589,0900700011208,713.7667863701403,-0.06185046819886013,0.061773456716127606,-0.003820717220154513,0.815,Not significant
2,4590,0900700011250,555.1146539430881,-0.23008451143094646,0.004142027418338257,-0.0009530163548819423,0.991,Not significant
2,4591,0900700011509,603.2329136960138,-0.17906011442040778,-0.1208090074374574,0.021632074694767016,0.669,Not significant
2,4592,0900700010233,624.5835723140489,-0.15641996726303145,-0.4179186515580483,0.06537082179532017,0.198,Not significant
2,4593,0900700011513,836.1158104411263,0.06788791407233925,0.0695786359571993,0.004723548459132921,0.825,Not significant
2,4594,090070001159A,732.8185938675648,-0.041648012945730575,0.014394437542751024,-0.0005994997211270049,0.957,Not significant
2,4595,0900700011566,658.7687627190105,-0.12017013744665776,-0.009775318386384561,0.0011747013540766736,0.962,Not significant
2,4596,0900700011621,890.0628144865015,0.12509308662168503,0.22205888811890268,0.027778031726572956,0.351,Not significant
2,4597,0900700015906,510.3274757547761,-0.277576643785613,0.2608694959935383,-0.07241127916393078,0.352,Not significant
2,4598,0900700014429,1019.0357632875708,0.2618554503695867,-0.47892337165420046,-0.1254086951770316,0.206,Not significant
2,4599,0900700015056,1282.4846343426889,0.5412155073981916,-0.121313410403075,-0.06565669896550529,0.757,Not significant
2,4600,0900700014556,209.47197412554823,-0.5966025320192603,-0.3090187232526424,0.18436135273388551,0.251,Not significant
2,4601,0900700015802,179.871356176794,-0.6279909007950591,-0.0401011300322897,0.025183144771877407,0.917,Not significant
2,4602,0900700011814,1425.1339081133597,0.6924801876986293,0.6155148324260823,0.42623182668970383,0.041,High-High
2,4603,0900700011890,1636.094465687956,0.9161818614192031,-0.25229446159036384,-0.2311476094456152,0.335,Not significant
2,4604,0900700011918,1401.0577475167352,0.6669499298904806,-0.14711062098712238,-0.09811541835350635,0.612,Not significant
2,4605,0900700011848,878.5683936550563,0.11290445189296955,-0.20407738182970597,-0.023041244939235216,0.563,Not significant
2,4606,0900700012140,988.4086575953812,0.22937859837730334,0.6758925622015072,0.15503528857142604,0.044,High-High
2,4607,0900700012155,1435.7877309169587,0.7037774558708789,0.4375923288792639,0.3079676159272613,0.153,Not significant
2,4608,090070001216A,1004.8712226647608,0.24683543202475827,0.559338651678491,0.1380645977352061,0.073,Not significant
2,4609,0900700012460,580.5473283970945,-0.20311581212543797,0.2679230843347455,-0.05441941486180404,0.329,Not significant
2,4610,0900700012475,2745.355864814805,2.0924379086689697,-0.024456746395090795,-0.051174223279791146,0.934,Not significant
2,4611,0900700012494,467.10730939561887,-0.32340712349320627,-0.01440644360944902,0.004659146487498992,0.963,Not significant
2,4612,0900700012507,793.2673099491323,0.022451547261986497,-0.23651232292708313,-0.005310067596239619,0.476,Not significant
2,4613,0900700012530,1083.1212208060847,0.3298113956555722,-0.001095226665326345,-0.0003612182350504801,0.998,Not significant
2,4614,0900700012545,769.6683456227682,-0.002572693660457144,0.20484823085881598,-0.0005270117448863374,0.524,Not significant
2,4615,0900700012757,1177.8446838819132,0.4302557511042395,0.3791744406762027,0.1631419837726695,0.16,Not significant
2,4616,0900700014062,1092.3146827841283,0.3395601034491966,0.2003907025015367,0.06804468767167898,0.449,Not significant
2,4617,0900700011994,334.13331569450844,-0.4644121781548056,0.2061682894209378,-0.09574706435642809,0.373,Not significant
2,4618,0900700012047,1087.9474866110943,0.33492914729035,0.39670999226240217,0.1328697394300077,0.136,Not significant
2,4619,0900700012070,2050.4835764704403,1.3555983036176134,0.41205064597501706,0.5585751566882748,0.196,Not significant
2,4620,0900700012085,1354.7526969841708,0.6178482521885359,0.2211401953416161,0.13663108318044892,0.416,Not significant
2,4621,090070001209A,1588.7796696392445,0.866009453887043,0.6472413468897316,0.5605171253530906,0.042,High-High
2,4622,0900700012102,2439.1641768763743,1.7677535512770233,0.41925179263270024,0.741133845305714,0.116,Not significant
2,4623,0900700015484,1498.6216039120443,0.7704062262768177,-0.39629055264368274,-0.30530470917137414,0.075,Not significant
2,4624,0900700010074,870.7086135197036,0.10456997462589844,0.2112410255782839,0.02208946868466991,0.498,Not significant
2,4625,090070001376A,841.4112208470186,0.0735031446370223,0.3097876163623988,0.022770363972243777,0.288,Not significant
2,4626,0900700014537,44.669129783466566,-0.7713587638812218,-0.15532436024916868,0.11981080652244035,0.621,Not significant
2,4627,0900700010360,505.4996506781184,-0.28269604886538285,-0.01832359082330506,0.005180006726774328,0.95,Not significant
2,4628,0900700014541,504.9797689454968,-0.283247329232961,-0.28656189301113955,0.08116789085534679,0.321,Not significant
2,4629,0900700012117,1328.5316085820937,0.5900435221017487,0.7627508982874014,0.450056226511771,0.046,High-High
2,4630,0900700013717,776.7509757870519,0.0049376970984116985,-0.18077164133562537,-0.0008925956088980376,0.53,Not significant
2,4631,0900700010943,647.4745759311015,-0.1321464448512997,0.3041675092863906,-0.0401946549914712,0.248,Not significant
2,4632,0900700010591,935.5181978089372,0.17329378084502836,-0.25905859686528426,-0.044893243711193125,0.366,Not significant
2,4633,0900700011335,430.9090510121241,-0.36179160199125077,0.11342750165589854,-0.04103711753395278,0.757,Not significant
2,4634,0900700011496,1070.3487916812298,0.3162675663940426,0.09740705455194867,0.030806692092756556,0.745,Not significant
2,4635,0900700013026,1665.9241001344642,0.9478130783105273,0.5607501856322475,0.5314863596073002,0.074,Not significant
2,4636,0900700014594,557.4727956273318,-0.22758394806639887,-0.00654678364861471,0.0014899428698882794,0.978,Not significant
2,4637,0900700014645,273.51319384823336,-0.528693496302923,-0.2648228906064094,0.14001013993574907,0.281,Not significant
2,4638,0900700014683,823.5931652896159,0.054608954668702116,-0.2035841865673263,-0.011117519615519716,0.516,Not significant
2,4639,0900700010962,744.682439700314,-0.02906764152435524,-0.0010081363875000461,2.9304147119509828e-05,0.996,Not significant
2,4640,0900700010784,513.4024292146477,-0.27431597627745613,0.03973726368319973,-0.010900566281851636,0.893,Not significant
2,4641,0900700010816,92.01012925154036,-0.7211585703551494,-0.6060055589272086,0.43702610250321905,0.067,Not significant
2,4642,0900700010820,202.8088452997845,-0.6036680853514849,-0.20971552941477858,0.12659857211029238,0.479,Not significant
2,4643,0900700010835,706.820025945882,-0.06921678326604003,-0.04008160569475808,0.0027743198143289453,0.889,Not significant
2,4644,090070001084A,1010.8094453669352,0.2531322980013861,-0.09215609460926318,-0.023327684003275936,0.764,Not significant
2,4645,0900700010854,1091.1630673708898,0.3383389353863811,-0.1281116277724188,-0.04334515175113651,0.707,Not significant
2,4646,0900700011284,1021.9670096021256,0.2649637314349763,0.1853144174339682,0.04910159953200304,0.556,Not significant
2,4647,090070001141A,911.04925843584,0.1473470221008325,0.3202896335292402,0.047193723710300506,0.292,Not significant
2,4648,0900700011424,1070.727159355646,0.3166687858590544,0.11656119892341832,0.036911293341354595,0.699,Not significant
2,4649,0900700011439,576.1187033398481,-0.20781190721058945,0.11227004868876318,-0.023331052940637614,0.716,Not significant
2,4650,0900700012687,538.459118622648,-0.2477459699079753,-0.22225568307700147,0.055062949771471296,0.418,Not significant
2,4651,0900700012704,1084.751566064719,0.33154020680061275,0.3836148196492738,0.1271837366383,0.139,Not significant
2,4652,0900700012719,990.572726045722,0.2316733673139845,0.6038876955945958,0.13990469591788243,0.058,Not significant
2,4653,0900700012776,1263.7730768170852,0.5213738517611362,0.2726297401216045,0.14214201771183851,0.318,Not significant
2,4654,0900700012780,1312.096116177308,0.5726153961921352,0.34763725697625647,0.1990624456346062,0.219,Not significant
2,4655,0900700011443,511.2648100579471,-0.2765826984961912,0.2182095774390831,-0.06035299376581521,0.462,Not significant
2,4656,0900700012808,897.2655647508193,0.13273085222130174,-0.010566048084560742,-0.001402440566875,0.979,Not significant
2,4657,0900700012812,1035.2441759723586,0.27904278191453047,0.17316915027641308,0.04832160143490569,0.526,Not significant
2,4658,0900700012846,981.3046213192112,0.22184550866886826,-0.18684906489799294,-0.041451625846597624,0.458,Not significant
2,4659,0900700012850,1337.882221361241,0.5999588719332857,0.06541016068930161,0.03924340622012834,0.833,Not significant
2,4660,0900700014679,200.34291088472963,-0.6062829516671367,-0.12804624295431782,0.07763225412823112,0.675,Not significant
2,4661,0900700013153,1057.315608711992,0.3024472348702502,-0.1334875716096712,-0.04037294692288957,0.595,Not significant
2,4662,0900700013204,987.6465982906426,0.22857051394718855,0.5883334012228614,0.13447566788980692,0.074,Not significant
2,4663,0900700013219,1548.8306322059584,0.8236476653134045,0.30538536770020946,0.2515299451271531,0.288,Not significant
2,4664,0900700013223,962.2060830176612,0.20159350027074632,0.3181290991664816,0.06413275863895039,0.243,Not significant
2,4665,0900700013238,914.2367556388808,0.15072703051329484,0.4444965479731063,0.06699764474939661,0.118,Not significant
2,4666,0900700013257,736.0233362793548,-0.038249717787607336,0.1393343424693813,-0.005329499277575667,0.687,Not significant
2,4667,0900700013276,945.4720767633254,0.18384883155075693,0.11845540006822909,0.02177788689342137,0.669,Not significant
2,4668,090070001351A,1212.6311520189113,0.46714317325812826,0.31548840688462876,0.147378255518237,0.258,Not significant
2,4669,0900700013558,548.7758166596478,-0.23680618739753825,-0.03869241929515218,0.009162604294471932,0.882,Not significant
2,4670,0900700014081,700.3027581146396,-0.07612766622300536,0.08286025751443708,-0.006307958027211338,0.812,Not significant
2,4671,0900700014170,1160.3836125957207,0.41174010573155273,0.12460515052531651,0.05130493785198986,0.72,Not significant
2,4672,0900700014185,1245.4981499151836,0.5019951973715309,0.19199667857140343,0.09638141055413003,0.586,Not significant
2,4673,090070001419A,134.66717852238727,-0.6759252176015418,0.5592494814931354,-0.37801082747179693,0.08,Not significant
2,4674,0900700014202,1693.5520164825004,0.9771096027391865,0.2966166599792213,0.2898269867981213,0.33,Not significant
2,4675,090070001426A,1224.0136411421404,0.4792131160817872,-0.5480680433835435,-0.26264139489467603,0.074,Not significant
2,4676,090070001508A,618.3863263492265,-0.16299150040044566,-0.14582431196978207,0.023768123402817448,0.667,Not significant
2,4677,0900700015094,81.7650174555558,-0.7320224431215346,-0.28414181268348876,0.2079981839135489,0.434,Not significant
2,4678,0900700015111,163.47416898404117,-0.6453784080215288,-0.17072971971692238,0.11018527471286918,0.579,Not significant
2,4679,0900700015450,992.5012487234428,0.2337183645199749,0.4073411310082894,0.09520310294097424,0.131,Not significant
2,4680,0900700015431,491.058096572933,-0.2980098111231161,-0.13796912028837427,0.0411161514779609,0.676,Not significant
2,4681,0900700015446,885.4134330466804,0.12016290241184498,0.05345648836101594,0.0064234867942046855,0.83,Not significant
2,4682,090070001547A,212.0277636142761,-0.5938923837674777,-0.1816253222806984,0.10786589560182033,0.418,Not significant
2,4683,090070001038A,939.7309900652814,0.17776100775045606,-0.13886705937109806,-0.024685148417148802,0.69,Not significant
2,4684,0900700010604,981.1839991164294,0.22171760140051266,-0.28998102541922866,-0.06429389740761247,0.36,Not significant
2,4685,090070001091A,355.2133162104816,-0.4420590356922091,-0.2900588372462058,0.12822312988706117,0.295,Not significant
2,4686,0900700010977,1181.381150300968,0.4340058049820572,0.1380133309142759,0.05989858678170535,0.661,Not significant
2,4687,090070001390A,1106.1198518234569,0.3541990457026614,0.2513540731178439,0.08902937283181729,0.416,Not significant
2,4688,0900700013914,595.4021804769551,-0.18736379046157162,0.264338320094313,-0.04952742961711471,0.453,Not significant
2,4689,0900700014927,791.4622610137349,0.02053748108469573,0.20461948183435538,0.004202368737733315,0.456,Not significant
2,4690,0900700015785,337.7375786385887,-0.4605902331315769,0.25392901263419115,-0.11695722312805323,0.43,Not significant
2,4691,090070001305A,1132.8337807374223,0.38252638176212067,0.3098115811355514,0.11851110315978416,0.201,Not significant
2,4692,0900700014804,296.50001403170995,-0.5043183704136236,-0.5162878578255551,0.26037345112292454,0.155,Not significant
2,4693,0900700010905,581.9187545384668,-0.20166155770586164,-0.33433884028074995,0.06742329133258732,0.204,Not significant
2,4694,090070001262A,1162.751868924414,0.41425139462185023,0.31795493946965453,0.13171327710221037,0.26,Not significant
2,4695,0900700012634,1413.6982126723258,0.6803538251229453,0.24577643411683595,0.1672149370764669,0.464,Not significant
2,4696,0900700012649,1007.903692424909,0.25005104999928085,0.5575659603601251,0.13941995383190667,0.098,Not significant
2,4697,0900700014611,507.0635781246083,-0.2810376668845066,-0.2559416264112589,0.07192923754524622,0.389,Not significant
2,4698,0900700013562,478.81717008794107,-0.31099003725669044,0.1447012096266083,-0.045000634572867085,0.582,Not significant
2,4699,0900700015412,872.0349821236367,0.10597645022532581,0.8492674815466574,0.09000235298611715,0.05,Not significant
2,4700,090070001593A,737.300333021532,-0.0368955958993973,-0.09879194002163189,0.003644987497155626,0.774,Not significant
2,4701,0900700015376,172.09401479920723,-0.6362379603556939,-0.6928945784383505,0.44084583332713445,0.101,Not significant
2,4702,0900700014293,538.4727177449197,-0.24773154945683373,-0.5896578625402046,0.14607685593648956,0.107,Not significant
2,4703,0900700012206,506.8933672995379,-0.28121815771602204,0.06161725112163512,-0.017327889843951724,0.841,Not significant
2,4704,0900700012193,710.5085275979744,-0.0653055118768259,0.043351481680216554,-0.002831090701745383,0.891,Not significant
2,4705,0900700015874,355.3163487794687,-0.4419497803963608,-0.5125591926798576,0.22652542264499906,0.116,Not significant
2,4706,0900700012437,1295.1245885851197,0.5546188608605249,-0.31030250928292236,-0.17209962422065686,0.331,Not significant
2,4707,0900700012441,405.6072864304264,-0.38862148502760124,-0.274258358114121,0.10658269041154138,0.303,Not significant
2,4708,0900700011316,854.0630752360951,0.08691911696400388,-0.08543540667940745,-0.007425970106034655,0.822,Not significant
2,4709,0900700010040,1123.973655121907,0.37313114242282175,0.38580442377404156,0.14395564539458658,0.217,Not significant
2,4710,090070001013A,476.5639150795959,-0.31337937923834425,-0.2526439726236359,0.07917341130910426,0.35,Not significant
2,4711,0900700010197,274.0220412926309,-0.5281539166474231,-0.27404632039198373,0.14473863745784077,0.354,Not significant
2,4712,0900700010248,758.0741149136619,-0.014867166356911033,-0.3513221568015048,0.005223164950036755,0.225,Not significant
2,4713,0900700010407,1028.7417227170558,0.2721476082705821,0.10751335766305423,0.029259503145139868,0.724,Not significant
2,4714,0900700010411,845.2109883306573,0.07753240183851798,0.10807769110400144,0.008379522976454659,0.758,Not significant
2,4715,0900700010426,809.7108291042249,0.03988818470332351,0.04020026981414904,0.0016035157874702175,0.883,Not significant
2,4716,0900700015747,233.36133845192504,-0.5712703521778159,0.35106319866912417,-0.2005519971403811,0.338,Not significant
2,4717,090070001554A,488.2205896246359,-0.3010186913651175,0.044990035214148176,-0.013542841524633437,0.864,Not significant
2,4718,0900700010750,320.8545266277702,-0.4784929493347994,0.5321010293140186,-0.2546065908605473,0.092,Not significant
2,4719,090070001077A,803.8145879122735,0.03363583574072981,-0.2795216242098381,-0.009401943437904119,0.379,Not significant
2,4720,0900700013149,834.6897730226583,0.06637575008790979,0.032653177211742684,0.0021673791301828633,0.896,Not significant
2,4721,0900700013365,561.9123085325149,-0.22287630755382407,-0.13205480031718778,0.029431886289452366,0.731,Not significant
2,4722,090070001337A,1233.6936893387635,0.4894777978221865,0.1405631301616779,0.06880253140653146,0.593,Not significant
2,4723,0900700013401,1530.3129907270838,0.8040116374236081,0.22637499393583932,0.18200812954611353,0.405,Not significant
2,4724,0900700014433,465.6533751108135,-0.3249488691954837,-0.3316583083636034,0.10777199226203996,0.192,Not significant
2,4725,0900700013488,1404.073630056719,0.6701479588476257,0.4063802412054458,0.2723348891598353,0.182,Not significant
2,4726,0900700013505,895.4708784020651,0.13082777448660327,0.5544363344296115,0.07253567172793617,0.072,Not significant
2,4727,0900700014306,1295.0226577702856,0.5545107738600721,0.07421948463635056,0.04115550386119848,0.833,Not significant
2,4728,0900700014310,839.5815522128333,0.07156297183634816,0.16341581494386453,0.011694521362441661,0.606,Not significant
2,4729,090070001433A,1389.3743627708106,0.654560918634381,0.16430153975707773,0.10754536679643607,0.584,Not significant
2,4730,0900700014382,3219.9938157710103,2.5957419635165784,0.06528523284501664,0.16946361849376052,0.814,Not significant
2,4731,0900700014414,320.49338721367815,-0.4788759000261878,-0.11995868403865624,0.0574453227849686,0.675,Not significant
2,4732,0900700014664,500.879430094429,-0.2875953110279988,-0.22027509588102148,0.06335008471162464,0.417,Not significant
2,4733,0900700015041,350.7232804932775,-0.4468202503787438,-0.038511443312925754,0.017207692743528284,0.905,Not significant
2,4734,0900700015060,1180.7140331399307,0.4332983967953918,0.2241406059005517,0.09711976519345679,0.417,Not significant
2,4735,0900700015323,126.79197521787816,-0.6842760495312761,-0.16033629293358412,0.1097142851250824,0.604,Not significant
2,4736,0900700015342,255.47344449679716,-0.5478227694230366,-0.21538546696498986,0.11799306300623472,0.596,Not significant
2,4737,0900700012738,1701.4507122526427,0.985485345979084,0.32795087219356994,0.32319077874782265,0.207,Not significant
2,4738,0900700011759,989.879297344434,0.23093805848247861,0.2715618335597219,0.06271396260022419,0.362,Not significant
2,4739,0900700015287,244.0629070773193,-0.5599224545401744,0.1499366315044997,-0.08395288673748512,0.656,Not significant
2,4740,0900700013806,717.5068310284216,-0.057884540826150244,0.0022496284408977216,-0.0001302187093308129,0.996,Not significant
2,4741,0900700014471,193.35522860521337,-0.6136926600947542,-0.5561611419638329,0.34131201065312083,0.054,Not significant
2,4742,0900700011477,240.7372663136433,-0.5634489497939833,0.26396525380540725,-0.14873094503875897,0.388,Not significant
2,4743,0900700011299,973.6589783841788,0.21373810157391007,-0.0778250093565531,-0.016634169754841447,0.776,Not significant
2,4744,0900700013242,932.3410323875733,0.16992472820970372,0.3378614150802375,0.05741100913005525,0.237,Not significant
2,4745,0900700013346,327.7761757342837,-0.4711532622016439,-0.0931716438394717,0.04389812393965679,0.719,Not significant
2,4746,0900700015658,239.24716822754868,-0.5650290434366032,-0.3232654847236431,0.18265438760946992,0.196,Not significant
2,4747,0900700015605,377.1908606267555,-0.41875414151335166,-0.3008898296108816,0.1259988622888034,0.326,Not significant
2,4748,0900700013596,71.92136258038902,-0.7424606126846952,-0.3046299796886584,0.22617576136176756,0.189,Not significant
2,4749,0900700015183,1532.2542112393864,0.8060700993591254,-0.42582247709854715,-0.34324276642417484,0.186,Not significant
2,4750,0900700014749,1210.6982397290976,0.46509352132623344,0.06980778868371859,0.03246715025490827,0.804,Not significant
2,4751,0900700012051,330.598636791284,-0.46816033655847555,0.04001524715088614,-0.018733551573629437,0.856,Not significant
2,4752,0900700013327,748.6202007510914,-0.024892056533975734,0.2608613082728106,-0.006493374433053674,0.333,Not significant
2,4753,0900700015130,585.847406839095,-0.1974956315952144,-0.13179979488305194,0.02602988373454805,0.634,Not significant
2,4754,0900700014151,533.3988376759331,-0.253111870198963,-0.013364744087336145,0.0033827753706761844,0.964,Not significant
2,4755,0900700010445,779.1121092383663,0.007441432919975925,-0.20976469813815446,-0.0015609499301740752,0.39,Not significant
2,4756,0900700015253,171.5712329235006,-0.6367923160226058,-0.30706084141046774,0.1955339843616218,0.36,Not significant
2,4757,0900700010464,433.70276528975,-0.3588291593100828,-0.1940933209575509,0.06964634318690006,0.429,Not significant
2,4758,0900700010252,702.4024742381227,-0.0739011362187169,-0.31310721789635293,0.023138979160821853,0.256,Not significant
2,4759,0900700010144,389.35515242185306,-0.405855178477446,-0.12164366392221555,0.04936971093180125,0.713,Not significant
2,4760,0900700010036,872.479959382854,0.10644830220940721,0.004577585140938335,0.0004872761664718958,0.989,Not significant
2,4761,0900700012511,138.4936923073916,-0.6718675987363772,-0.538641020822122,0.3618954492406701,0.094,Not significant
2,4762,0900700012526,261.37775471998384,-0.5415618640942037,-0.21910882665266923,0.1186609846015133,0.452,Not significant
2,4763,0900700014344,329.36919362622217,-0.46946403283673077,0.13267157615479488,-0.062284533184435456,0.635,Not significant
2,4764,0900700014734,739.9860923929748,-0.03404762813940487,-0.04568707907223154,0.001555536679026926,0.868,Not significant
2,4765,0900700011049,471.892826015908,-0.3183325821197661,-0.3019623622789692,0.09612445848724853,0.338,Not significant
2,4766,090070001472A,366.1217251535275,-0.43049180546565374,-0.28068083661912807,0.12083080011577862,0.372,Not significant
2,4767,0900700015395,444.3740961743592,-0.34751332564355014,0.08366668675774083,-0.029075288560759693,0.8,Not significant
2,4768,0900700011481,111.5799909311054,-0.7004067726611619,-0.0487718468219088,0.03416013182925769,0.9,Not significant
2,4769,0900700013581,292.52894708838585,-0.5085292728301283,-0.35400263040701735,0.1800207002208332,0.235,Not significant
2,4770,0900700014113,453.55600790399245,-0.3377768656839805,-0.21866218577561167,0.07385902775489438,0.385,Not significant
2,4771,0900700014522,289.39376546898137,-0.5118538060212712,0.03574210056368139,-0.018294730208715342,0.907,Not significant
2,4772,0900700014698,75.08235163424577,-0.739108713400346,-0.038999374870667874,0.02882477778407712,0.897,Not significant
2,4773,0900700015179,743.987524232196,-0.029804526917054014,-0.1245042294281524,0.0037107896572784365,0.632,Not significant
2,4774,0900700015198,476.6164347834913,-0.31332368756877443,-0.19932000158332547,0.062451677902301495,0.359,Not significant
2,4775,090070001515A,478.3481533841687,-0.31148738056504643,0.5618988174198909,-0.1750243907807191,0.079,Not significant
2,4776,0900700015126,432.5150734587485,-0.3600885826521232,-0.30610155626204383,0.1102236755420085,0.373,Not significant
2,4777,0900700015268,311.66814021979275,-0.48823415422416283,-0.24203260762536546,0.11816858547863897,0.4,Not significant
2,4778,0900700015200,564.760787776767,-0.2198557923360816,-0.44952829907606695,0.09883140037085976,0.118,Not significant
2,4779,0900700010356,1276.01264647153,0.5343526391173966,-0.0873145554363119,-0.046656763130755494,0.771,Not significant
2,4780,0900700011778,959.6802688840786,0.1989151377574613,-0.11579176982040267,-0.023032735845005647,0.657,Not significant
2,4781,0900700013825,813.6244496621503,0.04403817121824621,-0.13257220130656672,-0.005838237299918388,0.653,Not significant
2,4782,0900700011265,644.256638527386,-0.13555873192247248,-0.017216146359858246,0.0023337989691340744,0.939,Not significant
2,4783,0900700011053,745.872848240368,-0.027805337395645488,0.08458838884507494,-0.002352008691591364,0.771,Not significant
2,4784,090070001127A,2034.0157595454996,1.3381359009249647,-0.08917277973649489,-0.11932529795067802,0.756,Not significant
2,4785,0900700015624,201.471985777676,-0.6050856854757128,-0.22667668578315958,0.1371588177984659,0.347,Not significant
2,4786,090070001401A,424.10813162198986,-0.3690032678490914,-0.018442682298274976,0.006805410035966057,0.959,Not significant
2,4787,0900700011833,758.6252292640621,-0.014282767054911842,-0.028999402595976807,0.0004141917120099425,0.915,Not significant
2,4788,0900700014109,735.6599533211173,-0.038635047523619785,0.1367283544784895,-0.005282506473102773,0.65,Not significant
2,4789,0900700014096,1011.8589802641176,0.25424522032121283,0.11176476811593372,0.02841565809378483,0.701,Not significant
2,4790,0900700013859,1226.9054946991023,0.48227962523536877,0.2219378273698649,0.10703609220949041,0.504,Not significant
2,4791,0900700013863,1176.0639049772149,0.4283674207637851,0.1995804876336092,0.08549377872238767,0.469,Not significant
2,4792,0900700015499,1309.9297465170723,0.5703181870623156,0.47994860950937507,0.27372342085846607,0.103,Not significant
2,4793,0900700014791,237.4440206605854,-0.566941093410932,-0.47977488609231206,0.27200409851228075,0.135,Not significant
2,4794,0900700014912,780.7620185889368,0.009190989744499094,-0.03423631097877511,-0.00031466558309540377,0.902,Not significant
2,4795,0900700015145,999.7213895334702,0.2413745709799442,-0.09022744557477068,-0.021778610966226537,0.744,Not significant
2,4796,0900700015535,415.08447548767657,-0.37857191425168263,0.12265852704782472,-0.046435073383786794,0.67,Not significant
2,4797,0900700011388,537.7054575306835,-0.24854514890915388,-0.17163831469588026,0.042659870484603776,0.5,Not significant
2,4798,0900700014024,255.03153852209175,-0.5482913646301467,-0.24027293864727997,0.13173957741461265,0.36,Not significant
2,4799,0900700015501,1150.114731836559,0.40085102845819,0.42142170600342155,0.1689273242660765,0.24,Not significant
2,4800,0900700015516,838.1723157916315,0.07006862355762135,0.4348981366151027,0.030472713820394612,0.13,Not significant
2,4801,0900700015520,1360.439305342607,0.6238783073903276,0.3829617348393327,0.23892151892682634,0.237,Not significant
2,4802,0900700013045,939.2670476681396,0.1772690452151663,0.3949970504641458,0.07002074999858598,0.151,Not significant
2,4803,0900700013295,1459.6131370322569,0.7290418146986184,0.35551114889562496,0.25918249313645714,0.186,Not significant
2,4804,0900700015357,632.4756388531445,-0.14805125363140603,-0.3429724223718896,0.05077749709315834,0.285,Not significant
2,4805,0900700015361,35.85665790538903,-0.7807034714009882,-0.03484757543486584,0.027205623111907565,0.875,Not significant
2,4806,0900700011585,24.53674886195744,-0.7927070545754632,-0.2689964650584343,0.21323539550768295,0.163,Not significant
2,4807,0900700013990,759.0421621073168,-0.013840653249670435,-0.38874237831184144,0.005380448461666402,0.199,Not significant
2,4808,0900700015709,1149.7528413804234,0.40046728136502824,-0.32803518589260655,-0.1313673590864838,0.299,Not significant
2,4809,0900700015215,678.8205952445329,-0.0989072599273003,-0.12433754980088137,0.01229788635687942,0.611,Not significant
2,4810,0900700014931,923.967461976849,0.1610454299302909,0.4121565171371147,0.06637592350091795,0.142,Not significant
2,4811,0900700012579,981.0786090509592,0.22160584622546836,0.02991091076201835,0.006628432690791546,0.926,Not significant
2,4812,0900700012600,1154.697257389534,0.40571031897132437,0.1010731615834376,0.04100642462545668,0.688,Not significant
2,4813,0900700014240,860.8251592691018,0.09408960197510786,0.11395841175176032,0.010722301603438582,0.713,Not significant
2,4814,0900700015075,1159.1753521683886,0.4104588715378625,-0.02532920823315518,-0.010396598228328412,0.934,Not significant
2,4815,0900700010055,450.3613954755047,-0.3411644190511002,0.07039969373198215,-0.02401787061344707,0.845,Not significant
2,4816,0900700010106,292.53093361881565,-0.5085271663217499,-0.3102714658835192,0.15778146933624151,0.271,Not significant
2,4817,0900700010110,183.08414709530803,-0.6245840710348006,-0.1976498663803735,0.12344895818333805,0.538,Not significant
2,4818,0900700010731,778.056459331976,0.006322026270517448,0.39955548139863023,0.002526000249931386,0.157,Not significant
2,4819,0900700013577,1062.9513517341377,0.3084233526868106,-0.12260411803024902,-0.03781397313609885,0.648,Not significant
2,4820,090070001255A,673.0869500882853,-0.10498719274848135,-0.059814859892144655,0.006279794224719998,0.842,Not significant
2,4821,0900700013774,385.9287905366932,-0.40948847797804866,0.09472539421808276,-0.03878895750423336,0.737,Not significant
2,4822,0900700013971,410.2322087358255,-0.38371723717937706,-0.3922566583040653,0.15051564118965088,0.209,Not significant
2,4823,0900700010286,591.7984650008422,-0.19118515495210744,0.06189230116713696,-0.01183288918898158,0.793,Not significant
2,4824,0900700010290,203.18667386118665,-0.6032674375596092,-0.10151817453946804,0.06124260902015405,0.793,Not significant
2,4825,0900700010303,999.9849653410256,0.24165406563989525,-0.35326968213508975,-0.08536905495525791,0.343,Not significant
2,4826,0900700013740,1061.1371459065049,0.306499576580125,0.05120635252684653,0.015694725367691075,0.858,Not significant
2,4827,0900700011227,885.819935016966,0.12059395536396587,-0.0047733248633480985,-0.0005756341255083091,0.981,Not significant
2,4828,0900700014236,1234.4435623392028,0.4902729599472999,0.4282956382191711,0.20998177028223092,0.139,Not significant
2,4829,0900700015732,506.503525487551,-0.28163154430747955,0.4575455440372896,-0.12885925815822777,0.113,Not significant
2,4830,0900700015380,1234.760557517032,0.4906091002792039,0.2170373288529082,0.10648048863552699,0.421,Not significant
2,4831,0900700013755,273.2704684475878,-0.5289508812804902,-0.08723101435212641,0.04614092191654835,0.741,Not significant
2,4832,0900700013793,1088.781043243421,0.3358130471810982,-0.3404485307742166,-0.11432705852761757,0.238,Not significant
2,4833,0900700012672,13.418618114238424,-0.8044966729074563,-0.35108869840998413,0.2824496897662416,0.179,Not significant
2,4834,0900700015728,1032.7788104848016,0.2764285188871662,-0.08678858982502019,-0.023990841341636114,0.857,Not significant
2,4835,0900700010746,1230.0202863530362,0.4855825369942624,0.48582275668937214,0.2359070467227716,0.076,Not significant
2,4836,0900700015713,484.6189239229439,-0.304837882283617,-0.21981330600412644,0.06700742270005858,0.404,Not significant
2,4837,090070001522A,446.1496800406155,-0.34563050409965873,-0.3139942944304955,0.10852600626842882,0.249,Not significant
2,4838,0900700015592,334.5380102612906,-0.46398304176563593,-0.10544120432531962,0.04892293071029372,0.682,Not significant
2,4839,0900700013670,167.64271407578073,-0.6409581006203593,-0.09009899184003113,0.0577496786775956,0.727,Not significant
2,4840,0900700014166,676.3203177406027,-0.10155854350763169,-0.06862167773556786,0.006969117643874349,0.82,Not significant
2,4841,0900700014217,873.994547199303,0.10805436465743919,0.4682267403014652,0.0505939429388986,0.108,Not significant
2,4842,0900700012988,1045.471945236722,0.28988826473449736,-0.2205445408864668,-0.06393327425424426,0.445,Not significant
2,4843,0900700015893,486.81356160397183,-0.3025106978653516,-0.5219904350839667,0.15790769079628927,0.08,Not significant
2,4844,0900700015889,319.3876534437404,-0.48004841539052057,-0.2629715860439819,0.12623909317314544,0.437,Not significant
2,4845,0900700013810,765.4412479910065,-0.007055089924844122,0.06168958938318576,-0.00043522560052508476,0.867,Not significant
2,4846,0900700014467,311.02147450422234,-0.48891987578545354,-0.39520714027644727,0.1932246259334849,0.157,Not significant
2,4847,0900700010534,298.7262770589811,-0.5019576506133515,0.10631692078286004,-0.053366591776610225,0.668,Not significant
2,4848,0900700015272,1150.627140813437,0.4013943847475122,-0.14442040062671027,-0.057969537854547594,0.555,Not significant
2,4849,0900700013647,748.8665603668019,-0.024630817850284308,-0.17113750402072042,0.004215256688886663,0.58,Not significant
2,4850,0900700012653,1933.0825194589304,1.2311067244713423,0.11199063159389605,0.13787241963303817,0.774,Not significant
2,4851,0900700012668,634.6434437983131,-0.14575252253157717,0.44221854829047447,-0.06445446892358872,0.155,Not significant
2,4852,0900700012901,956.0086228078216,0.1950217399488314,0.25030452914623674,0.04881482479117207,0.38,Not significant
2,4853,0900700014999,877.7296486421882,0.11201505026566755,0.21433626967074912,0.024008888020924636,0.436,Not significant
2,4854,0900700015003,950.7746784653972,0.18947168773517697,0.20888814382379572,0.03957838915816296,0.531,Not significant
2,4855,0900700013064,1095.698152608948,0.3431479203923121,0.4543281777934083,0.1559017693854367,0.125,Not significant
2,4856,0900700013079,1378.7722923475364,0.6433185284650661,0.2610257601005594,0.16792270787936722,0.353,Not significant
2,4857,0900700012723,312.6150972772337,-0.4872300050072357,0.0509040363481811,-0.024801973884812784,0.858,Not significant
2,4858,0900700012564,1206.22766601301,0.4603529440625127,0.06488485177374652,0.029869932539103958,0.798,Not significant
2,4859,0900700012615,882.1283071837462,0.11667936898564384,0.25671200149272405,0.029952994345212702,0.441,Not significant
2,4860,0900700012969,267.75915755809297,-0.5347950517953433,-0.18390130814348868,0.0983495096138284,0.643,Not significant
2,4861,0900700013721,441.1624681205407,-0.35091892230705485,-0.24622350546192917,0.08640448718336542,0.387,Not significant
2,4862,0900700011034,684.8156185844746,-0.09255016279711928,-0.3073812374476414,0.028448183566559187,0.251,Not significant
