dataset_id,geography_id,cvegeo,crime_records_per_1000,z,spatial_lag_z,local_moran_i,p_perm,lisa_cluster
2,2432,0901000011716,11.36040897472309,-0.08223980298637303,-0.08020212683220528,0.006595807109768663,0.139,Not significant
2,2433,0901000012150,20.706190061028767,-0.0718623921722549,-0.07111406709172186,0.005110426978309363,0.517,Not significant
2,2434,0901000011133,55.832955061280074,-0.032858175444695305,0.03691897642562953,-0.0012130902046319052,0.924,Not significant
2,2435,0901000011307,35.346602608098834,-0.055605904449496535,-0.044379292553851785,0.0024677507012857355,0.914,Not significant
2,2436,0901000010281,139.2405063291139,0.0597562798386863,-0.051053169903200545,-0.003050747507387649,0.875,Not significant
2,2437,0901000012199,13.86994088221919,-0.07945325755857735,-0.06489712494746971,0.005156287983262487,0.743,Not significant
2,2438,0901000012269,12.161415146489771,-0.0813503781183706,-0.0765071673233221,0.006223886990517701,0.2,Not significant
2,2439,0901000012273,100.0,0.0161842283460714,-0.08038308162710112,-0.001300938148213901,0.098,Not significant
2,2440,0901000011330,10.906137602970182,-0.0827442188936406,-0.08064105115298918,0.006672580788416206,0.122,Not significant
2,2441,090100001181A,12.324929971988796,-0.08116881378439658,-0.06449882877316097,0.005235293422000384,0.736,Not significant
2,2442,0901000011684,13.601837131248896,-0.07975095581824464,-0.08000642838484842,0.0063805891352956,0.124,Not significant
2,2443,0901000011665,27.319587628865975,-0.06451897776903295,-0.04712393077664314,0.0030403878421676866,0.917,Not significant
2,2444,0901000010578,16.800689259046525,-0.07619899987606946,-0.08225380288029882,0.006267657515482131,0.08,Not significant
2,2445,0901000010597,20.270270270270274,-0.07234643076773772,-0.07529090775357182,0.005447028445233911,0.343,Not significant
2,2446,0901000010690,47.65933446136492,-0.041934037378626755,-0.070402423602396,0.0029522578628887884,0.528,Not significant
2,2447,0901000010915,30.97982708933717,-0.06045470446661063,-0.07416840977465164,0.00448382929368504,0.453,Not significant
2,2448,0901000012216,12.227283625029967,-0.08127723877825552,-0.08210061605548445,0.006672911374983489,0.096,Not significant
2,2449,0901000011275,15.24693404043752,-0.07792426564670812,0.1617790621594428,-0.012606514615787726,0.06,Not significant
2,2450,0901000010065,23.43186733958183,-0.06883584226646916,-0.0685955574921569,0.004721832975710629,0.657,Not significant
2,2451,0901000011063,23.778071334214,-0.06845142270382273,-0.037988776824256394,0.0026003858203983593,0.933,Not significant
2,2452,0901000011542,55.55555555555556,-0.03316619556671108,-0.04322656408197875,0.0014336606780198762,0.937,Not significant
2,2453,0901000012358,9.082062925721699,-0.08476964321148324,-0.06360616002016534,0.005391871490961925,0.794,Not significant
2,2454,0901000012057,16.35322976287817,-0.07669585198201288,-0.08211696361681634,0.006298030486767683,0.111,Not significant
2,2455,0901000012201,10.48284625158831,-0.08321423506530005,-0.07500273557522712,0.006241295268697492,0.373,Not significant
2,2456,0901000011222,33.70786516853932,-0.05742553316428675,-0.0628723166156162,0.003610476302925605,0.773,Not significant
2,2457,090100001128A,54.56907752273712,-0.03426156552146643,-0.04706028036733873,0.0016123588792641564,0.907,Not significant
2,2458,0901000011364,11.52832674571805,-0.08205334968979848,-0.08098025170569476,0.006644700911175271,0.119,Not significant
2,2459,0901000010027,22.709163346613543,-0.06963832160583919,-0.06758345363746718,0.004706398279639262,0.699,Not significant
2,2460,0901000010031,26.74418604651163,-0.0651578947892416,-0.07057788865169455,0.004598706643213922,0.582,Not significant
2,2461,0901000010987,167.08989334687658,0.0906798085770352,-0.02600180633185189,-0.002357838820829471,0.958,Not significant
2,2462,0901000010991,46.65920119447555,-0.04304456989415775,-0.005172921162297123,0.0002226661665274663,1.0,Not significant
2,2463,0901000011006,30.584192439862544,-0.06089401106409918,-0.02359626465068856,0.0014368712007104417,0.967,Not significant
2,2464,0901000011769,9.213820731096643,-0.08462334138162914,-0.08318968796772082,0.0070397893643236445,0.109,Not significant
2,2465,0901000012042,12.737197816480373,-0.08071103794434303,-0.08009476549515296,0.006464531657022547,0.119,Not significant
2,2466,0901000010718,3.095975232198142,-0.09141650242970899,-0.07031239787072659,0.006427713490787942,0.613,Not significant
2,2467,0901000011951,10.151439507405557,-0.08358222398984198,-0.08044250633229062,0.006723563582569797,0.116,Not significant
2,2468,0901000010012,23.83720930232558,-0.06838575681842068,-0.06921818085327959,0.0047335376832458404,0.601,Not significant
2,2469,090100001021A,8.849557522123895,-0.08502781361664842,-0.08519741246754893,0.007244149707911469,0.076,Not significant
2,2470,0901000011044,37.456106125634015,-0.05326354436068953,-0.024028027115958823,0.0012798178881907236,0.981,Not significant
2,2471,0901000010525,18.313458262350935,-0.07451924456517768,-0.07206432831206938,0.005370179305912356,0.505,Not significant
2,2472,0901000011129,93.59605911330048,0.00907339140297342,0.022174147544415664,0.00020119471969776525,0.97,Not significant
2,2473,090100001053A,12.680367293397463,-0.08077414167846288,-0.07901882912606481,0.0063826780990950075,0.157,Not significant
2,2474,0901000011970,11.971990060989384,-0.08156071280442669,-0.07941543254508064,0.006477179286048643,0.174,Not significant
2,2475,0901000010826,37.22721437740693,-0.05351770221880528,-0.0540727669178241,0.002893850238054976,0.871,Not significant
2,2476,0901000010830,42.63565891472868,-0.04751224902972925,-0.0500819369852213,0.0023795054619330422,0.89,Not significant
2,2477,0901000010845,50.550874918988974,-0.03872331556337082,-0.03421671142136614,0.0013249845139103556,0.946,Not significant
2,2478,0901000011010,12.780790085205268,-0.08066263376317293,-0.05673470548283179,0.00457637077002314,0.875,Not significant
2,2479,0901000010722,14.473684210526317,-0.07878287030188175,-0.07240803194735819,0.0057045125897232304,0.473,Not significant
2,2480,090100001103A,17.650303364589078,-0.07525560150997636,-0.03934836318832728,0.0029611847401705806,0.92,Not significant
2,2481,0901000010614,25.02406159769009,-0.06706789438071349,-0.06990654586124197,0.00468848483434228,0.59,Not significant
2,2482,0901000012362,3.949100482667837,-0.09046920534257799,-0.07688225454862631,0.006955476473960024,0.277,Not significant
2,2483,0901000010629,23.90438247011952,-0.06831116877153129,-0.07404766035613997,0.005058282223725304,0.419,Not significant
2,2484,0901000011881,11.12759643916914,-0.08249831442611347,-0.06693490971590707,0.005522017227826419,0.669,Not significant
2,2485,0901000011928,5.130597014925373,-0.08915728986141416,-0.0769783674311543,0.0068631826181178674,0.325,Not significant
2,2486,0901000011966,18.69455006337136,-0.0740960861217517,-0.08225069893986627,0.0060944548722226015,0.092,Not significant
2,2488,0901000012019,9.165902841429881,-0.0846765486654105,-0.08113927306731941,0.0068705936045609034,0.121,Not significant
2,2489,0901000012038,8.319467554076539,-0.08561641732093707,-0.080286600775392,0.006873851117265431,0.157,Not significant
2,2490,0901000012131,18.28940290478752,-0.07454595526227306,-0.07642904287636403,0.005697476010999783,0.234,Not significant
2,2491,0901000012184,14.653865588681152,-0.0785827996855363,-0.06387491276099172,0.005019469474428119,0.781,Not significant
2,2492,0901000010084,13.803680981595091,-0.07952683152772225,-0.07639400954073425,0.006075373526473179,0.339,Not significant
2,2493,0901000012292,7.211885186787826,-0.08684625965617755,-0.07156636825803778,0.006215271400387172,0.502,Not significant
2,2494,0901000011114,68.28703703703704,-0.019029355383361937,-0.04158559539529747,0.0007913470736058153,0.922,Not significant
2,2495,0901000011078,11.558728539860615,-0.08201959200765398,-0.06131180674602991,0.0050287693745615,0.8,Not significant
2,2496,090100001110A,27.5702138624066,-0.06424068627448284,-0.04829882313549555,0.0031027495444741035,0.911,Not significant
2,2497,0901000011190,49.05109489051095,-0.04038864811745042,0.027884275599869664,-0.0011262081952131445,0.939,Not significant
2,2498,0901000011203,426.7676767676768,0.37902200415936993,-0.014177391681607593,-0.005373543408915289,0.978,Not significant
2,2499,0901000010563,14.525745257452574,-0.07872506252034078,-0.07687869929762814,0.006052280408688254,0.305,Not significant
2,2500,0901000011148,9.096077316657192,-0.08475408184847846,-0.06660537420928424,0.005645077337282213,0.728,Not significant
2,2501,090100001167A,16.115036568736826,-0.07696033802185323,-0.08136331328503367,0.0062617480929941325,0.099,Not significant
2,2502,0901000011519,18.494623655913976,-0.07431808131333778,-0.08071730116873761,0.005998754951651417,0.112,Not significant
2,2503,0901000011523,15.306122448979592,-0.07785854375303196,-0.07524767937041664,0.005858674736575704,0.373,Not significant
2,2504,0901000011631,17.82852564102564,-0.07505770624988733,-0.06607910230173122,0.004959745849819596,0.727,Not significant
2,2505,0901000011646,10.77996195307546,-0.08288432238436054,-0.061151169187800315,0.005068473221142216,0.815,Not significant
2,2506,0901000011650,13.828867761452033,-0.07949886451680614,-0.06294199581373745,0.0050038171976136935,0.789,Not significant
2,2507,0901000010046,23.264540337711068,-0.06902163958214265,-0.07050598479159864,0.004866438670669752,0.599,Not significant
2,2508,0901000010050,17.374517374517374,-0.07556183000915938,-0.06844058853778062,0.005171496116818601,0.636,Not significant
2,2509,0901000010101,13.41381623071764,-0.07995973131902245,-0.07089981713592135,0.005669130328756095,0.629,Not significant
2,2510,0901000010116,23.62948960302457,-0.06861640556077035,-0.07246196869172665,0.0049720798314833595,0.482,Not significant
2,2511,0901000010493,28.02932298404485,-0.0637308986045437,-0.07080712612962387,0.004512601775846195,0.542,Not significant
2,2512,0901000010173,23.471996281663955,-0.06879128370965336,-0.07695463936121817,0.0052938084290716165,0.206,Not significant
2,2513,0901000010188,14.814814814814815,-0.07840408415342838,-0.07783542255797551,0.00610261502035317,0.19,Not significant
2,2514,0901000010224,10.02004008016032,-0.08372812788216209,-0.08200540741618806,0.006866159239171397,0.098,Not significant
2,2515,0901000010239,12.307692307692308,-0.08118795422030328,-0.07801137739922417,0.0063335841369510145,0.259,Not significant
2,2516,0901000010421,31.461496250228645,-0.05991986647790719,-0.0732155038899086,0.004387063217196018,0.372,Not significant
2,2517,0901000010807,7.502679528403002,-0.08652336611549923,-0.06027975080871641,0.0052156069485736305,0.841,Not significant
2,2518,0901000010243,25.525126296197815,-0.06651151988693405,-0.07716924930547596,0.005132644059840936,0.162,Not significant
2,2519,0901000010258,5.4495912806539515,-0.0888030835610265,-0.08304050124556624,0.007374252571059543,0.092,Not significant
2,2520,0901000010262,2.217294900221729,-0.09239217548421336,-0.08552316283370028,0.00790167106849619,0.066,Not significant
2,2521,0901000010277,2.1929824561403506,-0.09241917164620321,-0.08176951821805224,0.007557071139621511,0.108,Not significant
2,2522,0901000010192,22.93577981651376,-0.06938669018159732,-0.07714482980482118,0.005352824404779182,0.242,Not significant
2,2523,0901000010506,23.170283192350126,-0.069126301258951,-0.06794616459205108,0.004696867042980392,0.677,Not significant
2,2524,0901000010328,11.859994214636968,-0.08168507126054085,-0.07649294788584605,0.006248331898984173,0.276,Not significant
2,2525,0901000010332,9.959737232464503,-0.08379508723184316,-0.07976068597163508,0.00668355363866481,0.138,Not significant
2,2526,0901000010347,10.971367407010971,-0.08267178872781447,-0.08089321615809139,0.0066875868757351594,0.136,Not significant
2,2527,0901000010351,10.835214446952596,-0.08282297086947135,-0.08146066449756231,0.006746814242689383,0.112,Not significant
2,2528,0901000010370,12.26443314388274,-0.08123598852692586,-0.07979874063229504,0.006482529578468252,0.148,Not significant
2,2529,0901000010440,12.005054759898904,-0.0815239982740027,-0.08248297983004586,0.0067243423052992584,0.087,Not significant
2,2530,0901000010296,36.56086781840096,-0.05425760313490008,-0.048394430161192256,0.002625765785625608,0.902,Not significant
2,2531,090100001060A,23.961063272182702,-0.06824823128531676,-0.06806055526794881,0.0046450125173340545,0.647,Not significant
2,2532,0901000010737,32.2061191626409,-0.05909304870929609,-0.0775542738711198,0.004582918483480171,0.339,Not significant
2,2533,0901000010741,18.153846153846157,-0.07469647538254495,-0.07238393483100536,0.00540682480619593,0.421,Not significant
2,2534,0901000010756,14.112903225806452,-0.07918347592893267,-0.06010471563204012,0.004759300303464992,0.814,Not significant
2,2535,0901000010760,38.049940546967896,-0.052604159801085876,-0.06681352138136719,0.0035146691556187074,0.717,Not significant
2,2536,0901000010775,31.518624641833807,-0.05985643199518586,-0.07184059574766528,0.004300121733863765,0.546,Not significant
2,2537,090100001092A,15.667841754798276,-0.0774568962287412,-0.059809006182459185,0.004632619985418882,0.806,Not significant
2,2538,0901000010949,21.937842778793417,-0.07049478403821705,-0.06357664187082397,0.0044818216385588035,0.767,Not significant
2,2539,0901000010953,19.557385486361294,-0.07313800700919253,-0.07631843986060824,0.0055817785894558035,0.317,Not significant
2,2540,0901000010968,25.867254862642874,-0.06613162561673247,-0.0717187860763476,0.004742879910487545,0.531,Not significant
2,2541,0901000010972,38.52127990059025,-0.05208079187065497,-0.039692326643216556,0.0020672078027674148,0.94,Not significant
2,2542,0901000012146,9.180790960451976,-0.0846600171282479,-0.06850135358996133,0.005799325768234292,0.666,Not significant
2,2543,0901000010385,14.061478090255068,-0.07924057760431541,-0.07490845420396604,0.0059357891785686775,0.37,Not significant
2,2544,0901000011453,12.715340442986054,-0.08073530803391323,-0.07105063782716965,0.005736295130982549,0.598,Not significant
2,2545,0901000011059,63.59300476947536,-0.02424153623431203,-0.0031168539316401202,7.555732752091189e-05,0.996,Not significant
2,2546,0901000010205,0.0,-0.09485422545768919,-0.08615678920382916,0.008172335507850613,0.054,Not significant
2,2547,0901000011792,17.088607594936708,-0.07587929980767948,-0.07413835265871958,0.005625566288638454,0.43,Not significant
2,2548,0901000012377,1.1990407673860912,-0.09352282912910694,-0.08064113464982278,0.007541787056632681,0.16,Not significant
2,2549,0901000012343,16.656384947563232,-0.07635923315231266,-0.08425990672377454,0.006434021862912817,0.08,Not significant
2,2550,0901000012381,47.61904761904761,-0.04197877126542225,-0.0854494721099386,0.0035870638444541907,0.062,Not significant
2,2551,0901000011824,17.318663406682965,-0.07562384939143073,-0.08094734085888446,0.006121549513749085,0.149,Not significant
2,2552,0901000010510,19.03162608452281,-0.07372180211972189,-0.07125348673340595,0.005252935449300383,0.56,Not significant
2,2553,0901000011947,13.317757009345794,-0.08006639399316967,-0.08024959563544962,0.006425295741940458,0.134,Not significant
2,2554,0901000012080,8.796481407437026,-0.08508674851373585,-0.08049566737769882,0.006849114606611591,0.2,Not significant
2,2555,0901000012108,30.85626124967858,-0.06059191006439716,-0.07338654979935,0.004446631225378619,0.472,Not significant
2,2556,0901000012305,15.992003998001,-0.07709695148607332,-0.07825446758710437,0.006033180891131483,0.242,Not significant
2,2557,0901000011152,6.620080912100037,-0.08750338997233542,-0.05725916360952982,0.005010370922814445,0.832,Not significant
2,2558,0901000011186,21.084337349397593,-0.07144250327014932,-0.07180723987037027,0.005130088969259325,0.527,Not significant
2,2559,090100001078A,2.6954177897574123,-0.09186127522039107,-0.0727486296430669,0.0066827818895480685,0.503,Not significant
2,2560,0901000011595,7.745683395191221,-0.08625353837913424,-0.08029706533344703,0.006925906006470323,0.107,Not significant
2,2561,0901000011294,28.296207104154124,-0.0634345546041266,-0.04116771369448111,0.0026114555822796125,0.933,Not significant
2,2562,0901000010794,22.457067371202115,-0.06991824507903754,-0.07307170613039252,0.005109045457568194,0.49,Not significant
2,2563,0901000011985,11.021814006888633,-0.08261577360331375,-0.07855213497303765,0.006489645398989423,0.204,Not significant
2,2564,0901000011345,13.998613998613997,-0.07931038091967142,-0.08188725830923473,0.006494509648972935,0.093,Not significant
2,2565,0901000011557,9.641458270563422,-0.08414849926992078,-0.0799905803217318,0.006731087289803788,0.114,Not significant
2,2566,0901000011561,8.169934640522877,-0.08578245635607476,-0.0798235691753303,0.0068474618389688865,0.141,Not significant
2,2567,0901000010417,15.519917227108122,-0.07762114933708486,-0.06570887792863461,0.0051003986264708265,0.754,Not significant
2,2568,0901000010455,22.489705416534683,-0.06988200429814849,-0.08191608154453528,0.005724459962582696,0.106,Not significant
2,2569,090100001014A,19.294902334444973,-0.07342946424257579,-0.07625595282868089,0.00559943376151717,0.287,Not significant
2,2570,0901000010703,14.11395713538944,-0.07918230568402722,-0.07337094705714703,0.005809680758205593,0.505,Not significant
2,2571,0901000010864,15.146415348367553,-0.07803588004816639,-0.08052744153294163,0.006284029768050365,0.119,Not significant
2,2572,0901000010900,15.664690939881456,-0.07746039484490706,-0.07651120010320045,0.005926587770051601,0.386,Not significant
2,2573,0901000011025,86.63729809104258,0.0013464907599594806,-0.07789451656456178,-0.00010488424680569315,0.204,Not significant
2,2574,0901000011773,25.85470085470085,-0.0661455653930417,-0.07063503001948768,0.004672193997193486,0.543,Not significant
2,2575,0901000011805,23.036358590063838,-0.06927500906659252,-0.07057238432907126,0.0048889025642474635,0.536,Not significant
2,2576,0901000010099,18.053375196232334,-0.07480803678040118,-0.0738977187157638,0.005528143259676599,0.36,Not significant
2,2577,0901000011218,10.265486725663717,-0.0834555877220819,-0.07575178664255397,0.006321909875252095,0.35,Not significant
2,2578,0901000011858,10.038994441217953,-0.08370708125271531,-0.08020882696670581,0.006714046796087026,0.118,Not significant
2,2579,0901000011699,12.675756284618663,-0.08077926167131563,-0.0808076933550718,0.006527585806584779,0.114,Not significant
2,2580,0901000011913,10.042681395932714,-0.08370298731520759,-0.08259770090835558,0.006913674311397397,0.078,Not significant
2,2581,0901000010544,16.116035455278,-0.07695922887368266,-0.07956579727391075,0.006123322402919933,0.122,Not significant
2,2582,0901000010648,19.871794871794872,-0.07278889168899318,-0.058612236674170835,0.004266319746925855,0.84,Not significant
2,2583,0901000010633,7.944915254237288,-0.08603231440336499,-0.06441318750290782,0.005541615598973067,0.751,Not significant
2,2584,0901000011627,10.264439805149616,-0.08345675020643332,-0.07827312163047709,0.006532420359792499,0.152,Not significant
2,2585,0901000010135,14.95424096612888,-0.07824926751081114,-0.06588720652600612,0.005155625648993514,0.683,Not significant
2,2586,0901000010686,17.43970315398887,-0.07548944872753428,-0.08035856576975936,0.0060662238304944405,0.142,Not significant
2,2587,0901000010559,13.918177983973008,-0.07939969582663015,-0.07908277437494124,0.0062791482304963555,0.212,Not significant
2,2588,0901000010667,18.363273453093807,-0.0744639305476174,-0.08207699431620677,0.006111775604319208,0.082,Not significant
2,2589,0901000010671,9.503940658321744,-0.08430119670026179,-0.07898508364924707,0.006658537073101808,0.136,Not significant
2,2590,0901000011260,88.23529411764707,0.0031208808397466385,0.10620430259184095,0.00033145097305753066,0.061,Not significant
2,2591,0901000011237,31.51024082826919,-0.059865741252137804,-0.04573104538113132,0.002737722929976579,0.901,Not significant
2,2592,0901000011241,50.06954102920723,-0.03925778127221797,0.11918568353154042,-0.004678965494861005,0.065,Not significant
2,2593,0901000011580,11.157601115760112,-0.08246499769715802,-0.07870274420242311,0.006490221619412839,0.152,Not significant
2,2594,0901000011843,14.775977121067683,-0.07844720892805822,-0.08187952317566129,0.006423220061490886,0.08,Not significant
2,2595,0901000011171,14.58542894093979,-0.07865879068102344,-0.06716949086411668,0.0052834709220314705,0.651,Not significant
2,2596,0901000012254,7.48502994011976,-0.08654296394543166,-0.07752489142623432,0.006709233883574101,0.213,Not significant
2,2597,090100001224A,13.659466327827191,-0.07968696524942456,-0.07979992953208989,0.006359014211530176,0.158,Not significant
2,2598,0901000012288,9.841160220994476,-0.08392675331194617,-0.0710953087054905,0.00596679843536236,0.479,Not significant
2,2599,0901000010898,25.888547608600263,-0.06610798248084902,-0.08176211534582481,0.005405128488878944,0.098,Not significant
2,2600,0901000012339,3.961516694963215,-0.09045541857242421,-0.07696660362998947,0.0069620463474485625,0.252,Not significant
2,2601,0901000010313,13.461183846579384,-0.07990713505076585,-0.07051872178668533,0.00563494902541605,0.558,Not significant
2,2602,0901000012023,10.793955384984407,-0.08286878429393475,-0.08036114030447139,0.006659430001505866,0.151,Not significant
2,2603,0901000012324,21.51714077315828,-0.07096192504039571,-0.07767198763022691,0.0055117537639547045,0.218,Not significant
2,2604,090100001231A,15.374103177314655,-0.07778305900340418,-0.07709103719725637,0.005996376694947818,0.338,Not significant
2,2605,0901000012095,15.901375737001963,-0.07719758370579587,-0.08139631324622011,0.006283598705168258,0.091,Not significant
2,2606,0901000012220,11.874469889737064,-0.08166899769473206,-0.08027349393392977,0.006555855791038198,0.12,Not significant
2,2607,090100001199A,14.343623323978797,-0.07892728789930756,-0.07794460659683398,0.006151956405066583,0.239,Not significant
2,2608,0901000010474,13.4805222375544,-0.07988566200043669,-0.07100576627419013,0.00567234264466196,0.541,Not significant
2,2609,0901000012112,15.473300970873787,-0.07767291130722867,-0.07143665403901611,0.005548692893257677,0.549,Not significant
2,2610,0901000012235,13.590844062947069,-0.07976316235131257,-0.08154204399712094,0.00650405129380023,0.107,Not significant
2,2611,0901000011434,12.063377745768816,-0.08145923733228055,-0.07526765710354555,0.006131245943442429,0.362,Not significant
2,2612,0901000010169,19.25391095066185,-0.07347498044132134,-0.07446579886433502,0.005471373115104384,0.448,Not significant
2,2613,0901000012076,16.81472081218274,-0.07618341945642235,1.4963687861656787,-0.11399849089795745,0.014,Low-High
2,2614,0901000012061,18.616087109237796,-0.07418321017283036,0.5596439381142471,-0.041516183883079656,0.037,Low-High
2,2615,0901000010309,26.028110359187924,-0.0659530141605105,-0.021442884921310846,0.0014142228928574112,0.969,Not significant
2,2616,0901000011472,36.43083421330517,-0.05440199043942373,-0.05544256373034096,0.0030161858219951497,0.875,Not significant
2,2617,0901000011379,104.87380330722368,0.021596024179849124,-0.048980269435430435,-0.0010577790830630807,0.903,Not significant
2,2618,0901000010811,61.78861788617886,-0.026245099530162325,-0.06938212808923824,0.0018209408573165288,0.597,Not significant
2,2619,0901000011788,28.44275894761792,-0.0632718257031235,-0.07156050223889285,0.004527763624887207,0.522,Not significant
2,2620,0901000011839,11.437908496732026,-0.082153748715429,-0.06533423826392114,0.005367452592848144,0.728,Not significant
2,2621,0901000012165,24.36738519212746,-0.06779705770794435,-0.0786112732220762,0.005329613027132081,0.186,Not significant
2,2622,0901000010489,17.595307917888565,-0.07531666760365507,-0.07486116758623207,0.005638293675513759,0.36,Not significant
2,2623,090100001174A,8.301660332066414,-0.08563619018492251,-0.07489630118270622,0.006413833892229466,0.403,Not significant
2,2624,0901000011754,6.191950464396284,-0.08797877940172878,-0.07372323402015782,0.0064860801426414915,0.478,Not significant
2,2625,090100001135A,11.870295309785757,-0.08167363308376277,-0.08456522003456535,0.006906748752750755,0.083,Not significant
2,2626,0901000011720,11.238700219887612,-0.08237494650588616,-0.08300763486888171,0.006837749481904262,0.078,Not significant
2,2627,0901000011468,9.230769230769232,-0.08460452202964976,-0.08316563252631305,0.007036188589182209,0.076,Not significant
2,2628,0901000011932,10.154193305754042,-0.08357916621473493,-0.08143975660777387,0.00680666695400869,0.11,Not significant
2,2629,0901000011487,11.449557139771008,-0.0821408142423094,-0.08330657608820531,0.006842869991624086,0.079,Not significant
2,2630,0901000011735,10.915838882218099,-0.08273344674316452,-0.07471899609792568,0.006181760084370451,0.367,Not significant
2,2631,0901200010604,12.96456352636128,-0.08045857457561134,-0.08213984552494599,0.006608854886798063,0.088,Not significant
2,2632,0901200011072,14.776230466673752,-0.07844692761701447,-0.07591089115371989,0.005954976183678928,0.212,Not significant
2,2633,0901200011424,9.141583054626533,-0.0847035529806453,-0.07526771379381256,0.006375442783066249,0.298,Not significant
2,2634,0901200010498,32.19178082191781,-0.059108969781136125,-0.004019169656051099,0.0002375689777447837,0.995,Not significant
2,2635,0901200010125,11.286011286011286,-0.08232241302958435,-0.06482414466925729,0.005336480011752127,0.757,Not significant
2,2636,0901200010445,32.234432234432234,-0.05906161031215465,-0.06793939374029813,0.004012609997933527,0.661,Not significant
2,2637,0901200010074,36.40375068946498,-0.05443206356553145,-0.040024800617625984,0.00217863249141634,0.936,Not significant
2,2638,0901200010159,19.875776397515526,-0.07278447066439517,-0.07154278685177973,0.005207203870862438,0.538,Not significant
2,2639,090120001045A,19.083969465648853,-0.07366368083865092,-0.059121903530879906,0.004355137032272247,0.848,Not significant
2,2640,0901200010411,152.51141552511416,0.07449209221562605,-0.03035888099983022,-0.0022614965630025703,0.962,Not significant
2,2641,0901200010017,18.332347723240687,-0.07449826999987383,-0.07067104210779501,0.0052648703761189655,0.586,Not significant
2,2642,0901200010214,84.62774504552759,-0.0008848858701467472,-0.06485241879545853,5.738698903694058e-05,0.734,Not significant
2,2643,090120001077A,9.228497600590623,-0.08460704441267622,-0.08279863924956002,0.007005348148296681,0.07,Not significant
2,2644,0901200010267,12.618296529968454,-0.08084306409443866,-0.07465176172467926,0.006035077157871008,0.378,Not significant
2,2645,0901200010303,13.953488372093023,-0.07936048771762959,-0.07774376481492233,0.006169783092716927,0.206,Not significant
2,2646,0901200012066,10.4834012813046,-0.08321361876888494,-0.06333206127546558,0.005270090002824254,0.788,Not significant
2,2647,090120001198A,3.146633102580239,-0.0913602527137068,-0.029370272830745676,0.002683275548087442,0.96,Not significant
2,2648,0901200012174,14.049172102358252,-0.07925424198300131,-0.07115458585800671,0.005639302765790707,0.578,Not significant
2,2649,0901200011994,6.900878293601004,-0.08719159690159531,0.41990308268274973,-0.03661202032301156,0.025,Low-High
2,2650,0901200010500,11.426211453744491,-0.08216673693110313,-0.08088637835325405,0.0066461697714615,0.122,Not significant
2,2651,0901200011000,35.75418994413408,-0.05515332577366305,-0.0400203786027788,0.0022072569786643933,0.933,Not significant
2,2652,090120001216A,22.222222222222225,-0.07017901350129795,-0.0733390833134262,0.005146864518025753,0.491,Not significant
2,2653,0901200011509,13.293390750795732,-0.08009344990991349,-0.08571464297391485,0.006865181463577367,0.073,Not significant
2,2654,090120001020A,19.492025989367985,-0.07321058118406781,-0.055954667288465765,0.004096473712149726,0.867,Not significant
2,2655,0901200010021,44.70938897168405,-0.04520961123842217,-0.06728785561503006,0.0030420577934225914,0.651,Not significant
2,2656,0901200010106,52.459016393442624,-0.03660454477374921,-0.04063502667880309,0.0014874266534467414,0.917,Not significant
2,2657,090120001013A,17.769607843137255,-0.07512312766167782,-0.07217072249911669,0.005421690399736666,0.488,Not significant
2,2658,0901200010182,19.147519147519148,-0.07359311625450493,-0.040456709218384006,0.0029773353047832353,0.931,Not significant
2,2659,0901200010197,18.639798488664987,-0.07415688142373886,-0.05668320776241698,0.00420344991675471,0.834,Not significant
2,2660,0901200010040,13.769363166953529,-0.07956493749847948,-0.07605734467709124,0.006051497875533076,0.32,Not significant
2,2661,0901200271763,21.132075471698116,-0.07138949559727185,-0.07496445923229986,0.0053516749323161365,0.392,Not significant
2,2662,0901200012070,40.26503567787971,-0.050144552417439016,-0.06781573989479309,0.0034005899238818624,0.681,Not significant
2,2663,0901200011068,38.42459173871278,-0.052188152910615,-0.002580196944169385,0.00013465571266181342,0.996,Not significant
2,2664,0901200012121,8.730499499069701,-0.08516001380457715,-0.026222038875862577,0.0022330691926526155,0.958,Not significant
2,2665,090120027180A,29.948867786705623,-0.06159946573559874,-0.07017104692871533,0.004322499000916491,0.647,Not significant
2,2666,0901200011975,32.34880450070324,-0.058934613116107,-0.0009037601684864713,5.326275587949787e-05,0.998,Not significant
2,2667,0901200011388,12.57020593741642,-0.0808964631448335,-0.07383241582198409,0.005972781305437157,0.408,Not significant
2,2668,0901200011956,25.185663545366484,-0.06688845407669687,-0.031393790471959296,0.002099882112277093,0.943,Not significant
2,2669,0901200010430,47.81997187060478,-0.04175566808317639,0.027725381040790198,-0.0011576918082188271,0.954,Not significant
2,2670,0901200011918,32.8219764537995,-0.05840921029555586,-0.0747700032086382,0.004367256841212736,0.382,Not significant
2,2671,0901200012206,5.26094276094276,-0.08901255596043749,-0.08149938111490007,0.007254468222231064,0.155,Not significant
2,2672,0901200012155,9.884678747940693,-0.08387843101250693,-0.08179595984206108,0.006860916774714107,0.097,Not significant
2,2673,0901200010479,289.28046989721,0.22635833547242595,-0.06349759171727803,-0.014373209167630756,0.752,Not significant
2,2674,0901200262314,0.0,-0.09485422545768919,-0.07037206281247882,0.006675087511937531,0.692,Not significant
2,2675,0901200011937,12.738853503184712,-0.0807091994954267,-0.06598409002075667,0.0053255230850094435,0.72,Not significant
2,2676,0901200012193,7.688275380045431,-0.08631728335151156,-0.08046003991002047,0.006945092063387166,0.144,Not significant
2,2677,090120001038A,148.2444733420026,0.06975414559079857,-0.032233474898181846,-0.0022484185009451277,0.947,Not significant
2,2678,0901200010483,71.28007128007128,-0.01570593643807962,-0.042174935158018664,0.0006623968508719706,0.906,Not significant
2,2679,0901200010712,13.019739605207896,-0.0803973079107905,-0.022692768950740707,0.0018244375326811268,0.967,Not significant
2,2680,0901200010943,32.31292517006803,-0.05897445297007948,-0.04317968286253084,0.002546498176239272,0.917,Not significant
2,2681,0901200010962,39.28955866523143,-0.05122770700949478,0.020170870117020775,-0.0010333074244813138,0.978,Not significant
2,2682,0901200010568,12.813522355507088,-0.08062628835633492,-0.0655157834253643,0.00528229444634461,0.765,Not significant
2,2683,0901200010642,31.02625298329356,-0.060403153871796886,-0.06149033372677432,0.003714210089726491,0.809,Not significant
2,2684,0901200010407,58.82352941176471,-0.029537487926065312,0.005183038108643142,-0.0001530939255543832,0.997,Not significant
2,2685,0901200010426,65.9238625812442,-0.021653387759759744,0.05896633165071975,-0.0012768208440036286,0.824,Not significant
2,2686,0901200010572,18.958772193800783,-0.0738026979535155,0.02536824624833862,-0.001872245015476538,0.954,Not significant
2,2687,0901200010549,21.01139601139601,-0.07152349620405005,-0.06663095621403381,0.0047656789438466724,0.712,Not significant
2,2688,0901200010731,19.653179190751445,-0.07303163916099636,-0.07638277017042769,0.005578358909203992,0.304,Not significant
2,2689,0901200010765,10.767160161507402,-0.08289853729577688,-0.07266194530101697,0.006023568982520055,0.481,Not significant
2,2690,0901200010816,14.061207609594707,-0.07924087794185851,-0.07648593804252583,0.006060812880696342,0.279,Not significant
2,2691,0901200010820,21.16564417177914,-0.07135222143173987,-0.07113584915937156,0.005075700860954326,0.587,Not significant
2,2692,0901200010835,17.36552308343922,-0.07557181713090316,-0.06377140665758702,0.004819321082107627,0.772,Not significant
2,2693,090120001084A,21.376656690893544,-0.07111791639318288,-0.06378604459823749,0.004536330586789288,0.773,Not significant
2,2694,0901200010854,18.45342706502636,-0.07436382537087925,-0.05991417127205799,0.004455446969716271,0.822,Not significant
2,2695,0901200010869,19.995699849494727,-0.07265130951756937,-0.07880155372420135,0.005725036070082324,0.142,Not significant
2,2696,0901200010888,17.004578155657292,-0.07597260479779532,-0.07726662344181447,0.005870146646805038,0.308,Not significant
2,2697,090120001091A,15.877016129032258,-0.0772246322378381,-0.07723532293419053,0.005964469409363526,0.292,Not significant
2,2698,0901200010375,56.79405520169851,-0.0317909847092689,-0.03628865610885669,0.0011536521114765806,0.949,Not significant
2,2699,090120026248A,6.644518272425249,-0.08747625510527986,-0.08376342807423486,0.007327311002714529,0.12,Not significant
2,2700,0901200010623,26.097635861221985,-0.06587581411805256,-0.07145341997194003,0.004707052212170666,0.53,Not significant
2,2701,0901200010638,29.30756843800322,-0.06231155461665148,-0.07194512617032729,0.00448301265876423,0.521,Not significant
2,2702,0901200010657,75.83196944899072,-0.010651579092589788,-0.07287243354337997,0.0007762064895568048,0.493,Not significant
2,2703,0901200010661,8.662175168431183,-0.08523588008488993,-0.0582074872319851,0.004961366401748243,0.843,Not significant
2,2704,0901200010676,7.924860581156442,-0.08605458280226937,-0.07134738460612422,0.006139769416313076,0.557,Not significant
2,2705,0901200010680,28.662420382165603,-0.06302791704259858,-0.03152021880546734,0.001986653736035551,0.957,Not significant
2,2706,0901200010695,288.7323943661972,0.22574976087711254,0.0015610972412063967,0.0003524173289082641,0.994,Not significant
2,2707,0901200010727,12.5968992248062,-0.08086682333124649,-0.02580884415482037,0.0020870792406515325,0.962,Not significant
2,2708,0901200010939,51.526717557251914,-0.03763975498628583,-0.05140062251880926,0.0019347068377505465,0.886,Not significant
2,2709,0901200010977,280.54298642533934,0.2166563689239016,-0.009890644511722833,-0.0021428711262269848,0.985,Not significant
2,2710,0901200011015,37.40036787247088,-0.0533254352551791,-0.0642287688651991,0.0034250270556410375,0.747,Not significant
2,2711,0901200010996,159.71223021582733,0.08248776550946801,-0.0705987744081861,-0.005823535148638286,0.586,Not significant
2,2712,090120001102A,39.82883475971033,-0.0506289031724521,-0.06131677002645268,0.003104400812516786,0.784,Not significant
2,2713,0901200011034,12.562814070351758,-0.08090467095972932,0.015882595202322346,-0.0012849761388304649,0.978,Not significant
2,2714,0901200011157,15.899738121960343,-0.07719940208821735,-0.06674554156460488,0.005152715900841756,0.7,Not significant
2,2715,0901200011087,3.7383177570093458,-0.0907032552220346,-0.07937650068745906,0.007199707000486604,0.233,Not significant
2,2716,0901200011091,7.164790174002047,-0.08689855323019355,-0.07381490982734934,0.006414408870813853,0.451,Not significant
2,2717,0901200011104,19.87618116650375,-0.07278402121516918,-0.07330815847577345,0.005335662561745679,0.451,Not significant
2,2718,0901200011119,16.053647632595,-0.07702850334735169,-0.07663229834247032,0.005902871249388228,0.309,Not significant
2,2719,0901200011566,65.57377049180327,-0.02204212460276422,-0.08240731478538321,0.001816432300678631,0.101,Not significant
2,2721,0901200011176,39.02888752304856,-0.051517152215287236,-0.07666044734730698,0.003949327934883226,0.319,Not significant
2,2722,0901200011513,11.216859279401769,-0.08239919834849782,-0.08449127949851173,0.006962013698116236,0.061,Not significant
2,2723,0901200012013,14.69885277246654,-0.07853284661225116,-0.07885069904318769,0.006192369853227437,0.177,Not significant
2,2724,0901200012047,6.387018815812187,-0.08776217852045609,-0.08358764220583108,0.007335833577372157,0.076,Not significant
2,2725,0901200011049,162.16216216216216,0.08520813206192258,-0.033262868203457294,-0.0028342668666385146,0.952,Not significant
2,2726,0901200012051,8.085106382978724,-0.08587664834164047,-0.08426928478856262,0.007236763735788944,0.087,Not significant
2,2727,0901200011481,15.736766809728184,-0.07738036291346365,-0.08326385899148951,0.006442987626336921,0.081,Not significant
2,2728,0901200262403,10.967489228358792,-0.0826760949974256,-0.07868739486567855,0.00650556653301478,0.294,Not significant
2,2729,0901200010905,12.318521777386712,-0.08117592934459947,-0.07812251142034106,0.0063416674672802705,0.212,Not significant
2,2730,0901200012136,14.709017267107226,-0.07852156011456517,-0.08446104879850082,0.006632013320570704,0.065,Not significant
2,2731,0901200012140,6.753645433614735,-0.08735508199281511,-0.08252000164388308,0.007208541509648644,0.111,Not significant
2,2732,0901200012333,7.575757575757574,-0.08644222138164673,-0.08294129344476897,0.007169629649632844,0.236,Not significant
2,2733,0901200261710,28.025477707006367,-0.0637351683407117,-0.07928982793372477,0.005053550531062013,0.193,Not significant
2,2734,0901200262329,11.204481792717086,-0.08241294211833226,-0.05942367141310981,0.004897279592627414,0.862,Not significant
2,2735,0901200011960,28.841820639927892,-0.06282871377025938,-0.0730872217574158,0.004591976136060151,0.322,Not significant
2,2736,0901200011462,16.161249319048483,-0.07690902409844698,-0.0812078326058114,0.006245615154862997,0.122,Not significant
2,2737,0901200012263,10.439105219552609,-0.0832628044309503,-0.07358619439742367,0.006126992912930578,0.441,Not significant
2,2738,0901200011759,0.0,-0.09485422545768919,-0.0871660789509042,0.008268070905071803,0.059,Not significant
2,2739,0901200011477,8.89020595643799,-0.08498267822369063,-0.08220023418843495,0.0069855960519477804,0.089,Not significant
2,2740,090120001223A,10.485111142178107,-0.0832117201658088,-0.08366752717012453,0.006962118857845607,0.093,Not significant
2,2741,0901200012244,20.40816326530612,-0.07219331651814623,-0.0753358367428938,0.005438743907139123,0.367,Not significant
2,2742,090120001052A,22.981366459627328,-0.06933607147794298,-0.074738363709611,0.005182064528314087,0.415,Not significant
2,2743,0901200192475,22.222222222222225,-0.07017901350129795,-0.0767343733356656,0.0053851426223373135,0.493,Not significant
2,2744,0901200011890,115.2073732718894,0.03307026049134374,-0.05100673156078269,-0.0016868058995271277,0.894,Not significant
2,2745,0901200010534,14.85655737704918,-0.07835773385774525,-0.0016433470297758062,0.0001287689491950888,1.0,Not significant
2,2746,0901200012225,12.90516206482593,-0.08052453304003702,-0.08390537792487923,0.006756441376948731,0.088,Not significant
2,2747,0901200012367,0.0,-0.09485422545768919,-0.08294129344476897,0.007867332148162475,0.246,Not significant
2,2748,0901200011299,11.636636636636636,-0.08193308406160595,-0.08357160833543356,0.006847279610910686,0.09,Not significant
2,2749,0901200011903,24.701195219123505,-0.06742640021532602,-0.051888609859057445,0.0034986621749737187,0.885,Not significant
2,2750,0901200011316,10.141987829614605,-0.08359271898671956,-0.08039550497994559,0.006720478855584005,0.152,Not significant
2,2751,0901200011195,15.849056603773583,-0.07725567806237621,-0.07884582981445043,0.006091288044706086,0.198,Not significant
2,2752,0901200011369,13.39784145887607,-0.07997746945867401,-0.07378262106678928,0.005900947322950057,0.474,Not significant
2,2753,0901200011439,7.8040904198062435,-0.08618868412208894,-0.07815809710218147,0.0067363435427234735,0.252,Not significant
2,2754,0901200011443,10.3048518677544,-0.08341187727696678,-0.0794503905117868,0.006627106222976247,0.153,Not significant
2,2755,0901200011585,5.310674455655868,-0.08895733465557763,-0.08472980907966125,0.007537337981602626,0.062,Not significant
2,2756,0901200012009,22.33476171925724,-0.07005405138387173,-0.07753451571956928,0.0054316069482423165,0.184,Not significant
2,2757,0901200010784,13.481980814104226,-0.0798840424195882,-0.0813116649728868,0.006495504493901434,0.125,Not significant
2,2758,0901200012210,10.998877665544333,-0.08264124176210162,-0.08562272813026901,0.007075968575744261,0.059,Not significant
2,2759,0901200010464,50.99778270509977,-0.038227076067744774,-0.009841737692487838,0.0003762208554095235,0.985,Not significant
2,2760,0901200010515,11.598237067965668,-0.0819757223489255,-0.07693391108146992,0.006306712934031501,0.267,Not significant
2,2761,0901200010708,22.512864493996567,-0.0698562888166196,-0.03411233245541128,0.0023829609482137566,0.945,Not significant
2,2762,0901200010163,21.578298397040687,-0.07089401656045356,-0.06797100929008376,0.004818737858241941,0.701,Not significant
2,2763,0901200010746,27.364663890541344,-0.06446892578503609,-0.07159945056684576,0.0046159396648433396,0.523,Not significant
2,2764,0901200010750,19.213174748398902,-0.0735202132904525,-0.0771578985807125,0.0056726651606970845,0.313,Not significant
2,2765,0901200010801,9.496919917864476,-0.08430899242191112,-0.07786388944749922,0.006564626065369737,0.254,Not significant
2,2766,0901200010229,31.049250535331904,-0.06037761774560079,-0.003387658571522958,0.00020453875428402116,0.995,Not significant
2,2767,0901200010248,26.041666666666664,-0.06593796144629321,-0.07021792916248698,0.004630027105954614,0.632,Not significant
2,2768,0901200010337,14.71688700424046,-0.078512821680134,-0.07292139927105114,0.005725264817633892,0.451,Not significant
2,2769,0901200010341,21.89531303455354,-0.07054200840862769,-0.061570045669427705,0.00434327467933236,0.775,Not significant
2,2770,0901200010360,18.08439383791025,-0.07477359416029111,-0.06513154344813611,0.0048701195968242975,0.736,Not significant
2,2771,0901200010233,28.183993618718425,-0.06355915472331371,-0.03378600313041598,0.0021474098004484704,0.96,Not significant
2,2772,0901200261689,13.729977116704804,-0.07960867115969003,-0.07450878226880715,0.005931545146146412,0.44,Not significant
2,2773,0901200010619,20.551967116852612,-0.07203363894487874,-0.07649757252505739,0.0055103985194296596,0.301,Not significant
2,2774,0901200010799,14.955421340235835,-0.07824795684165368,-0.08009900912875348,0.006267583809365927,0.14,Not significant
2,2775,0901200010553,13.092885375494072,-0.08031608797844188,-0.051722142669348006,0.0041541201610648774,0.887,Not significant
2,2776,0901200010587,12.056737588652481,-0.08146661046007267,-0.05871603843950288,0.0047833966313096336,0.837,Not significant
2,2777,0901200010591,26.652452025586356,-0.06525975482768903,-0.06014705615552762,0.003925182138316977,0.831,Not significant
2,2778,0901200010924,14.384349827387801,-0.07888206581963389,-0.051120733624868506,0.004032509074544849,0.834,Not significant
2,2779,0901200010958,96.79529103989536,0.012625769067860632,-0.03866095077282087,-0.00048812423640156433,0.931,Not significant
2,2780,0901200011123,16.8668540761564,-0.07612553148618856,-0.06882225787400056,0.005239130958737818,0.618,Not significant
2,2781,0901200011142,14.122596153846152,-0.07917271305150908,-0.07670662523195794,0.006073071628639452,0.319,Not significant
2,2782,0901200011161,11.686143572621036,-0.08187811232536325,-0.0691087640585381,0.005658495146252009,0.626,Not significant
2,2783,0901200010318,18.379281537176276,-0.07444615541856861,-0.07314349692946365,0.005445252140268446,0.447,Not significant
2,2784,0901200010322,12.404382881951623,-0.08108059050167177,-0.07522889286377232,0.006099603056181661,0.392,Not significant
2,2785,0901200010093,24.0,-0.06820499654478665,-0.037893273414626054,0.002584510582315226,0.951,Not significant
2,2786,0901200010144,10.304659498207885,-0.08341209088113681,-0.033284315380094444,0.0027763143394008575,0.962,Not significant
2,2787,0901200010178,7.039774727208729,-0.08703736844932873,-0.07045059876497735,0.006131834722183157,0.582,Not significant
2,2788,0901200011570,9.21724333522405,-0.08461954097492623,-0.08370271084791513,0.007082884970307556,0.074,Not significant
2,2789,0901200011053,8.540925266903914,-0.08537051410078438,-0.04005322232664769,0.003419364181418928,0.938,Not significant
2,2790,0901200012085,6.722024515618822,-0.08739019337123632,-0.08096079026219521,0.007075179116501347,0.113,Not significant
2,2791,0901200012259,11.811023622047244,-0.08173944744937102,-0.05286649915545116,0.004321278429549218,0.88,Not significant
2,2792,0901200272028,35.654059262828234,-0.055264509333968245,-0.07564788406602695,0.004180643195061894,0.353,Not significant
2,2793,0901200272032,16.93751430533303,-0.07604707146025665,-0.077361239285239,0.005883095692178584,0.31,Not significant
2,2794,090120027230A,10.395010395010395,-0.08331176664232946,-0.08034589918238652,0.006693758803351116,0.263,Not significant
2,2795,0901200011458,8.251676121712224,-0.08569169187924583,-0.07772032789236245,0.006659986390506279,0.214,Not significant
2,2796,0901200012102,10.622710622710622,-0.0830589318301835,-0.040051641207555215,0.0033266465367452966,0.933,Not significant
2,2797,0901200011941,7.724719101123595,-0.0862768168071178,-0.06130923666207581,0.005289565780078145,0.82,Not significant
2,2798,0901200011922,5.555555555555556,-0.08868542246859139,-0.009660521154373854,0.0008567473998424094,0.983,Not significant
2,2799,0901200012189,10.418639893919302,-0.08328552881209944,-0.07627252608477104,0.006352397668804805,0.327,Not significant
2,2800,0901200012371,0.0,-0.09485422545768919,-0.08675442060613159,0.008229023371625203,0.049,Low-Low
2,2801,0901200011744,13.167520117044624,-0.08023321471542373,-0.07530943082283363,0.006042317733304761,0.308,Not significant
2,2802,0901200192460,16.318537859007833,-0.0767343733356656,-0.07017901350129795,0.0053851426223373135,0.686,Not significant
2,2803,0901200261528,14.895330112721416,-0.0783146812115574,-0.0761700672563879,0.005965234535046905,0.294,Not significant
2,2804,0901200010394,40.46639231824417,-0.04992096911734712,-0.040765183584047446,0.0020350374707622182,0.925,Not significant
2,2805,0901200262390,15.384615384615383,-0.0777713864109568,-0.07037206281247882,0.005472932889525413,0.695,Not significant
2,2806,0901200272422,5.0,-0.08930230276750117,-0.07735063111980066,0.006907589479517737,0.413,Not significant
2,2807,0901200012386,6.5359477124183005,-0.08759681017639764,-0.0790826408711269,0.006927387080636329,0.305,Not significant
2,2808,090120001159A,16.57310879443999,-0.07645170170512797,-0.08440349806811927,0.006452791057173199,0.082,Not significant
2,2809,0901200010981,25.009473285335357,-0.06708409301718825,0.021418814342700238,-0.0014368617336835885,0.978,Not significant
2,2810,0901200012456,9.119746233148296,-0.08472780024957463,-0.08478962582562947,0.007184038480190108,0.061,Not significant
2,2811,0901200010892,16.408061351881575,-0.07663496783338748,-0.07914723431232626,0.0060654457556267045,0.179,Not significant
2,2812,0901200011496,6.718788174932812,-0.0873937869538939,-0.08323184171546737,0.007273945842661773,0.068,Not significant
2,2813,0901200262437,13.86138613861386,-0.07946275661360357,-0.08337738268727467,0.0066253966675581906,0.214,Not significant
2,2814,0901200262297,34.40496333897349,-0.05665148613434235,-0.0774572863398457,0.004388070383085554,0.255,Not significant
2,2815,0901200261674,10.335917312661499,-0.08337738268727467,-0.0740168728289544,0.006171333131175074,0.416,Not significant
2,2816,090120026166A,22.04836415362731,-0.07037206281247882,-0.07961056882163794,0.005602359949653473,0.168,Not significant
2,2817,0901200011602,11.834319526627217,-0.08171358003712582,-0.08222595420042794,0.006718977089685711,0.122,Not significant
2,2818,0901200271797,9.90205575287913,-0.08385913585490588,-0.06947202669995096,0.0058258641251468365,0.664,Not significant
2,2819,0901200261706,13.16542644533486,-0.08023553949611797,-0.07098432132155015,0.005695465317000366,0.623,Not significant
2,2820,0901200261693,29.41176470588235,-0.062195856691877265,-0.07474788669771171,0.004649008849071557,0.425,Not significant
2,2821,0901200012348,1.5673981191222572,-0.09311381082126662,-0.07775990361048035,0.007240520954266194,0.322,Not significant
2,2822,0901200011617,10.728654447921324,-0.08294129344476897,-0.08386292647069911,0.006955699593543338,0.067,Not significant
2,2823,0901200261532,13.65531119735518,-0.07969157904205422,-0.07339726956347661,0.005849144308888757,0.447,Not significant
2,2824,0901200011621,11.653813196229647,-0.08191401147541719,-0.07888684044037943,0.006461937553092645,0.17,Not significant
2,2825,0901200011636,9.82915984086122,-0.08394007834849672,-0.08131184379050153,0.006825322538435426,0.147,Not significant
2,2826,0901200011640,10.235690235690235,-0.08348867328383627,-0.07841773030679366,0.006546992265243882,0.164,Not significant
2,2827,0901200011212,26.76056338028169,-0.06513970965104904,-0.08535358007081251,0.0055599074234902925,0.061,Not significant
2,2828,0901200011655,8.695652173913043,-0.08519870773562306,-0.08433979864492977,0.00718564185523067,0.066,Not significant
2,2829,0901200012352,1.092896174863388,-0.09364069044344045,-0.08533184569979299,0.00799053294814174,0.092,Not significant
2,2830,0901200012441,8.455847026040164,-0.08546498366396293,-0.08354462488995346,0.007140140001431783,0.083,Not significant
2,2831,090120001173A,4.618937644341802,-0.08972542851525223,-0.08239919834849782,0.00739330338113223,0.275,Not significant
2,2832,0901200271778,8.564576909900651,-0.08534425168210162,-0.07191953416536925,0.00613791882466878,0.518,Not significant
2,2833,0901200271782,8.895265423242467,-0.08497706026998023,-0.0844583758557328,0.007177024495397249,0.067,Not significant
2,2834,0901200011547,10.842952081147255,-0.0828143791201006,-0.07682763410232371,0.006362432817450206,0.22,Not significant
2,2835,0901200012282,8.17710410849621,-0.08577449548969122,-0.082988086730692,0.007118261270979844,0.087,Not significant
2,2836,0901200262418,9.009009009009008,-0.0848507611510441,-0.07796250614780571,0.00661517798788427,0.301,Not significant
2,2837,0901200012278,6.668687481054865,-0.08744941798972093,-0.08443080919681238,0.00738342512466242,0.079,Not significant
2,2838,0901400010543,15.138179897905298,-0.07804502456502345,-0.03392099678276573,0.0026473650271810326,0.962,Not significant
2,2839,0901400010967,200.0,0.12722268214983198,-0.04595301162380507,-0.005846265391642887,0.923,Not significant
2,2840,0901400010045,25.0,-0.06709461200674904,-0.03037957497682881,0.002038305796000271,0.957,Not significant
2,2841,0901400010168,37.12574850299401,-0.053630368356891854,-0.06821558525727028,0.003658426965028367,0.66,Not significant
2,2842,0901400010971,39.56378392087243,-0.0509232115256916,0.1902196561311487,-0.009686595785510803,0.032,Low-High
2,2843,0901400010878,26.755852842809364,-0.06514494015902415,-0.06709207211895986,0.0043707090233345725,0.653,Not significant
2,2844,090140001051A,18.259935553168635,-0.07457867535388758,-0.06688848965417725,0.004988454954830753,0.726,Not significant
2,2845,0901400010524,40.8975750995295,-0.04944219042393984,-0.0560942224036901,0.0027734212257660784,0.865,Not significant
2,2846,0901400010346,31.274131274131275,-0.06012791365033549,-0.061528965674668756,0.0036996083350809396,0.795,Not significant
2,2847,0901400010670,24.573278399058267,-0.0675684370744814,-0.06795926615195892,0.00459190139861657,0.668,Not significant
2,2848,0901400010914,69.33333333333333,-0.017867564153748523,-0.001443702611003253,2.5795449021034872e-05,0.998,Not significant
2,2849,0901400010115,28.471818710052293,-0.06323955819223732,-0.06418531409494883,0.004059050905794548,0.77,Not significant
2,2850,0901400011024,35.24867213906325,-0.05571464492811642,-0.06636309338048924,0.0036973961840253908,0.679,Not significant
2,2851,0901400010153,20.33781454670803,-0.07227143064754829,-0.06524459927537254,0.0047153205316571665,0.737,Not significant
2,2852,0901400010219,84.88458674609085,-0.0005996928171180221,-0.028957700268972392,1.736572485155936e-05,0.956,Not significant
2,2853,0901400010882,33.46508563899868,-0.05769511180004073,-0.017722309000097976,0.0010224905991155207,0.978,Not significant
2,2854,0901400010187,32.25806451612903,-0.059035369391959976,-0.06385000855805965,0.0037694088409048576,0.744,Not significant
2,2855,0901400010929,22.246046636290536,-0.0701525592402887,-0.03137989023912196,0.00220137960895376,0.957,Not significant
2,2856,0901400010933,20.58823529411765,-0.07199336732162083,-0.02787916059089141,0.002007114649038501,0.951,Not significant
2,2857,0901400010986,18.835616438356166,-0.07393944820013154,-0.054524832778582666,0.004031536048852848,0.855,Not significant
2,2858,090140001101A,24.694207246711283,-0.06743415955184479,-0.05713365277864951,0.0038527598572551513,0.85,Not significant
2,2859,0901400010990,26.856240126382303,-0.06503347167152916,-0.061985702947096086,0.004031145456649795,0.772,Not significant
2,2860,0901400010312,22.611905860636824,-0.06974631481447614,-0.06403802497707198,0.004466416250148149,0.786,Not significant
2,2861,0901400010327,39.954980303882955,-0.05048883311066048,-0.06846812292189222,0.0034568756316036035,0.68,Not significant
2,2862,0901400010331,19.473081328751434,-0.0732316170422948,-0.06480597388196728,0.004745846261377187,0.771,Not significant
2,2863,0901400010685,31.687062937062937,-0.059669400716550025,-0.042697128847859055,0.0025477120906690696,0.913,Not significant
2,2864,0901400010717,200.84033613445376,0.12815577840028375,-0.04225473835758279,-0.005415188885316349,0.898,Not significant
2,2865,0901400010149,27.369040612124778,-0.06446406594106255,-0.06444803288958345,0.004154582241965876,0.74,Not significant
2,2866,0901400010172,19.14660831509847,-0.0735941276287416,-0.0641699241785275,0.004722529589921224,0.766,Not significant
2,2867,0901400010204,30.88375039594552,-0.0605613865414185,-0.05396609298586873,0.00326826141744733,0.889,Not significant
2,2868,0901400010011,36.496350364963504,-0.05432924231763058,-0.031646563934601635,0.001719333840523361,0.952,Not significant
2,2869,0901400010026,84.35472242249459,-0.0011880459692970608,-0.03915633405841606,4.651952485055042e-05,0.938,Not significant
2,2870,0901400010030,33.73089824822959,-0.05739995758873529,-0.05050328142090556,0.002898886211651942,0.874,Not significant
2,2871,090140001005A,26.378085897869465,-0.06556440673366712,-0.059338951373690836,0.0038905231430139612,0.809,Not significant
2,2872,0901400010492,36.122817579771215,-0.054744007346758224,-0.056648893063187974,0.0031011874180368834,0.85,Not significant
2,2873,0901400010825,1785.2112676056338,1.8874167632221213,-0.0543673718598293,-0.10261388902057246,0.881,Not significant
2,2874,0901400010435,23.159784560143624,-0.06913795877782364,-0.05923505198238734,0.004095390582160537,0.82,Not significant
2,2875,0901400010581,38.38771593090211,-0.05222909923743561,0.01111232294385243,-0.0005803866177929012,0.993,Not significant
2,2876,0901400010562,23.042681330191147,-0.06926798839371713,-0.027439629164053084,0.001900687914463531,0.969,Not significant
2,2877,0901400010454,37.11340206185567,-0.05364407765423165,-0.06805921703912333,0.0036509739239329385,0.65,Not significant
2,2878,0901400010863,21.955835962145112,-0.07047480468563323,-0.06424464888216053,0.004527629082067349,0.77,Not significant
2,2879,0901400010558,51.95876288659794,-0.037160018532848636,-0.03526342626136931,0.0013103895734042248,0.942,Not significant
2,2880,0901400010083,26.572008113590265,-0.06534907850374876,-0.057300853164954556,0.0037445579518083955,0.836,Not significant
2,2881,0901400010098,25.269596008369547,-0.06679525676753885,-0.05121856458518475,0.0034211571727321873,0.88,Not significant
2,2882,0901400010100,26.22289460413515,-0.06573672874666776,-0.062245301489072674,0.004091802499741726,0.765,Not significant
2,2883,0901400010793,44.53961456102784,-0.04539812611896927,0.024472992414091864,-0.0011110279961235206,0.966,Not significant
2,2884,0901400010365,40.48582995951417,-0.049899385861024985,-0.05795119787567942,0.0028917291839071387,0.826,Not significant
2,2885,090140001083A,40.836653386454174,-0.04950983695216944,0.3366586041232321,-0.01666791259868618,0.033,Low-High
2,2886,0901400010628,28.988217692163833,-0.0626661567470423,-0.05680309528473103,0.0035596316728301342,0.842,Not significant
2,2887,0901400010469,19.732205778717407,-0.07294388925962508,-0.05328053972481484,0.003886489789379949,0.875,Not significant
2,2888,0901400010473,31.33159268929504,-0.060064109383403896,-0.05682963861292413,0.0034134216298659886,0.84,Not significant
2,2889,0901400010420,33.695845961847034,-0.057438879105557346,-0.05967750549183014,0.003427809023266466,0.814,Not significant
2,2890,0901400010191,25.160218371706623,-0.06691670800409645,-0.0469396115067923,0.0031410442770257465,0.901,Not significant
2,2891,0901400010596,30.101394169835235,-0.06143010279812882,-0.03570266247489511,0.002193218225999703,0.947,Not significant
2,2892,0901400010609,37.03703703703704,-0.05372887219703713,-0.05813685572998826,0.0031236276914541248,0.826,Not significant
2,2893,0901400010613,44.8836350203177,-0.045016131120205215,0.187027238950063,-0.008419242711625988,0.042,Low-High
2,2894,0901400010632,17.308524448290783,-0.07563510753406123,-0.06523351874771588,0.00493394420530869,0.729,Not significant
2,2895,0901400010948,11.822660098522167,-0.08172652648581603,-0.019056859155690078,0.0015574509045239709,0.976,Not significant
2,2896,0901400010647,16.7903852951573,-0.07621044123825256,-0.05432841418911694,0.004140392417127143,0.871,Not significant
2,2897,0901400010844,42.49596557288865,-0.047667362356575226,-0.05917705609586716,0.002820814176117079,0.808,Not significant
2,2898,0901400010859,27.442181567138416,-0.06438285135551809,-0.06184995533946714,0.003982076480966345,0.798,Not significant
2,2899,0901400010350,34.585247230478245,-0.05645130168875822,-0.05899484422685422,0.0033303357495314437,0.833,Not significant
2,2900,0901400010384,45.57640750670241,-0.04424688726294577,-0.01570636305559097,0.0006949576754316301,0.979,Not significant
2,2901,0901400010399,33.251833740831295,-0.05793190341047296,-0.03359140979356783,0.001946014307582587,0.953,Not significant
2,2902,090140001069A,178.6743515850144,0.1035430118862058,-0.05483774177367886,-0.005678064948284714,0.865,Not significant
2,2903,0901400010702,26.92867540029112,-0.0649530406633723,0.011729518188969069,-0.0007618678718898731,0.985,Not significant
2,2904,0901400010257,32.19160442956477,-0.059109165644477574,-0.058201706050057644,0.00344025428370405,0.821,Not significant
2,2905,0901400010261,32.0155226776619,-0.05930468409922109,-0.05886395149258635,0.0034909080480997074,0.816,Not significant
2,2906,0901400010276,31.370038412291933,-0.06002141984703446,-0.06252272216210597,0.003752702556871249,0.784,Not significant
2,2907,0901400010755,28.666797565285687,-0.06302305668614187,0.2692675703529324,-0.016970065350092555,0.031,Low-High
2,2908,090140001037A,33.38570306362922,-0.057783256984320575,-0.05431267881393179,0.0031383634774122845,0.855,Not significant
2,2909,0901400010488,11.102603369065848,-0.08252606634471425,-0.046234362750025224,0.0038155400877141667,0.925,Not significant
2,2910,0901400010242,25.476295968099247,-0.06656574032824199,-0.06542853450825066,0.004355298838133633,0.744,Not significant
2,2911,0901400010064,42.076771653543304,-0.04813282880305568,-0.04980840342775023,0.0023974193551414336,0.899,Not significant
2,2912,090140001012A,29.7661233167966,-0.06180238236939759,-0.06293212909363276,0.0038893555055649824,0.772,Not significant
2,2913,090140001044A,24.267399267399266,-0.06790808053278392,-0.06297114398632288,0.004276249517064746,0.773,Not significant
2,2914,0901400010079,45.96608020288477,-0.04381420072620945,-0.0503570134356039,0.0022063522946399756,0.888,Not significant
2,2915,0901400010577,32.843703581449084,-0.05838508482895779,-0.007881652397852807,0.0004601709438409947,0.993,Not significant
2,2916,0901400010789,37.28455856489624,-0.05345402811967082,-0.06909770161366406,0.0036935504850614228,0.617,Not significant
2,2917,0901400010897,61.54714850367024,-0.026513223398909384,-0.014741652845763467,0.00039084873516889506,0.984,Not significant
2,2918,090140001090A,34.730086825217064,-0.0562904740422646,-0.034025299784232875,0.001915300254284632,0.942,Not significant
2,2919,0901400010134,26.40394088669951,-0.0655356977538391,-0.06137981917925777,0.004022569277917134,0.772,Not significant
2,2920,0901400010952,26.984950700570835,-0.06489055344006828,0.2943189453995622,-0.01909851925487483,0.038,Low-High
2,2921,0901400011005,26.54053343844436,-0.06538402749637053,-0.06469747872527763,0.0042301817279194,0.728,Not significant
2,2922,0901400010740,26.114107294919105,-0.06585752449275596,-0.0634876149848568,0.004181137158851867,0.756,Not significant
2,2923,0901400010401,22.95318995120188,-0.06936735823723449,-0.05539747942315525,0.0038427768005858363,0.853,Not significant
2,2924,0901400010416,45.499833942211886,-0.04433191336497847,-0.05961035952852328,0.0026426412942737133,0.825,Not significant
2,2925,0901400010280,34.75382705833678,-0.05626411325447906,-0.0652975432172423,0.0036739083668141615,0.697,Not significant
2,2926,0901400010295,25.815217391304348,-0.06618940722030535,-0.06205248296826997,0.004107217064217883,0.805,Not significant
2,2927,0901400010308,34.39358675976209,-0.05666411851199445,-0.06372426477144436,0.003610879291098836,0.754,Not significant
2,2928,0901400010721,14.314471035562514,-0.07895965814961342,-0.014087412739479367,0.0011123372941218,0.989,Not significant
2,2929,0901400010736,33.89494549058474,-0.05721780206731643,-0.033579870534886265,0.0019213663857112334,0.962,Not significant
2,2930,090140001076A,48.82237487733072,-0.04064261528362551,0.18566792629025805,-0.007546030098723497,0.05,Not significant
2,2931,0901400010774,22.55639097744361,-0.06980795768240484,-0.062384674455388464,0.00435494671441236,0.767,Not significant
2,2932,0901400010806,42.10718191760846,-0.048099061716040094,-0.01644519522955614,0.0007909984602787489,0.978,Not significant
2,2933,0901400010810,25.4758837841706,-0.06656619801090319,0.15160625686356366,-0.010091852114071828,0.061,Not significant
2,2934,0901400010238,22.432113341204246,-0.0699459536481089,-0.03958583059264674,0.0027688686717551605,0.935,Not significant
2,2935,0901400010223,180.12422360248448,0.10515292735653797,-0.050845264485966636,-0.00534652840291681,0.887,Not significant
2,2936,0901400010539,34.71444568868981,-0.056307841718421806,-0.05547730388062052,0.003123807245874768,0.866,Not significant
2,2937,0901400010666,22.132796780684103,-0.07027831012888906,-0.05616993358729957,0.003947528012567341,0.844,Not significant
2,2938,0901400010651,31.19180633147113,-0.060219325993760155,-0.055810446297788606,0.0033608674594637765,0.873,Not significant
2,2939,0901400010505,90.9090909090909,0.006089823454820433,-0.06474846464864054,-0.0003943067186809028,0.694,Not significant
2,2940,0900600010185,16.354016354016355,-0.0766949785633753,-0.06547319532434327,0.005021465311876192,0.725,Not significant
2,2942,0900600010950,14.372822299651569,-0.07889486580819398,-0.06962152979580195,0.0054927812506009735,0.589,Not significant
2,2943,090060001001A,33.58829398071167,-0.05755830316244537,-0.07251117883847416,0.004173620414251189,0.46,Not significant
2,2944,0900600010024,10.863239573229873,-0.0827918522025765,-0.07513823141755936,0.006220833350285565,0.403,Not significant
2,2945,0900600010927,11.367803447011369,-0.08223159227867717,-0.07518888874696983,0.006182902043327641,0.408,Not significant
2,2946,0900600010999,11.853448275862068,-0.08169233976974344,-0.07438516970726557,0.006076698557555966,0.421,Not significant
2,2947,0900600010058,16.33069660627711,-0.07672087245069588,-0.05932328502070666,0.004551334183429913,0.822,Not significant
2,2948,0900600010109,24.179620034542317,-0.06800554923570909,-0.07292083700300216,0.004959021571116781,0.489,Not significant
2,2949,0900600010128,34.91543917075832,-0.05608466166368659,-0.07443703109013854,0.00417477570393974,0.292,Not significant
2,2950,0900600010132,58.79618870555426,-0.029567846623500427,0.3647132131948222,-0.010783784349308516,0.037,Low-High
2,2952,0900600010166,19.81399110392236,-0.07285307609907914,-0.06672774243203343,0.004861321297320684,0.732,Not significant
2,2953,0900600010039,12.532981530343008,-0.08093779655088543,-0.07927350421248812,0.006416222755826122,0.16,Not significant
2,2954,0900600010217,13.329848405645581,-0.08005296789367511,-0.07246415115744034,0.005800970366048991,0.467,Not significant
2,2955,0900600010221,24.578076355890545,-0.06756310949740067,-0.06280986540479692,0.004243629813861293,0.771,Not significant
2,2956,0900600010236,23.454157782515992,-0.06881109130328905,-0.07209608089974281,0.004961010005401517,0.511,Not significant
2,2957,0900600010965,14.732965009208105,-0.07849496891201545,-0.07647657555120795,0.006003026420389469,0.275,Not significant
2,2958,0900600010240,17.562724014336915,-0.07535284826634772,-0.06764784323739792,0.005097457667013323,0.664,Not significant
2,2959,0900600010255,16.809076901526826,-0.07618968636754875,-0.07053084806954993,0.00537372319365624,0.526,Not significant
2,2960,0900600010274,17.868145409735057,-0.07501371307131177,-0.06694768889033968,0.005021994725207387,0.686,Not significant
2,2961,0900600010378,26.694915254237287,-0.06521260431515989,-0.06990045558631489,0.0045583907515997606,0.571,Not significant
2,2962,0900600010490,21.077283372365336,-0.07145033589717761,-0.07587059054819537,0.005420979179385788,0.318,Not significant
2,2963,0900600010503,15.036001694197374,-0.07815848166254519,-0.06232302248100396,0.0048710728097359395,0.773,Not significant
2,2964,0900600010518,14.42758103803635,-0.07883406255176909,-0.05841607501776092,0.004605176511979,0.825,Not significant
2,2965,0900600010537,9.198741224885016,-0.08464008543216778,-0.0762044839659333,0.006449954033190854,0.351,Not significant
2,2966,0900600010541,14.029180695847362,-0.07927644013168463,-0.07607902117329073,0.0060312739673215494,0.263,Not significant
2,2967,0900600010749,18.573551263001484,-0.0742304413188035,-0.06884767227734279,0.005110593096919509,0.601,Not significant
2,2968,0900600010804,17.20563847429519,-0.07574935052876688,-0.07506804928067942,0.005686355978472933,0.34,Not significant
2,2969,0900600010876,15.061861215707369,-0.07812976764969944,-0.07049875863813904,0.0055080516319900436,0.574,Not significant
2,2970,0900600010931,16.479663394109394,-0.07655546203280579,-0.07398535936850541,0.005663983370119108,0.428,Not significant
2,2971,0900600010946,28.706083976006852,-0.0629794336631221,-0.07471562022434776,0.004705547447518334,0.357,Not significant
2,2972,090060001097A,15.706806282722512,-0.0774136306194022,-0.07448254779636812,0.0057659644427000105,0.396,Not significant
2,2973,0900600010984,17.813267813267814,-0.07507464830591366,-0.07212718701837613,0.0054149231986994496,0.493,Not significant
2,2974,0900600011003,20.0,-0.07264653469693708,-0.07992906228669297,0.005806569396703885,0.152,Not significant
2,2975,0900600011018,15.10146295422369,-0.0780857944915715,-0.07236953674946502,0.005651032774068957,0.484,Not significant
2,2976,0900600011022,15.810276679841897,-0.07729873869029623,-0.07099811499762478,0.005488064738704999,0.58,Not significant
2,2977,0900600011037,24.412296564195294,-0.06774718881481817,0.12052253250868983,-0.008165062766306271,0.068,Not significant
2,2978,0900600011056,14.325974635979332,-0.07894688472957882,-0.07699732860727114,0.006078699226043737,0.273,Not significant
2,2979,0900600011060,11.609071274298056,-0.0819636922137321,-0.07175037404126502,0.0058809255741384,0.518,Not significant
2,2980,0900600011075,14.89435400069276,-0.0783157650712614,-0.07751725974558127,0.00607082350320289,0.252,Not significant
2,2981,090060001108A,18.40490797546012,-0.07441770021773327,0.11969703152438609,-0.008907577808934333,0.063,Not significant
2,2982,090060001115A,8.72515753756665,-0.08516594543603292,-0.0729552404563875,0.00621330202798136,0.522,Not significant
2,2983,0900600011198,31.44354454502144,-0.059939799773800685,-0.060877027514925464,0.003648956840068787,0.781,Not significant
2,2984,0900600010626,16.120906801007557,-0.07695381980670511,-0.07780057456082898,0.005987051395612159,0.266,Not significant
2,2985,0900600010414,30.72100313479624,-0.06074209858380663,-0.07235340011901371,0.004394897362902737,0.499,Not significant
2,2986,0900600010683,13.805798435342844,-0.07952448033982072,-0.07089850682769933,0.0056381669123420205,0.522,Not significant
2,2987,0900600010043,12.74976213130352,-0.08069708672343238,-0.07821140104493399,0.006311432212884188,0.162,Not significant
2,2988,0900600010077,13.916500994035784,-0.07940155793032688,-0.07312343086219104,0.005806114331668515,0.464,Not significant
2,2989,0900600010081,11.075094543490003,-0.08255661171929324,-0.07538390680178454,0.006223439923718315,0.414,Not significant
2,2990,0900600010096,8.557309871037726,-0.08535232088969232,-0.07365634117860134,0.00628673966783664,0.448,Not significant
2,2991,0900600010344,30.690537084398976,-0.06077592761510282,-0.07605197837911848,0.00462212953295467,0.336,Not significant
2,2992,0900600010359,14.68769325912183,-0.07854523796332115,-0.07609553616091769,0.005976941995705789,0.258,Not significant
2,2993,0900600010363,25.823353293413174,-0.06618037324040071,-0.08058444845574537,0.005333108876173062,0.144,Not significant
2,2994,0900600010452,29.20443101711984,-0.06242607681409345,0.4977898777440456,-0.03107506914532798,0.028,Low-High
2,2995,0900600010467,3550.0,3.847010884575812,-0.06263962750680968,-0.24097532882447129,0.784,Not significant
2,2996,0900600010471,18.50270424138913,-0.07430910875616788,0.48901755914071726,-0.03633845898586332,0.029,Low-High
2,2997,0900600010522,15.69905213270142,-0.07742224070769123,-0.05817398591045133,0.004503960340084801,0.836,Not significant
2,2998,090060001058A,18.32951468444074,-0.07450141576235296,-0.07496219773247509,0.005584789859726839,0.383,Not significant
2,2999,0900600010607,17.570986786617937,-0.07534367341176557,-0.07202255143556169,0.0054264435936430475,0.494,Not significant
2,3000,0900600010611,14.455626715462031,-0.07880292106519682,-0.0730475096394265,0.00575635713612493,0.427,Not significant
2,3001,0900600010630,29.85074626865672,-0.06170841835208901,-0.07180935841831895,0.004431241930872731,0.53,Not significant
2,3002,0900600010664,9.348221241236041,-0.08447410513326598,-0.07471933994482986,0.006311849377987798,0.365,Not significant
2,3003,0900600010698,21.101219914276292,-0.0714237571311456,0.5819535280236995,-0.04156530744717805,0.025,Low-High
2,3004,0900600010700,22.78893109061313,-0.0695497487362679,-0.07355215374448669,0.005115533811940395,0.409,Not significant
2,3005,0900600010715,26.81318681318681,-0.06508127740481273,-0.07268729338602652,0.004730581904661002,0.531,Not significant
2,3006,090060001072A,17.46031746031746,-0.07546655892052466,-0.07011436624480802,0.005291289951389049,0.615,Not significant
2,3007,0900600010787,14.174198849630239,-0.07911541421598935,-0.07603333595898452,0.006015408868618538,0.283,Not significant
2,3008,0900600010791,25.06963788300836,-0.0670172871781949,-0.07790247878401446,0.005220812792561532,0.25,Not significant
2,3009,0900600010823,20.529604284439156,-0.07205847028821737,-0.0776292549041802,0.005593845358009321,0.187,Not significant
2,3010,0900600010838,17.099863201094394,-0.07586680175663574,-0.07377325069227969,0.005596940585213773,0.427,Not significant
2,3011,0900600010842,22.727272727272727,-0.06961821322956178,-0.07413935667281946,0.005161449541550879,0.394,Not significant
2,3012,0900600010880,26.9209197980931,-0.06496165236413616,-0.07655938469076523,0.0049734241334936586,0.284,Not significant
2,3013,0900600010895,15.238879736408567,-0.07793320902136654,-0.07409202156018069,0.005774229003065157,0.403,Not significant
2,3014,0900600010908,6.987577639751553,-0.08709532728817176,-0.07399709934311588,0.006444801585664037,0.438,Not significant
2,3015,0900600011111,32.554847841472046,-0.05870582577635171,-0.07429825580678862,0.004361740460880144,0.42,Not significant
2,3016,0900600011126,9.882108183079058,-0.08388128532798332,-0.06457918093955206,0.005416984702638028,0.754,Not significant
2,3017,0900600011130,13.764044943820224,-0.07957084277121654,-0.07004957475587488,0.005573903699090299,0.564,Not significant
2,3018,0900600011179,14.384981104473972,-0.07888136485931818,-0.07703522912265937,0.006076644015445667,0.267,Not significant
2,3019,0900600011183,10.7095046854083,-0.08296255704497052,-0.0748096454693542,0.006206399479765318,0.42,Not significant
2,3020,0900600011200,8.990784445942909,-0.08487099742408519,-0.06869125982581954,0.005829895735734296,0.648,Not significant
2,3021,0900600010170,26.31578947368421,-0.06563357971985746,-0.0745942075774269,0.0048958848696726434,0.429,Not significant
2,3022,0900600010556,8.943427620632278,-0.08492358171068067,-0.07639898228262702,0.00648807521449152,0.312,Not significant
2,3023,0900600010645,14.574518100611188,-0.07867090590942132,-0.07334720561300255,0.005770291111499503,0.48,Not significant
2,3024,090060001065A,23.82133995037221,-0.06840337790145838,-0.07285226796825181,0.00498334121681064,0.442,Not significant
2,3025,0900600010289,23.121387283236995,-0.06918059452040351,-0.07088440188026275,0.004903825064299786,0.578,Not significant
2,3026,0900600010202,14.263619178553016,-0.07901612326536728,-0.06885278789524797,0.005440480375495101,0.64,Not significant
2,3027,090060001026A,31.02326745058794,-0.06040646896115101,-0.07135664872101805,0.004310403186137932,0.509,Not significant
2,3028,0900600010679,25.24271844660194,-0.06682510119654575,0.7130466384778588,-0.047649413774139684,0.018,Low-High
2,3029,0900600010310,15.738498789346249,-0.07737843975007554,-0.07328337864721488,0.005670553499335488,0.448,Not significant
2,3030,0900600010325,23.348120476301656,-0.06892883348856461,-0.07098948251512117,0.004893222219724156,0.574,Not significant
2,3031,0900600010382,22.183098591549292,-0.07022245577586907,-0.0733617309108054,0.005151640904525239,0.449,Not significant
2,3032,0900600010397,15.187950892292115,-0.07798975962241358,-0.07144467301604845,0.005571952874823557,0.496,Not significant
2,3033,0900600010575,18.90634089586969,-0.07386091685604744,-0.0737272561697292,0.0054455627379768785,0.415,Not significant
2,3034,0900600010594,13.793103448275861,-0.0795385766571705,-0.07478939950352288,0.005948642385554704,0.375,Not significant
2,3035,0900600010753,22.243256034074772,-0.07015565788184089,-0.07256796501519265,0.005091053326787254,0.462,Not significant
2,3036,0900600010768,15.873015873015872,-0.07722907406026688,-0.07518735104348141,0.00580664950213231,0.365,Not significant
2,3037,0900600010772,15.220700152207,-0.07795339535057191,-0.08007529198328409,0.006242140893785426,0.138,Not significant
2,3038,0900600011164,24.04371584699453,-0.06815645514421671,-0.07467395022081318,0.005089511738666325,0.351,Not significant
2,3039,0900600011041,15.014351954073748,-0.078182521199231,-0.07453014424766068,0.005826954582624475,0.418,Not significant
2,3040,0900600011094,26.676109537299336,-0.06523348589247449,0.9215812362511195,-0.060117956573756605,0.019,Low-High
2,3041,0900600011107,23.561395559583143,-0.06869201613374017,0.9089403147521462,-0.06243694276556129,0.009,Low-High
2,3042,0900600010293,23.218142548596113,-0.06907315896977502,-0.06227652156625255,0.004301636074230385,0.8,Not significant
2,3043,0900600010429,18.12572310065561,-0.07472770278597016,-0.06739652619446751,0.00503638757826702,0.704,Not significant
2,3044,0900600010448,21.713842574641333,-0.07074351040142478,-0.05938648733348051,0.004201208584380159,0.841,Not significant
2,3045,0900600010433,27.402265253927656,-0.0644271738125228,-0.06637646887627213,0.004276448297353095,0.7,Not significant
2,3046,0900600010486,20.846106683016554,-0.07170703091858521,-0.07281091707212814,0.005221054681701636,0.512,Not significant
2,3047,0900600010734,21.016949152542367,-0.07151733008198359,-0.07382364836462343,0.005279670227949063,0.426,Not significant
2,3048,090060001019A,35.24027459954233,-0.055723969426158,-0.06953231898984014,0.0038746168175197173,0.627,Not significant
2,3049,090060001033A,16.50302903697514,-0.07652951718424636,-0.06859801835170277,0.0052497732242518845,0.647,Not significant
2,3050,0900200010148,22.284122562674092,-0.07011028032036093,-0.07731404318073515,0.00542050924010183,0.226,Not significant
2,3051,0900200010190,20.067264573991032,-0.07257184515401974,-0.05458850258411966,0.003961588356724538,0.861,Not significant
2,3052,0900200010932,147.05882352941177,0.06843761837137051,-0.035432433445278154,-0.002424911358096931,0.961,Not significant
2,3053,0900200010237,13.816438742422106,-0.07951266550735994,6.302364074235796,-0.501117766540313,0.002,Low-High
2,3054,0900200010595,15.63721657544957,-0.07749090195436463,-0.07782773581525296,0.00603094144538996,0.266,Not significant
2,3055,0900200010608,11.879259980525804,-0.08166367885198443,-0.07617272018315499,0.006220544558319242,0.359,Not significant
2,3056,0900200010612,22.386337410570043,-0.0699967825336994,-0.07992243692132105,0.005594313436745017,0.212,Not significant
2,3057,0900200010627,12.8257328990228,-0.08061272995761405,-0.07583023069284192,0.006112881909465642,0.46,Not significant
2,3058,0900200011038,14.46193109315185,-0.0787959207816881,-0.07603125160165886,0.005990952478136908,0.422,Not significant
2,3059,0900200011076,23000.0,25.44399014940725,-0.07513004661682897,-1.9116081660431037,0.378,Not significant
2,3060,0900200011080,10.8,-0.08286207244688305,8.428616789299197,-0.6984126550219248,0.002,Low-High
2,3061,0900200011165,362.5,0.307660169580943,0.006664520820542364,0.0020504076058237893,0.992,Not significant
2,3062,0900200011042,20.16546018614271,-0.07246281026458339,0.7139209538802128,-0.05173271862493225,0.014,Low-High
2,3063,0900200010665,37.304763134116435,-0.05343159327841101,0.45774655077327636,-0.024458127525513216,0.022,Low-High
2,3064,0900200010010,21.677662582469367,-0.07078368410531885,-0.078556954616001,0.005560550659814884,0.272,Not significant
2,3065,0900200010025,11.800464866797782,-0.08175117172794094,-0.03298799900282455,0.0026968075714410545,0.955,Not significant
2,3066,090020001003A,14.403778040141676,-0.07886049303259027,-0.07336961416242112,0.005785963946459447,0.509,Not significant
2,3067,0900200011150,7.745266781411359,-0.08625400098063372,0.15319279190006138,-0.013213491222773913,0.054,Not significant
2,3068,0900200011023,21.454735740450023,-0.07103121862381069,-0.06231782680664735,0.004426511180063738,0.748,Not significant
2,3069,0900200010684,31.571034828363818,-0.059798236534427264,0.4609721763760246,-0.027565323238723242,0.028,Low-High
2,3070,0900200010044,17.82718120805369,-0.07505919908747181,-0.04470451701471751,0.003355485242716953,0.927,Not significant
2,3071,090020001081A,15.953203935123636,-0.07714003447596722,-0.05660669327034695,0.004366642270445065,0.842,Not significant
2,3072,090020001010A,18.828451882845187,-0.07394740361179285,-0.012647849566044658,0.0009352756366815434,0.982,Not significant
2,3073,0900200010167,34.10954411282388,-0.05697951507529791,-0.046746592087865024,0.002663598148589307,0.926,Not significant
2,3074,0900200010097,26.65441176470588,-0.06525757876367212,-0.04800060200756288,0.0031324030662122125,0.901,Not significant
2,3075,0900200010114,17.433610379079667,-0.07549621405058721,-0.04128267232964047,0.00311668546677879,0.922,Not significant
2,3076,0900200010186,15.261693150193016,-0.07790787735944044,-0.035021345078544895,0.0027284386573419184,0.948,Not significant
2,3077,0900200010260,17.306544658842252,-0.07563730586165344,-0.07489924217270867,0.005665176889023219,0.343,Not significant
2,3078,0900200010415,16.086434573829532,-0.07699209723475532,-0.0705933373640536,0.005435129094459101,0.533,Not significant
2,3079,0900200010472,33.313051414663825,-0.05786392825199469,-0.05817860272532427,0.0033664424938994663,0.826,Not significant
2,3080,0900200010542,41.21475054229935,-0.04909000371644297,-0.06690269074414319,0.003284253337270024,0.615,Not significant
2,3081,0900200010580,28.909952606635073,-0.06275306108788163,-0.062321427232681595,0.003910860330216438,0.812,Not significant
2,3082,0900200010650,23.08047391906447,-0.06922602408737978,0.4576548069661431,-0.031681622690743365,0.027,Low-High
2,3083,090020001067A,19.434628975265017,-0.07327431394105728,-0.0626847822796558,0.0045931844160863235,0.767,Not significant
2,3084,0900200010769,21.642196846112014,-0.07082306471060018,0.22976108677754473,-0.016272384316823874,0.041,Low-High
2,3085,0900200010788,64.08163265306122,-0.023698971387524248,-0.0631353765758339,0.0014962434830112562,0.772,Not significant
2,3086,0900200010792,15.744852644327816,-0.07737138452774707,0.4681757481207836,-0.036223405834418805,0.028,Low-High
2,3087,0900200010824,24.76882430647292,-0.06735130592241163,-0.05943331645219553,0.004002911478355322,0.781,Not significant
2,3088,0900200010858,21.843003412969285,-0.07060009220362545,-0.0668367554587897,0.00471868109798172,0.702,Not significant
2,3089,0900200011057,28.53598014888337,-0.06316831432262104,-0.06605745986621041,0.0041727383881827035,0.707,Not significant
2,3090,0900200011061,9.307737056428158,-0.08451905814611171,-0.06783558721789938,0.00573339994044527,0.672,Not significant
2,3091,090020001117A,11.235955056179776,-0.08237799469322171,-0.0728598406047738,0.006002047562689036,0.509,Not significant
2,3092,0900200010843,16.74444139445512,-0.07626145663520938,-0.06642510143079995,0.005065674992254335,0.715,Not significant
2,3093,0900200010966,24.914509037616025,-0.06718953984952217,-0.07754000859563108,0.005209877497468446,0.282,Not significant
2,3094,0900200010379,17.01657458563536,-0.07595928414743602,-0.06648539576143916,0.005050183068297896,0.706,Not significant
2,3095,0900200010398,18.203309692671397,-0.07464155183383679,-0.07084467017372328,0.005287956120923038,0.571,Not significant
2,3096,0900200010275,21.23743451791024,-0.07127250654141552,-0.07454961413799899,0.005313337861310536,0.37,Not significant
2,3097,090020001028A,15.001595914458983,-0.07819668530838582,-0.06703478753068377,0.005241898185251385,0.653,Not significant
2,3098,0900200010294,23.19503430251552,-0.06909881800892408,-0.06696424590883923,0.004627150241159721,0.667,Not significant
2,3099,0900200010307,16.96397341727877,-0.07601769167146188,-0.05934831480403359,0.0045115218959938825,0.841,Not significant
2,3100,0900200010311,48.20539690856694,-0.041327698080450656,-0.06307009255416408,0.0026065417429845723,0.797,Not significant
2,3101,0900200010326,16.720410844380748,-0.0762881397864525,-0.05921842990205144,0.004517663858301939,0.833,Not significant
2,3102,0900200010330,34.013605442176875,-0.057086043891784226,-0.07066245393325785,0.004033839946735138,0.624,Not significant
2,3103,0900200010345,21.480270838197523,-0.07100286484609458,-0.06702535450678712,0.0047589921873069825,0.698,Not significant
2,3104,090020001035A,24.031620553359684,-0.06816988557125186,-0.041841108413273556,0.002852303572707202,0.912,Not significant
2,3105,0900200010468,54.26186291739895,-0.03460269186909326,-0.06558933999083798,0.0022695677216001625,0.748,Not significant
2,3106,0900200010487,31.851675778464465,-0.05948661716269533,-0.06411574341734882,0.0038140286827694327,0.756,Not significant
2,3107,0900200010491,18.69455006337136,-0.0740960861217517,-0.06551499932752455,0.0048544050324387635,0.723,Not significant
2,3108,0900200010504,19.562473706352545,-0.07313235712838811,-0.0640244859860134,0.004682261574090612,0.776,Not significant
2,3109,0900200010519,35.284350352843504,-0.055675028391190026,-0.07054606700142915,0.003927654283191362,0.523,Not significant
2,3110,0900200011127,3.8773352132534367,-0.09054889238810385,-0.017028107955583103,0.0015418763148431094,0.978,Not significant
2,3111,0900200010171,20.3199308257674,-0.07229128845476335,-0.07519305518943126,0.005435802842494115,0.366,Not significant
2,3112,0900200010364,19.958908130319926,-0.07269216247366889,-0.05758162388432399,0.004185732758896972,0.834,Not significant
2,3113,0900200010383,10.148514851485148,-0.08358547148255507,-0.06952359418938492,0.005811162399481565,0.627,Not significant
2,3114,0900200010561,20.26635784597568,-0.07235077506318069,-0.07395583497481822,0.005350761980872785,0.41,Not significant
2,3115,0900200010576,15.151515151515152,-0.07803021730560425,-0.06161918876982182,0.004808158689904246,0.79,Not significant
2,3116,0900200010947,6.732495511669659,-0.08737856653912364,-0.027091475709380333,0.002367214312915141,0.97,Not significant
2,3117,0900200010896,3.2637075718015662,-0.09123025503328448,-0.06880989900362526,0.00627754463491528,0.679,Not significant
2,3118,0900200011184,13.258897418004189,-0.0801317507733106,-0.044225520196142565,0.00354386836217731,0.927,Not significant
2,3119,0900200010256,12.055578259092766,-0.08146789776169026,5.028962366994593,-0.40969899196170334,0.005,Low-High
2,3120,0900200010129,18.586708749780815,-0.0742158314489243,-0.010597399553245783,0.0007864948190405947,0.99,Not significant
2,3121,0900200010133,13.7211855104281,-0.0796184332233642,-0.0712199117895336,0.00567041779098887,0.577,Not significant
2,3122,0900200010203,24.203821656050955,-0.06797867612939046,-0.07308655660285057,0.0049683273607175425,0.493,Not significant
2,3123,0900200010218,22.345026429601155,-0.07004265360821842,-0.06839681941764689,0.004790694730374108,0.647,Not significant
2,3124,0900200010222,24.91506228765572,-0.06718892552923243,-0.06684092021747959,0.004490969610797603,0.689,Not significant
2,3125,0900200010400,24.538325322539844,-0.0676072484302043,-0.0771102477412612,0.005213211675558046,0.264,Not significant
2,3126,0900200010434,26.492405510420344,-0.06543746800349617,3.1163179272121257,-0.20392395465066498,0.004,Low-High
2,3127,0900200010449,30.62266076896904,-0.06085129642625519,3.572086168379429,-0.21736607429218274,0.006,Low-High
2,3128,0900200010557,15.195530726256983,-0.07798134309197809,-0.06690252875085298,0.005217149048241194,0.7,Not significant
2,3129,0900200010631,18.810564316929508,-0.07396726568840876,-0.0744485017030778,0.005506752105575509,0.353,Not significant
2,3130,0900200010699,33.38278931750742,-0.057786492362961996,-0.061166871539155475,0.0035346189550636855,0.788,Not significant
2,3131,0900200010701,40.416666666666664,-0.049976183712002624,-0.06315474360108723,0.0031562330684923577,0.775,Not significant
2,3132,0900200010716,35.76158940397351,-0.055145109527867525,-0.06351757630233837,0.003502683702137132,0.752,Not significant
2,3133,0900200010720,31.6622691292876,-0.05969693137734283,-0.05453415050012261,0.003255521440127506,0.879,Not significant
2,3134,090020001074A,72.98245614035086,-0.013815634611435866,-0.0641759827430152,0.0008866319284073116,0.739,Not significant
2,3135,0900200010754,14.022787028921998,-0.07928353956057992,-0.054057988434790885,0.004285908664635115,0.862,Not significant
2,3136,0900200010773,20.311149524632672,-0.07230103907576721,0.23666152943391147,-0.017110874487332065,0.036,Low-High
2,3137,0900200010805,30.06012024048096,-0.061475932731107866,-0.06795972715953214,0.004177887615283842,0.681,Not significant
2,3138,0900200010839,23.63515312916112,-0.06861011686891755,-0.06928904891084427,0.00475392974350917,0.631,Not significant
2,3139,0900200010909,11.049723756906076,-0.08258478304843389,-0.07173878776774709,0.005924532223957036,0.529,Not significant
2,3140,0900200010985,11.139674378748929,-0.08248490326875273,-0.07326422129685588,0.00604319220673165,0.5,Not significant
2,3141,0900200011004,10.71570313533536,-0.08295567438201172,-0.0771043143080337,0.006396240391185531,0.227,Not significant
2,3142,0900200011019,14.209591474245116,-0.07907611479285644,-0.0657733276845207,0.0052010992102893205,0.752,Not significant
2,3143,0900200011095,12.793176972281447,-0.08064887955528913,4.180563524147973,-0.33715776413224496,0.001,Low-High
2,3144,0900200010970,22.35015238740264,-0.07003696182393301,-0.045231814505497604,0.0031678988657487554,0.903,Not significant
2,3145,090020001099A,9.723261032161556,-0.08405766674827343,-0.07639695494876461,0.006421749779666115,0.341,Not significant
2,3146,0900200011131,10.224144710971292,-0.08350149325596772,-0.06784782721431722,0.0056653948865683715,0.678,Not significant
2,3147,0900200011146,31.28371089536138,-0.06011727658704133,-0.059579433839211736,0.0035817533030112216,0.816,Not significant
2,3148,0900200010877,365.40803897685754,0.3108892110968563,0.009145473425773695,0.0028432290184460477,0.988,Not significant
2,3149,0900200010881,38.21778375264068,-0.05241778930069216,0.05117347658065584,-0.002682400513188722,0.865,Not significant
2,3150,0900200010928,177.62085822922324,0.10237322915300996,-0.07693412177440609,-0.007875994478096848,0.156,Not significant
2,3151,0900200010913,5.738447598912715,-0.0884823419715175,-0.01869240957437112,0.0016539481762311732,0.974,Not significant
2,3152,0900200011112,2.594951639537627,-0.09197283128019128,-0.002055096708810218,0.00018901306286387857,1.0,Not significant
2,3153,0901700010070,21.56113537117904,-0.07091307411899628,-0.07383039804743033,0.005235540488972425,0.397,Not significant
2,3154,0901700010865,15.688032272523532,-0.0774344769900441,-0.08157045453143254,0.006316365484481652,0.083,Not significant
2,3155,0901700011045,30.73572120038722,-0.060725755871344586,-0.07100345935486677,0.004311738738804577,0.571,Not significant
2,3156,0901700010210,20.396141668507475,-0.07220666511335397,-0.06825489669554652,0.004928458468041898,0.621,Not significant
2,3157,0901700011308,33.321390182730205,-0.0578546690128675,-0.06307066124850254,0.003648932230954803,0.778,Not significant
2,3158,0901700010831,12.377720103813136,-0.08111019643825787,-0.07742405380472314,0.006279880213147341,0.398,Not significant
2,3159,0901700011191,16.898235073225685,-0.07609068651225463,-0.06220638067464899,0.004733326210976691,0.819,Not significant
2,3160,0901700011219,24.390243902439025,-0.0677716757494549,-0.07374110915346539,0.004997558538953817,0.511,Not significant
2,3161,0901700011223,17.713811237199003,-0.07518508335018662,-0.07154843485583215,0.005379375038211138,0.559,Not significant
2,3162,0901700010367,28.06032970887408,-0.06369646921671815,-0.06222667903983419,0.003963619745919399,0.762,Not significant
2,3163,0901700010047,29.870129870129873,-0.06168689510072174,-0.07398498877370752,0.004563904241511771,0.379,Not significant
2,3164,0901700010051,18.399776972400332,-0.07442339760419547,-0.07346612671368678,0.005467598758852918,0.438,Not significant
2,3166,0901700010032,19.266322856864843,-0.07346119845258596,-0.06955691765415059,0.005109734531541736,0.583,Not significant
2,3167,090170001048A,29.652351738241308,-0.061928712571093524,3.622933564066623,-0.22436361135324934,0.001,Low-High
2,3168,0901700010687,423.9130434782609,0.3758522634930351,-0.044255028025952485,-0.016633352454501947,0.924,Not significant
2,3169,0901700010085,24.725274725274723,-0.06739966270401213,-0.07646453906796095,0.005153684141998326,0.284,Not significant
2,3170,0901700010102,21.04173853052777,-0.07148980433996104,-0.07411266592128994,0.005298299985825916,0.403,Not significant
2,3171,0901700010117,14.826021180030256,-0.07839164077876554,-0.07080768268205993,0.00555073042518886,0.552,Not significant
2,3172,0901700010121,24.343122102009275,-0.0678239990680566,-0.04640077245982218,0.0031470859480720857,0.904,Not significant
2,3174,0901700010155,21.856086079354405,-0.07058556541315511,-0.06876074073539049,0.0048535157630349044,0.604,Not significant
2,3175,0901700010329,32.715376226826606,-0.058527577539337856,-0.07331953735240089,0.004291214907541021,0.372,Not significant
2,3176,0901700010884,12.15298463004885,-0.08135973923347428,-0.0667269450623171,0.005428886850116484,0.642,Not significant
2,3177,0901700010899,43.20785597381342,-0.046876890262610965,0.010258634180171042,-0.00048089286870814797,0.992,Not significant
2,3178,0901700011030,71.5862503941974,-0.015365959883883921,-0.06918845823132758,0.0010631470736103578,0.607,Not significant
2,3179,0901700011242,21.1864406779661,-0.07132912931282466,-0.07560144245925958,0.005392585065412599,0.418,Not significant
2,3180,0901700011261,15.933027275182283,-0.07716243832719534,-0.06744904589571875,0.005204532844156566,0.725,Not significant
2,3181,0901700011276,40.196882690730106,-0.05022022844059101,-0.06595572509716079,0.0033123115813442363,0.753,Not significant
2,3182,0901700011312,8.637612877895563,-0.08526315367251945,-0.07024666140532691,0.00598945188638383,0.555,Not significant
2,3183,0901700011399,18.46846846846847,-0.07434712362906674,-0.07112487761455297,0.005287930069111412,0.511,Not significant
2,3184,0901700011416,23.41334118686497,-0.06885641341999528,-0.06730556316477568,0.0046344196827394,0.649,Not significant
2,3186,090170001144A,5.435767349157456,-0.0888184334408151,-0.05590830565919942,0.00496568812498035,0.865,Not significant
2,3187,0901700011454,10.369410239792613,-0.08334019265885466,-0.06558786898543482,0.005466105637329856,0.742,Not significant
2,3188,0901700010206,11.03081019399011,-0.08260578437625497,-0.07201658505416626,0.005948986496498685,0.505,Not significant
2,3189,0901700011149,25.38071065989848,-0.06667187677653168,-0.05009329105804061,0.00333981372875262,0.876,Not significant
2,3190,0901700011204,18.567639257294427,-0.0742370059185294,0.2554066804272322,-0.018960627246508384,0.034,Low-High
2,3191,0901700011238,18.369690011481055,-0.07445680570039678,-0.07425876093612313,0.005529070134573134,0.414,Not significant
2,3192,0901700011098,3.717472118959108,-0.0907264018962111,-0.06853081954366995,0.0062175546761957185,0.674,Not significant
2,3193,0901700011420,40.21937842778794,-0.05019524952199023,-0.07472757570404591,0.0037509693086379995,0.458,Not significant
2,3194,0901700010189,24.213075060532688,-0.06796840129212973,-0.06454290568006324,0.004386878113822618,0.741,Not significant
2,3195,0901700010193,36.3147276395427,-0.05453091338369409,-0.07600094033873801,0.004144400694691025,0.29,Not significant
2,3196,0901700010475,67.65327695560254,-0.019733072778612262,-0.06618958489338658,0.0013061238958873322,0.723,Not significant
2,3197,0901700010511,5500.0,6.012260733749144,4.132833793533638,24.847674335973807,0.001,High-High
2,3198,0901700010526,18.025399426464563,-0.07483910064259101,3.8733472868173333,-0.28987782742182927,0.001,Low-High
2,3199,0901700010530,24.245689655172413,-0.06793218655052742,-0.07117612611430843,0.004835149877141067,0.56,Not significant
2,3200,0901700010278,15.102974828375286,-0.07808411572989012,-0.06826300988206901,0.00533025676370211,0.686,Not significant
2,3201,0901700010244,26.43535729037588,-0.06550081346495612,-0.0673398238173976,0.00441081323862637,0.669,Not significant
2,3202,0901700010259,35.08771929824561,-0.055893364473913555,-0.0671560055196227,0.003753575093120422,0.71,Not significant
2,3203,0901700010282,14.19698314108252,-0.0790901148910506,-0.07108773293035757,0.005622336964806301,0.585,Not significant
2,3204,0901700010297,19.00302946846599,-0.07375355536003159,-0.07303671686968646,0.005386717540963373,0.46,Not significant
2,3205,090170001030A,28.465698832906348,-0.06324635360919487,-0.07372777764472091,0.004663013095738111,0.411,Not significant
2,3206,0901700010314,22.78627055090857,-0.06955270295841869,-0.07079216452759603,0.004923786391171391,0.606,Not significant
2,3207,0901700010333,27.46525479814692,-0.0643572311965637,-0.05577697660909792,0.00358965177907704,0.864,Not significant
2,3208,0901700010615,33.921302578018995,-0.05718853556496172,3.1571697319739283,-0.18055391350161165,0.001,Low-High
2,3209,0901700010371,24.077724584624047,-0.06811869236779472,0.541360010915614,-0.036876736043786704,0.032,Low-High
2,3210,0901700010386,19.709543568464728,-0.07296905302748742,-0.06736728050149444,0.0049157266632311675,0.674,Not significant
2,3211,0901700010390,31.974185978292756,-0.059350583731054105,-0.06246318735537987,0.003707226631243993,0.819,Not significant
2,3212,0901700010403,30.303030303030305,-0.06120620915351932,1.4516475031622686,-0.08884984069573391,0.008,Low-High
2,3213,0901700010653,24.77583765927324,-0.06734351840390236,-0.06874706322200948,0.004629669117305634,0.656,Not significant
2,3214,0901700010418,27.261951797708413,-0.06458297570478726,0.6024135258744385,-0.03890565810578409,0.023,Low-High
2,3215,0901700010422,15.375058238856964,-0.07778199851783472,-0.07154985322060695,0.005565290577156542,0.525,Not significant
2,3216,0901700010437,19.206145966709347,-0.07352801794096181,-0.06866614259000396,0.0050488853642944535,0.644,Not significant
2,3217,0901700010441,18.58108108108108,-0.07422208032523368,-0.07171492637881467,0.005322831026206603,0.441,Not significant
2,3218,0901700010545,16.370307648885124,-0.0766768889614484,-0.07078852299397406,0.005427843717353886,0.544,Not significant
2,3219,090170001055A,21.892393320964747,-0.07054525041345219,-0.07054669696717307,0.004976734403391153,0.559,Not significant
2,3220,0901700010564,19.182652210175146,-0.07355410504495781,-0.061444271695543264,0.0045194784147049175,0.813,Not significant
2,3221,0901700010579,58.29596412556054,-0.03012328826267181,0.021827655250380162,-0.0006575207512054235,0.973,Not significant
2,3222,0901700010583,38.74479666986872,-0.05183260230605605,5.222055423149176,-0.27067272196827447,0.001,Low-High
2,3223,0901700010598,26500.0,29.330336032538867,0.7274613720944603,21.336686494222313,0.022,High-High
2,3224,090170001062A,27.709054923305292,-0.0640865193072162,-0.06804758888367334,0.004360933118803042,0.667,Not significant
2,3225,0901700010649,23.229026684584372,-0.06906107339346376,-0.06934202479285984,0.004788834663471077,0.625,Not significant
2,3226,0901700010668,29.97099581050596,-0.061574895120113514,0.26019433838598394,-0.016021439096964286,0.026,Low-High
2,3227,0901700010672,26.140440799589957,-0.06582828417633713,-0.06952897514412888,0.004576973134277197,0.64,Not significant
2,3228,0901700010691,43.2378079436903,-0.04684363205837591,0.39909329584587805,-0.018694979507568876,0.022,Low-High
2,3229,0901700010704,1675.0,1.7650398757553007,4.843838168766346,8.549567519578135,0.001,High-High
2,3230,0901700010780,23.46776030986557,-0.06879598726724186,0.20622701948524544,-0.014187591406668183,0.051,Not significant
2,3231,0901700010808,16.7186171720034,-0.07629013145252662,-0.0715760517607264,0.005460546397678667,0.603,Not significant
2,3232,0901700010812,18.99235030335004,-0.07376541333985548,-0.07431178354155177,0.005481639428964436,0.398,Not significant
2,3233,0901700011079,24.031007751937985,-0.0681705660164754,0.03182114449404682,-0.0021692654314512216,0.958,Not significant
2,3234,0901700011083,19.78565539983512,-0.07288453962677201,-0.08040457243692957,0.005860250245953054,0.161,Not significant
2,3235,0901700011346,19.623233908948198,-0.07306488993889787,-0.06812891240490258,0.004977831486521021,0.658,Not significant
2,3236,0901700011350,13.093289689034368,-0.08031563903493823,-0.06926056648429825,0.005562706657108239,0.631,Not significant
2,3237,0901700011365,37.80718336483932,-0.05287371362261903,-0.07903028541602085,0.004178624678600531,0.21,Not significant
2,3238,090170001137A,13.917525773195877,-0.07940042003139262,-0.05488999343225045,0.004358288534041068,0.857,Not significant
2,3239,0901700011384,12.317167051578137,-0.08117743361119059,-0.06957809953582901,0.005648171555862571,0.642,Not significant
2,3240,090170001151A,16.01423487544484,-0.07707226666349266,-0.07824805349490431,0.0060307548448585045,0.299,Not significant
2,3241,0901700011524,24.67986030267753,-0.06745009017666796,-0.08032931514684848,0.0054182195504849096,0.119,Not significant
2,3242,0901700010494,35.3749747321609,-0.055574400481626735,-0.06553168445128162,0.003641884075931116,0.741,Not significant
2,3243,0901700010742,8.149010477299186,-0.08580569022338973,0.022659915726473977,-0.0019443497093139432,0.969,Not significant
2,3244,0901700011011,16.203703703703702,-0.07686188340615391,0.33838628861575437,-0.02600900746182526,0.029,Low-High
2,3245,0901700011401,26.90682677340449,-0.06497730104084457,-0.06814758124060237,0.004428045901476032,0.681,Not significant
2,3246,0901700010600,7.7030812324929965,-0.08630084316188132,7.286405636729178,-0.6288229500692127,0.002,Low-High
2,3247,0901700010456,18.216318785578746,-0.07462710673821857,-0.07212747286621539,0.00538266461634502,0.52,Not significant
2,3248,0901700010901,43.35260115606936,-0.04671616745027854,0.3056045796227025,-0.01427667471522615,0.021,Low-High
2,3249,0901700010460,16.540739228098836,-0.07648764437109616,-0.060190537558758646,0.0046038324312994375,0.821,Not significant
2,3250,0901700010263,25.569760978321288,-0.06646195822604392,-0.06588916958142298,0.004379123236269258,0.725,Not significant
2,3251,0901700010066,11.760752688172044,-0.08179526751705875,-0.06739034121983382,0.005512210988142179,0.684,Not significant
2,3252,090170001009A,16.225827961769284,-0.07683731697208235,-0.07016553975155808,0.005391331818407712,0.575,Not significant
2,3253,090170001016A,31.746031746031743,-0.05960392266284456,-0.07149807504406405,0.0042615657354686505,0.527,Not significant
2,3254,0901700010174,19.23937360178971,-0.07349112248873302,-0.06525942273890645,0.004795988230048983,0.758,Not significant
2,3255,0901700010225,19.148104728409532,-0.07359246603453848,-0.06716466786057906,0.0049428135382507225,0.688,Not significant
2,3256,090170001023A,28.79581151832461,-0.06287980158749636,-0.067838622194571,0.004265679103563751,0.662,Not significant
2,3257,0901700010846,22.93577981651376,-0.06938669018159732,-0.07681680177468857,0.005330063625481491,0.305,Not significant
2,3258,090170001087A,17.113262778653457,-0.07585192307289791,-0.055370796432985175,0.004199981391519882,0.873,Not significant
2,3259,0901700010916,24.54417952314165,-0.06760074801637349,0.30717317908575187,-0.02076513667676428,0.031,Low-High
2,3260,0901700010920,647.0588235294117,0.6236298873901734,-0.06819287194074986,-0.042527113049222354,0.672,Not significant
2,3261,0901700010935,10.129787907565683,-0.08360626559152795,0.018771068019803938,-0.0015693788983003646,0.978,Not significant
2,3262,090170001094A,18.50220264317181,-0.0743096657230727,-0.0692617822196655,0.005146819884127603,0.617,Not significant
2,3263,090170001105A,17.253948967193196,-0.07569570730442796,-0.06112721733107536,0.004627067951427236,0.8,Not significant
2,3264,0901700011064,38.1903642773208,-0.05244823546212845,0.03263745828997752,-0.0017117770972781372,0.947,Not significant
2,3265,0901700011257,18.970189701897016,-0.07379002012906254,-0.06421381134692522,0.004738338431853437,0.741,Not significant
2,3266,0901700011280,35.87806851901808,-0.05501577291951774,-0.06139125731929311,0.003377487471921911,0.792,Not significant
2,3267,0901700011327,34.382917119073475,-0.0566759659160415,-0.07090705718438219,0.00401872595618885,0.553,Not significant
2,3268,0901700011331,19.942103570279833,-0.07271082199730594,-0.06447069819331887,0.004687717460376442,0.737,Not significant
2,3269,0901700011295,28.05704933364508,-0.06370011169465138,-0.04704405039751746,0.002996711264890671,0.9,Not significant
2,3270,0901700011026,21.261516654854717,-0.07124576610890948,-0.07565934455327535,0.0053904079659960495,0.444,Not significant
2,3271,0901700011488,6.487488415199258,-0.08765061863075385,-0.08521796721533903,0.007469407544879766,0.059,Not significant
2,3272,0901700011492,14.444444444444445,-0.0788153376860349,-0.08151596069141384,0.006424707968695329,0.117,Not significant
2,3273,0901700010954,22.093023255813957,-0.07032247403592813,-0.06123634478398674,0.00430629126612705,0.808,Not significant
2,3274,0901700010757,54.43234836702955,-0.03441338746186306,-0.07539263382537437,0.002594515919602971,0.368,Not significant
2,3275,090170001112A,30.054644808743166,-0.061482012565848586,-0.05397533572930857,0.0033185122695552458,0.887,Not significant
2,3276,0901700011134,24.04207362885049,-0.06815827863785194,-0.0468373063732385,0.003192350178433628,0.906,Not significant
2,3277,0901700011115,109.52652595550484,0.0267623354682779,-0.06573515120890415,-0.0017592261687106665,0.709,Not significant
2,3278,0901700011153,40.67796610169492,-0.04968604085954929,0.1672236007012556,-0.008308678657123541,0.047,Low-High
2,3279,0901700010634,21.287379624936644,-0.07121704826682278,-0.06782838808497997,0.004830537588108806,0.604,Not significant
2,3280,0901700011172,17.08706265256306,-0.07588101528780333,-0.059423733137246026,0.004509133202645711,0.847,Not significant
2,3281,0901700010992,12.43523316062176,-0.08104633482924228,-0.0661343149239675,0.005359943831030425,0.715,Not significant
2,3282,0901700011100,43.44512195121951,-0.046613433789896866,-0.06257633291214286,0.002916897751014715,0.763,Not significant
2,3283,0901700011187,22.43066884176183,-0.06994755759795497,0.16505990809944102,-0.011545537428898805,0.077,Not significant
2,3284,0901700010988,13.975155279503104,-0.07933642911865434,-0.07121361221097008,0.005649833697458965,0.573,Not significant
2,3285,0901700010969,22.63374485596708,-0.06972206513173515,-0.05541843932670322,0.0038638880362355144,0.85,Not significant
2,3286,0901700010973,24.096385542168676,-0.06809797152907218,-0.05160057304236496,0.0035138943539227787,0.89,Not significant
2,3287,0901700011007,25.15177797051171,-0.06692608009507812,0.20897323538190996,-0.013985759488897319,0.055,Not significant
2,3288,0901700010507,18.273184102329832,-0.07456396436974756,7.031394992173499,-0.5242886856660461,0.001,Low-High
2,3289,0901700010761,12.366034624896947,-0.08112317181336595,-0.06117423121167054,0.004962647669134923,0.832,Not significant
2,3290,0901700010795,1502.4875621890549,1.5734847321908532,-0.06461616986764476,-0.1016725567393897,0.735,Not significant
2,3291,0901700011168,41.38594802694898,-0.04889990867653708,0.0935605570153784,-0.004575102693777944,0.062,Not significant
2,3292,0901700010827,15.706806282722512,-0.0774136306194022,-0.08509415365670503,0.006587447379050816,0.051,Not significant
2,3293,0901700011505,1.1937922801432552,-0.09352865696818946,-0.08111408931768113,0.0075864918350804795,0.101,Not significant
2,3294,0901700011469,5.899705014749263,-0.0883032842303287,-0.08486754044868085,0.007494082546168782,0.072,Not significant
2,3295,0901700011473,3.386960203217612,-0.09109339721708766,-0.08672925920482903,0.007900462859089246,0.045,Low-Low
2,3296,0901700010013,15.91614906832298,-0.07718117962712172,-0.06988750214282606,0.0053939998565763125,0.629,Not significant
2,3297,0901700010028,16.88980432543769,-0.0761000478842425,-0.07481814057603138,0.005693664080445975,0.381,Not significant
2,3298,0901700010723,47.85276073619632,-0.04171925983380376,4.830319081539609,-0.20151733684293127,0.001,Low-High
2,3299,0901700010738,27.05515088449532,-0.06481260424127114,0.07163696032634911,-0.0046429779586793065,0.548,Not significant
2,3300,0901700010719,36.51019440493125,-0.054313870109706425,4.498917849732965,-0.244353639724636,0.001,Low-High
2,3301,0901700010348,34.71017007983339,-0.056312589288386665,-0.05772766039605146,0.0032507940304623106,0.845,Not significant
2,3302,0901700010352,31.176470588235293,-0.060236354565928546,-0.047956553711685175,0.0028887279731370646,0.911,Not significant
2,3303,0901700010776,18.578727357176035,-0.07422469386386465,-0.07111420357076868,0.005278429989412857,0.548,Not significant
2,3304,0901100011323,11.396011396011396,-0.0822002706082578,-0.08516574518478219,0.007000647300743025,0.041,Low-Low
2,3305,0901100011446,17.69165964616681,-0.0752096801343617,-0.07609855702150958,0.005723348132274221,0.35,Not significant
2,3306,090110001108A,10.351966873706004,-0.08335956150284855,-0.08001550319285317,0.0066700572595860185,0.16,Not significant
2,3307,0901100010132,32.565974171813586,-0.058693471271175364,-0.07596770826230038,0.004458808502430359,0.25,Not significant
2,3308,0901100010452,18.99060790587264,-0.0737673480710735,-0.0654934534962364,0.004831278380433537,0.707,Not significant
2,3309,0901100010594,13.329778725673153,-0.08005304526523911,-0.08363021973767382,0.006694853766201895,0.087,Not significant
2,3310,0901100011111,9.898762654668166,-0.08386279246024159,-0.08409909212113768,0.007052784708649708,0.07,Not significant
2,3311,0901100011357,12.654049295774648,-0.08080336477609538,-0.08318553928161009,0.006721671474668151,0.094,Not significant
2,3312,0901100011376,11.052042529378848,-0.08258220831933288,-0.07776101286003256,0.006421676163129533,0.193,Not significant
2,3313,0901100011412,5.805916505391208,-0.08840742554096546,-0.08266619023958843,0.0073083050583617,0.083,Not significant
2,3314,0901100210787,9.433962264150944,-0.08437889962714575,-0.08089466315621995,0.006825802662830447,0.146,Not significant
2,3315,090110001154A,5.1020408163265305,-0.08918899822280345,-0.08607484045161011,0.007676928792066744,0.06,Not significant
2,3316,090110011072A,8.89265297480415,-0.08497996109233255,-0.08502326536370719,0.0072252737825509025,0.066,Not significant
2,3317,0901100111041,8.209538702111024,-0.0857384806184438,-0.08227996061348963,0.007054558808346,0.163,Not significant
2,3318,0901100211018,12.438625204582651,-0.08104256835607578,-0.08501047178831654,0.006889466970886895,0.06,Not significant
2,3319,0901100111037,13.755833947433064,-0.07957996013464672,-0.08535922085538818,0.006792883392796296,0.089,Not significant
2,3320,0901100260965,11.101243339253996,-0.0825275765007886,-0.07867171561128224,0.0064925860285583795,0.274,Not significant
2,3321,0901100010768,222.22222222222223,0.15189789410622326,-0.07905222941622735,-0.012007867172726968,0.169,Not significant
2,3322,090110001040A,20.54380664652568,-0.07204270020495288,-0.07463397917777762,0.005376833387007328,0.409,Not significant
2,3323,0901100011075,5.009107468123862,-0.08929218997571577,-0.05137654713421693,0.0045875244070048135,0.885,Not significant
2,3324,0901100010310,16.16161616161616,-0.07690861676213194,-0.07724770480267155,0.0059410141244229655,0.274,Not significant
2,3325,0901100011361,5.745947055202135,-0.08847401469121002,-0.07918573224999197,0.007005879638420013,0.165,Not significant
2,3326,0901100010630,17.768301350390903,-0.07512457837102243,-0.07609985308453966,0.005716969377072793,0.321,Not significant
2,3327,0901100010999,14.073494917904611,-0.0792272343046971,-0.0824045871090815,0.006528687530673021,0.17,Not significant
2,3328,0901100010058,28.95705521472393,-0.06270075908015851,0.14486605921127518,-0.009083211877498143,0.059,Not significant
2,3329,0901100010151,15.033407572383071,-0.07816136213529758,-0.07711761952924276,0.00602761818703724,0.309,Not significant
2,3330,0901100011056,27.171017581246673,-0.06468394765272494,-0.0770154346749676,0.004981662344967461,0.255,Not significant
2,3331,0901100010325,14.965986394557824,-0.07823622556869102,-0.06678104838129299,0.005224697164872507,0.684,Not significant
2,3332,0901100010344,31.379025598678776,-0.06001144061423005,-0.06415365432978518,0.0038499532169977454,0.763,Not significant
2,3333,090110001001A,16.283364109451067,-0.07677342972331824,0.236039431198993,-0.018121556683087903,0.051,Not significant
2,3334,0901100010607,9.152872444011683,-0.08469101741722816,-0.08195791886274034,0.006941099533884115,0.156,Not significant
2,3335,0901100011094,96.71532846715328,0.012536979863466125,-0.08661178453017626,-0.0010858501985936866,0.062,Not significant
2,3336,090110001122A,13.09422146313692,-0.0803146044073818,-0.08170859478543259,0.006562393466875078,0.101,Not significant
2,3337,0901100011249,14.624881291547958,-0.07861498340091888,-0.07838991427613673,0.006162621809617943,0.146,Not significant
2,3338,0901100011253,13.168086754453912,-0.08023258553000577,-0.07500004166212079,0.006017447257410102,0.365,Not significant
2,3339,0901100011287,9.600808489135929,-0.08419363615869248,-0.07931657513692772,0.006677950868432086,0.131,Not significant
2,3340,0901100011304,34.588777863182166,-0.056447381328794295,-0.08086473518853825,0.004564602543239389,0.101,Not significant
2,3341,0901100011338,18.451216102879506,-0.07436628038906129,-0.08020084975610443,0.00596423888040344,0.112,Not significant
2,3342,0901100011465,6.001333629695488,-0.08819043738767023,-0.08235599953121557,0.007263011620156665,0.092,Not significant
2,3343,090110001147A,8.17184216670558,-0.08578033826849558,-0.08203362448610964,0.007036872057809227,0.101,Not significant
2,3344,0901100011484,11.829803472619728,-0.08171859459366868,-0.06136509234335258,0.005014669103409471,0.824,Not significant
2,3345,0901100010077,24.76190476190476,-0.06735898927771039,-0.07872058555662464,0.005302539078443763,0.158,Not significant
2,3346,0901100010414,17.482517482517483,-0.07544190835912966,-0.06897346471174394,0.00520348980399505,0.674,Not significant
2,3347,0901100240749,13.0718954248366,-0.08033939489510612,-0.08359393283275958,0.006715885980686049,0.087,Not significant
2,3348,0901100010626,19.295958279009128,-0.07342829173805873,-0.07592468761982392,0.005575020112669407,0.303,Not significant
2,3349,0901100010274,17.78131634819533,-0.0751101267186978,-0.044933522528465115,0.003374962571030477,0.925,Not significant
2,3350,090110001026A,18.66028708133971,-0.07413413120722669,-0.07141179814764417,0.005294051613621441,0.518,Not significant
2,3351,0901100010679,11.562178828365878,-0.08201576086064596,-0.07393444198269397,0.006063789513017932,0.434,Not significant
2,3352,0901100010240,19.478479421929,-0.07322562308309556,-0.07322090105215635,0.0053616461022498365,0.447,Not significant
2,3353,0901100010166,15.071854188573433,-0.07811867160713994,-0.07595322348915785,0.00593336492325323,0.333,Not significant
2,3354,0901100010170,14.285714285714285,-0.07899158920000911,-0.07662587617880176,0.006052799733206673,0.285,Not significant
2,3355,0901100010927,15.273103805332644,-0.07789520714440451,-0.07709107805944608,0.00600502549442601,0.257,Not significant
2,3356,0901100010202,17.772215269086356,-0.07512023241621986,-0.07632246526353667,0.0057333613291757415,0.28,Not significant
2,3357,0901100010217,18.659881255301105,-0.0741345818301851,-0.07760455062798766,0.005753180908925294,0.231,Not significant
2,3358,0901100010397,9.837962962962964,-0.0839303034978285,0.0006006116354411681,-5.040951684690437e-05,1.0,Not significant
2,3359,090110001065A,9.181744531460977,-0.08465895829774359,-0.07299521883344522,0.0061796991871553054,0.49,Not significant
2,3360,0901100010306,9.75975975975976,-0.08401713912549034,-0.07038832060092068,0.0059138253247371705,0.605,Not significant
2,3361,0901100010645,14.495712535728869,-0.07875841039017796,-0.07712209786131252,0.006074013833512718,0.328,Not significant
2,3362,0901100010289,11.638880150990875,-0.08193059289795614,-0.047483707281212505,0.0038903682905427374,0.878,Not significant
2,3363,0901100010043,12.140689162649526,-0.08137339193036244,-0.07474742537226269,0.0060824515406026495,0.357,Not significant
2,3364,0901100241183,4.595588235294118,-0.08975135533803108,-0.0803777072093957,0.007214008161006696,0.271,Not significant
2,3365,0901100010664,11.866727521679598,-0.08167759470051086,-0.07280391361174395,0.005946448548591028,0.499,Not significant
2,3366,0901100010113,26.106696935300796,-0.06586575284149744,-0.07994963297672474,0.005265942765413385,0.132,Not significant
2,3367,0901100010096,14.942528735632184,-0.0782622725904606,-0.07583186677492772,0.0059347742285828856,0.353,Not significant
2,3368,0901100010128,12.921940928270041,-0.08050590204950282,-0.0726478935851947,0.005848584205072389,0.522,Not significant
2,3369,0901100010382,30.389363722697055,-0.061110345859205446,-0.0755710576606599,0.0046181734705888836,0.316,Not significant
2,3370,0901100010147,20.91917591125198,-0.07162589597734625,-0.07488447355992443,0.005363667513521483,0.394,Not significant
2,3371,0901100010359,19.546868058640605,-0.0731496853983135,-0.06669749396825554,0.004878900700633805,0.684,Not significant
2,3372,0901100010363,15.789473684210526,-0.07732183801499017,-0.07420863509385765,0.005737948062040776,0.424,Not significant
2,3373,0901100010378,15.130674002751032,-0.07805335899494688,-0.03740631439478498,0.002919688486134001,0.925,Not significant
2,3374,0901100010575,16.766678432756795,-0.07623676497170746,-0.020630162997242397,0.0015727768877487845,0.975,Not significant
2,3375,0901100010433,51.20967741935484,-0.037991791453344054,-0.07158165146001781,0.0027195151741549574,0.521,Not significant
2,3376,0901100010448,16.260162601626018,-0.07679919231886632,-0.06389207490185944,0.004906859748039316,0.787,Not significant
2,3377,0901100010950,14.118544899516662,-0.07917721150167618,-0.0755084785643151,0.005978550777456559,0.384,Not significant
2,3378,0901100011234,7.046979865771812,-0.08702936797487384,-0.08075167595753503,0.007027767321496089,0.123,Not significant
2,3379,0901100010931,19.48814275651561,-0.07321489306578469,-0.07921157720366291,0.005799467154538328,0.166,Not significant
2,3380,0901100010946,25.0272034820457,-0.06706440568090472,-0.06883745300175616,0.004616542874149987,0.652,Not significant
2,3381,0901100011272,10.9851169383416,-0.08265652146081967,-0.07301344579436284,0.006035037449230145,0.499,Not significant
2,3382,0901100011291,22.64639275315432,-0.06970802110225975,-0.0783215802564078,0.005459642369276005,0.195,Not significant
2,3383,0901100011319,4.772004241781548,-0.08955546573216511,-0.0738546738823917,0.006614089716034759,0.459,Not significant
2,3384,0901100011268,18.638573743922205,-0.07415824136136429,-0.07469650639014383,0.005539361549730976,0.335,Not significant
2,3385,0901100210791,0.0,-0.09485422545768919,-0.08243729717765172,0.0078195259726115,0.161,Not significant
2,3386,0901100211022,9.926470588235295,-0.08383202599922768,-0.08489219363349135,0.007116684583814317,0.058,Not significant
2,3387,0901100261501,7.352941176470589,-0.0866896332662362,-0.0825275765007886,0.0071542853412046165,0.278,Not significant
2,3388,0901100010255,15.393386545039908,-0.07776164705004077,-0.07691845578568753,0.0059813058104408,0.269,Not significant
2,3389,0901100261164,24.89814395654142,-0.06720771138251115,-0.0855219953341544,0.0057477375792743144,0.087,Not significant
2,3390,0901100011450,10.8338804990151,-0.08282445206463569,-0.08113710120295209,0.006720135949247401,0.124,Not significant
2,3391,0901100010185,15.73905109489051,-0.07737782647853891,-0.07826433905140401,0.006055924446577076,0.261,Not significant
2,3392,0901100010984,9.985387238188016,-0.0837666058620872,-0.0798145008862698,0.006685789837819372,0.164,Not significant
2,3393,0901100010772,18.282988871224163,-0.07455307730596826,-0.06924209485306433,0.005162211250407692,0.571,Not significant
2,3394,0901100010823,27.027027027027028,-0.0648438325377539,-0.07973432133247574,0.005170278979994516,0.391,Not significant
2,3395,0901100010804,10.92896174863388,-0.0827188753152017,-0.07737782647853891,0.006400606780639573,0.455,Not significant
2,3396,0901100011395,10.00555864369094,-0.08374420784530626,-0.0839105690320769,0.007027024133440167,0.091,Not significant
2,3397,0901100241408,12.019230769230768,-0.08150825745242951,-0.08334454985821041,0.006793269027099862,0.09,Not significant
2,3398,0901100211003,10.340524157603852,-0.08337226731788154,-0.0820663129545563,0.006842054581440192,0.083,Not significant
2,3399,0901100211516,26.666666666666664,-0.06524397111001971,-0.08081300740866448,0.005272561520684714,0.323,Not significant
2,3400,090110021115A,12.645365247826575,-0.08081300740866448,-0.08009910287612494,0.006473049394155664,0.145,Not significant
2,3401,0901100010819,12.587412587412588,-0.08087735714672632,-0.08233572572765549,0.006659095895610496,0.095,Not significant
2,3402,0901100240734,17.18213058419244,-0.07577545332645885,-0.08477056486090567,0.006423527981075111,0.061,Not significant
2,3403,0901100011427,14.55026455026455,-0.07869783667671874,-0.07005523287258941,0.0055131952749565396,0.594,Not significant
2,3404,0901100011380,13.54042214257268,-0.07981915007207446,-0.08307978208674666,0.006631357594337275,0.084,Not significant
2,3405,0901100241520,0.0,-0.09485422545768919,-0.08150825745242951,0.007731402629056124,0.298,Not significant
2,3406,0901100010039,14.819205690574984,-0.07839920859287583,-0.07718541243417687,0.006051275249754184,0.247,Not significant
2,3407,0901100011145,14.134275618374557,-0.07915974435468416,-0.07669056262164402,0.006070805331546237,0.264,Not significant
2,3408,0901100011342,27.513227513227516,-0.0643039630354905,-0.07723906476964143,0.004966777965842879,0.343,Not significant
2,3409,0901100011431,9.483259144571319,-0.08432416113335348,-0.0733399048704516,0.006184325955800776,0.453,Not significant
2,3410,090110026097A,11.470281543274243,-0.08211780218509936,-0.0825275765007886,0.006776983201907412,0.299,Not significant
2,3411,0901100011499,6.487187804086928,-0.08765095242468494,-0.06289711755846378,0.005512992258766725,0.775,Not significant
2,3412,0901100011535,1.0416666666666667,-0.09369757489723335,-0.08212926999400548,0.007695313426518428,0.124,Not significant
2,3413,0901100010753,13.616817964644053,-0.07973432133247574,-0.07093959077038711,0.005656320125680376,0.575,Not significant
2,3414,0900500013411,4.478126076472615,-0.08988178350299099,-0.08430382017275213,0.007577377713242392,0.06,Not significant
2,3415,0900500010366,7.640716529416759,-0.08637009196389646,-0.0725456206030912,0.006265771923066928,0.613,Not significant
2,3416,0900500010703,8.23045267489712,-0.08571525806643318,-0.07521504596177551,0.006447077075092221,0.449,Not significant
2,3417,0900500010436,17.433751743375176,-0.07549605708185925,-0.07484297657612984,0.005650349631767753,0.387,Not significant
2,3418,0900500012536,14.4617032672737,-0.07879617375602055,-0.08697642688495448,0.00685340964550469,0.066,Not significant
2,3419,0900500012305,21.85943552850028,-0.07058184623661258,-0.0735504956070136,0.005191329771560883,0.465,Not significant
2,3420,0900500010277,11.580594679186229,-0.08199531218464023,-0.0705372581035491,0.005783724498849053,0.644,Not significant
2,3421,0900500010421,17.988552739165986,-0.07488001463444527,-0.07735912520583094,0.005792652427520505,0.356,Not significant
2,3422,090050001085A,20.885930686252006,-0.0716628109611498,-0.0790338604835045,0.005663788603359271,0.195,Not significant
2,3423,0900500011716,13.37419894120925,-0.08000372174473151,-0.08130875937114476,0.006505003360138396,0.148,Not significant
2,3424,0900500010493,15.854141894569956,-0.07725003143410447,0.02547441967276866,-0.0019678997204869483,0.951,Not significant
2,3425,090050001174A,21.652761223678983,-0.07081133418909583,-0.0665633522870558,0.004713439783545224,0.689,Not significant
2,3426,0900500012288,18.993621545003545,-0.07376400177277931,-0.07370577852966542,0.0054368331781263195,0.418,Not significant
2,3427,0900500012466,12.962377489724943,-0.0804610019168919,-0.0786410871546664,0.006327540664298076,0.239,Not significant
2,3428,0900500011542,12.247278382581648,-0.08125503690862831,-0.07914038308377319,0.006430554748434974,0.218,Not significant
2,3429,0900500011773,39.037085230969424,-0.05150804960716456,-0.05372583222384039,0.0027673128313717714,0.822,Not significant
2,3430,0900500010173,22.088353413654616,-0.07032765935645693,-0.07582406531456952,0.005332529036464787,0.327,Not significant
2,3431,0900500013159,7.62745885186672,-0.08638481308405832,-0.08114378764390051,0.007009590928550867,0.15,Not significant
2,3432,0900500010489,19.164165319787575,-0.07357463260220057,-0.04957957932327331,0.0036477993332814937,0.9,Not significant
2,3433,0900500010154,15.395894428152491,-0.07775886233540935,-0.07880772657609375,0.006127999161797055,0.149,Not significant
2,3434,0900500012593,8.382815228780998,-0.0855460770424246,-0.08619108011477702,0.007373308779868507,0.081,Not significant
2,3435,0900500013318,6.505576208178439,-0.08763053422510254,-0.08636252921862608,0.007567994572459232,0.066,Not significant
2,3436,0900500012184,15.331010452961673,-0.07783090849822763,-0.04950749255184631,0.0038532131227794362,0.887,Not significant
2,3437,0900500012964,8.797054009819966,-0.08508611270490338,-0.08616652791799134,0.007331574905820415,0.052,Not significant
2,3438,0900500012979,3.968253968253968,-0.09044793760833363,-0.08666539821597696,0.007838706530640073,0.08,Not significant
2,3439,0900500012894,14.485981308411215,-0.07876921579452761,-0.08085508970999811,0.00636889200945273,0.122,Not significant
2,3440,0900500010385,12.96,-0.08046364184472184,-0.07615669075878782,0.006127844689294341,0.303,Not significant
2,3441,090050001039A,22.879267863428367,-0.06944944018051764,-0.08166581485835556,0.005671645123798593,0.091,Not significant
2,3442,0900500010417,20.60069310743165,-0.0719795343583392,-0.07483636806218676,0.00538668692618549,0.224,Not significant
2,3443,0900500011222,8.342022940563087,-0.08559137216853295,-0.07866953896166098,0.0067334337875944285,0.203,Not significant
2,3444,0900500011557,18.018018018018015,-0.074847296844399,-0.0019788288670729015,0.00014810999161807124,0.998,Not significant
2,3445,0900500011720,24.284763805721887,-0.06788879921792032,-0.06986003180388656,0.004742713672491582,0.645,Not significant
2,3446,0900500011735,26.88904016337645,-0.06499705101760381,-0.05704902731596702,0.0037080185389605815,0.847,Not significant
2,3447,0900500011769,18.178545716342686,-0.07466904937025252,-0.06641738261708512,0.00495932282167808,0.691,Not significant
2,3448,0900500012273,11.526232114467408,-0.0820556755359521,-0.07185926185604968,0.005896460275113031,0.538,Not significant
2,3449,0900500012381,27.75873886223441,-0.0640313510296405,-0.026303152881756504,0.0016842264153580507,0.96,Not significant
2,3450,0900500012485,13.27720207253886,-0.0801114255679412,-0.08283587398486739,0.00663609995309406,0.112,Not significant
2,3451,0900500013144,8.94854586129754,-0.08491789849538399,-0.08127855552628445,0.006902004128032454,0.158,Not significant
2,3452,0900500012714,15.209125475285171,-0.07796624769285868,-0.016855376795623534,0.001314150482204047,0.981,Not significant
2,3453,090050001231A,8.166969147005442,-0.08578574919422417,-0.07647733065941872,0.006560665106992645,0.25,Not significant
2,3454,0900500012292,12.249705535924615,-0.08125234183508484,-0.06735754642669937,0.005472958387434775,0.688,Not significant
2,3455,0900500012428,11.217282924802658,-0.08239872793919507,-0.07228051024755662,0.00595582209919462,0.548,Not significant
2,3456,0900500012470,13.211760327502793,-0.08018409106977145,-0.08250938024406376,0.00661593965960041,0.103,Not significant
2,3457,0900500010883,103.1331592689295,0.01966323995349993,0.027093902384005917,0.0005327539038534122,0.96,Not significant
2,3458,0900500011699,12.676056338028168,-0.08077892849664911,0.3136250737182179,-0.02533429740464023,0.036,Low-High
2,3459,0900500012396,24.93476369962308,-0.06716704938600636,-0.07194358986365022,0.004832238653378381,0.521,Not significant
2,3460,0900500013271,7.504690431519699,-0.08652113323977095,-0.0834077496215381,0.007216533018234553,0.067,Not significant
2,3461,0900500013290,9.883970777825526,-0.0838792171315762,-0.07728403124597127,0.006482524037684344,0.261,Not significant
2,3462,0900500013407,41.60228218233686,-0.04865969457534496,1.2962190292155797,-0.06307362206438026,0.021,Low-High
2,3463,0900500012771,7.452441655226515,-0.0865791494730983,-0.08547639159708759,0.00740047328450533,0.064,Not significant
2,3464,0900500012790,7.371007371007371,-0.0866695728431614,-0.07988584151180027,0.0069236717600442204,0.134,Not significant
2,3465,0900500010258,16.673701983959475,-0.07634000458285364,-0.08537508464272184,0.006517534352886903,0.065,Not significant
2,3466,0900500010309,13.110307414104883,-0.08029674281614735,-0.07717820393884367,0.0061971583926895,0.27,Not significant
2,3467,0900500010845,14.274789701758857,-0.07900371968911771,-0.07653665488463203,0.0060466804284482105,0.25,Not significant
2,3468,0900500010879,14.547413793103448,-0.07870100211339214,0.04863648182501691,-0.0038277398588986143,0.903,Not significant
2,3469,0900500011025,13.719512195121952,-0.0796202912468074,-0.07395696786511584,0.005888475321151299,0.403,Not significant
2,3470,090050001103A,19.058823529411764,-0.07369160249744305,-0.07701471785843429,0.0056753379748764685,0.259,Not significant
2,3471,0900500011044,20.3751617076326,-0.07222996093751806,-0.07522446751721193,0.005433460350313814,0.319,Not significant
2,3472,0900500011059,19.751835907824763,-0.0729220922677846,-0.08089355510536046,0.005898927289262213,0.128,Not significant
2,3474,0900500011097,36.99136868064119,-0.05377958163385667,0.005947645659875864,-0.0003198618952945473,0.992,Not significant
2,3475,090050001110A,14.720314033366044,-0.07850901635998155,0.054860448056805046,-0.0043070398140076255,0.88,Not significant
2,3476,0900500011133,15.201046093494606,-0.07797521891347584,-0.06017241387896802,0.004691957144764803,0.816,Not significant
2,3477,0900500011186,8.182255735600833,-0.08576877520260852,-0.0753426636065909,0.006462047978039449,0.34,Not significant
2,3478,0900500011190,17.24137931034483,-0.07570966445704082,-0.0791500539003816,0.0059924240225545855,0.16,Not significant
2,3479,0900500011218,20.84476138233681,-0.07170852471965901,-0.07871567841829652,0.005644585171683145,0.188,Not significant
2,3480,0900500011241,786.8852459016393,0.7788909848014106,0.025837960389365144,0.020124954412932456,0.956,Not significant
2,3481,090050001128A,24.09033877038896,-0.06810468577096142,-0.05471215959361307,0.0037261544369737104,0.859,Not significant
2,3482,0900500011294,22.85387801742608,-0.06947763267294174,-0.07485739619955406,0.0052009146760054826,0.32,Not significant
2,3483,0900500011311,20.34358047016275,-0.07226502825529667,-0.07097755523537562,0.005129195034576299,0.598,Not significant
2,3484,0900500011326,11.91391237509608,-0.08162520136884763,-0.07869818961984716,0.006423755575083779,0.167,Not significant
2,3485,0900500011345,12.387387387387388,-0.08109946203605219,-0.07873201465071512,0.006385124033187576,0.18,Not significant
2,3486,090050001135A,9.682104243989027,-0.0841033666094955,-0.07862540979386638,0.006612661664715362,0.224,Not significant
2,3487,0900500011379,10.452961672473869,-0.08324741843987449,0.23279265011320566,-0.019379387153701327,0.043,Low-High
2,3488,0900500011398,22.644022644022645,-0.06971065283479302,-0.016156608110074584,0.0011262876989492107,0.977,Not significant
2,3489,090050001142A,15.178571428571429,-0.0780001744339041,-0.04318679620736699,0.003368577637416093,0.922,Not significant
2,3490,0900500011468,17.39130434782609,-0.07554319001355692,-0.07445089389998515,0.005624258024565744,0.405,Not significant
2,3491,0900500011472,17.686593562079945,-0.07521530543580016,-0.07429035414440291,0.0055877716779050264,0.431,Not significant
2,3492,0900500011487,21.229868228404097,-0.07128090803229346,-0.06785752652973986,0.004836946107865301,0.684,Not significant
2,3493,0900500011523,14.43977335039298,-0.07882052439664536,-0.0814676955756624,0.006421326486659975,0.103,Not significant
2,3494,0900500011538,16.530699871189352,-0.07649879191778029,-0.08045413092985254,0.006154643820928641,0.149,Not significant
2,3495,0900500011561,26.162790697674417,-0.06580346719507742,-0.009513181493181247,0.0006260003263073697,0.986,Not significant
2,3496,0900500011576,16.521340064249657,-0.07650918490268516,-0.06832950162297634,0.005227834473980622,0.687,Not significant
2,3497,0900500011580,17.5054704595186,-0.07541642172836567,-0.06653965088469982,0.005018182372778741,0.705,Not significant
2,3498,0900500011595,20.05730659025788,-0.07258290234518708,-0.06600435512884278,0.004790787662673844,0.709,Not significant
2,3499,0900500011608,21.483583299554116,-0.07099918674022138,-0.05321781429686113,0.0037784215351692662,0.877,Not significant
2,3500,0900500011627,89.48194662480375,0.004505144507999234,1.9871008631374023,0.008952176540404005,0.012,High-High
2,3501,0900500011631,15.853658536585364,-0.0772505681473369,1.6937799796615374,-0.1308454657454385,0.013,Low-High
2,3502,0900500011646,11142.857142857141,12.278002055532776,-0.06300639707029285,-0.7735926727407698,0.76,Not significant
2,3503,0900500012339,22.63648468708389,-0.0697190228656262,-0.018652467064965938,0.0013004317778027,0.977,Not significant
2,3504,090050001167A,11.936695278969957,-0.08159990358465447,0.14657728513871923,-0.011960692335019896,0.055,Not significant
2,3505,0900500011684,13.36097673347155,-0.08001840347976219,0.14518483205828597,-0.011617458470781439,0.063,Not significant
2,3506,0900500011701,14.108352144469526,-0.07918852937928055,-0.07966452688924724,0.00630851672805564,0.138,Not significant
2,3507,0900500013214,7.223942208462333,-0.08683287172573538,-0.08534504008564649,0.007410754918184686,0.105,Not significant
2,3508,0900500011788,23.685918234912396,-0.06855374808041949,-0.05258302549401474,0.003604763483022962,0.892,Not significant
2,3509,0900500011792,34.55802109858131,-0.05648153316464715,-0.030596659098716377,0.0017281462156115521,0.964,Not significant
2,3510,0900500010050,12.36784360662278,-0.081121163148028,-0.08204488717660767,0.006655576678115141,0.089,Not significant
2,3511,0900500010898,2.609262883235486,-0.09195694029646909,-0.051479417767803855,0.004733889746170929,0.891,Not significant
2,3512,0900500010243,10.706057731399918,-0.08296638448940476,-0.08324238091248,0.006906319380598303,0.077,Not significant
2,3513,0900500012076,19.687712152070603,-0.07299329429469492,-0.052683079877671644,0.0038455115538618065,0.864,Not significant
2,3514,0900500012095,12.388503468780971,-0.08109822275652956,-0.06048188865099887,0.004904973678554324,0.816,Not significant
2,3515,0900500012108,16.589611096002177,-0.07643337780463129,-0.06402837485551738,0.004893904965548314,0.749,Not significant
2,3516,0900500012146,15.302491103202849,-0.07786257594323472,-0.0650558683614236,0.005065417490844426,0.716,Not significant
2,3517,0900500012150,12.8783000643915,-0.08055436018998018,-0.04090312391407182,0.003294924976669533,0.937,Not significant
2,3518,090050001217A,16.76863811466123,-0.07623458897122129,-0.04499126640664342,0.0034298907018051774,0.918,Not significant
2,3519,0900500012201,23.744911804613295,-0.06848824253277996,-0.07461531773004151,0.00511027197735552,0.367,Not significant
2,3520,0900500012220,15.672205438066465,-0.0774520508623113,-0.06593279494343163,0.005106630187453008,0.708,Not significant
2,3521,0900500012235,11.008256192144108,-0.08263082799117566,-0.06567720802332615,0.005426962079116125,0.731,Not significant
2,3522,0900500012377,14.400535833891492,-0.07886409312827959,-0.02911981076925508,0.0022965074683844117,0.951,Not significant
2,3523,0900500012803,9.363295880149812,-0.08445736648729964,-0.07814978495451151,0.006600325028806834,0.2,Not significant
2,3524,0900500010510,41.87192118226601,-0.04836029159897171,0.00019685754650610097,-9.520088352493177e-06,0.999,Not significant
2,3525,0900500011970,13.56391997287216,-0.0797930584446325,0.18266162355690116,-0.014575129604067275,0.072,Not significant
2,3526,0900500010991,12.33262861169838,-0.08116026533389913,-0.07449818102780914,0.00604629213910984,0.438,Not significant
2,3527,0900500010506,9.930486593843098,-0.08382756668869609,-0.02676618810746485,0.0022437444185806938,0.96,Not significant
2,3528,0900500010953,104.25020048115476,0.02090358524390564,-0.005194578002721566,-0.00010858530408600737,0.994,Not significant
2,3529,0900500010968,42.26918798665184,-0.04791917268190607,-0.03561339204968559,0.0017065642834173044,0.945,Not significant
2,3530,090050001092A,18.59504132231405,-0.07420657908922132,-0.05159125401819176,0.0038284104716130537,0.877,Not significant
2,3531,0900500010934,9.353078721745907,-0.08446871146201401,-0.05769573167047049,0.004873484111062755,0.857,Not significant
2,3532,0900500010949,48.8599348534202,-0.04060090926692669,-0.04641118511384701,0.0018843363157778409,0.915,Not significant
2,3533,0900500011932,15.446948594580906,-0.07770217257840484,0.1421700943722928,-0.011046925208403998,0.069,Not significant
2,3534,0900500011951,20.988490182802977,-0.07154893048195068,-0.07676709805068158,0.005492603761729308,0.32,Not significant
2,3535,0900500012216,18.142008132624333,-0.07470962013827065,-0.07135305321651884,0.0053307595015119336,0.556,Not significant
2,3536,0900500010135,12.510602205258692,-0.08096264620743077,-0.08078536501630096,0.006540596926552929,0.121,Not significant
2,3537,0900500010169,11.345014496407412,-0.08225689677706591,-0.0836266410874319,0.006878867983741624,0.086,Not significant
2,3538,0900500010188,11.759384893713252,-0.08179678629487701,-0.07938348111745805,0.0064933136403081205,0.177,Not significant
2,3539,0900500010192,15.670028818443804,-0.07745446774708549,-0.08013210291098392,0.00620658938042494,0.119,Not significant
2,3540,0900500012786,34.91152558584409,-0.05608900724786365,-0.08267123979330138,0.0046369477679563545,0.101,Not significant
2,3541,0900500010205,13.25548366735048,-0.08013554134925321,-0.08393913269166593,0.006726507838633448,0.075,Not significant
2,3542,0900500010224,7.954922108054358,-0.08602120294761212,-0.07929579215814732,0.00682111943012766,0.156,Not significant
2,3543,0900500010525,168.38709677419354,0.09212020320541735,-0.07288666622255699,-0.006714334503387378,0.418,Not significant
2,3544,0900500010559,32.70676691729324,-0.05853713718352689,-0.07219622587224896,0.00422616037801673,0.475,Not significant
2,3545,0900500010737,29.64495001723544,-0.0619369313276533,-0.03741737440179087,0.0023175173487848134,0.942,Not significant
2,3546,0900500010582,16.123932975023713,-0.07695045958986817,-0.06757590435869644,0.005199996897602667,0.694,Not significant
2,3547,0900500010597,8.824795523030565,-0.08505530895757257,-0.07325932422930818,0.00623109445634679,0.509,Not significant
2,3548,090050001060A,19.78021978021978,-0.07289057525474754,-0.06383595631160452,0.0046530395774897855,0.749,Not significant
2,3549,0900500010614,20.08032128514056,-0.0725573471838417,-0.07107661249307502,0.005157130449311425,0.61,Not significant
2,3550,0900500010629,21.45922746781116,-0.0710262310791998,-0.06415850765516114,0.004556936990412084,0.756,Not significant
2,3551,0900500010633,31.215161649944257,-0.06019339260924665,0.043590552681958564,-0.0026238632516391814,0.913,Not significant
2,3552,0900500011082,29.41176470588235,-0.062195856691877265,-0.02822047127394242,0.0017551963871313618,0.953,Not significant
2,3553,0900500010667,8.014571948998178,-0.0859549686865317,-0.0782156102631214,0.006723020330964568,0.209,Not significant
2,3554,0900500010671,11.59972299168975,-0.08197407240219759,-0.07827440290146442,0.00641647157068343,0.17,Not significant
2,3556,0900500010722,23.914411579609816,-0.06830003260342297,-0.0517085846981631,0.003531698020761398,0.865,Not significant
2,3557,0900500010741,36.4741641337386,-0.05435387756574005,0.07443755332222322,-0.004045969659569367,0.37,Not significant
2,3558,0900500010760,24.732373569582872,-0.06739178025705442,0.0602583193772911,-0.004060915418133806,0.808,Not significant
2,3559,0900500010794,6.63716814159292,-0.08748441657690863,-0.07399867381666787,0.006473730806316153,0.495,Not significant
2,3560,0900500010811,14.295439074200136,-0.07898079094523874,-0.07540278131907704,0.005955371308051577,0.375,Not significant
2,3561,0900500010826,14.360313315926891,-0.07890875559030844,-0.07856500490296703,0.006199466769839609,0.183,Not significant
2,3562,0900500010830,18.440346589646744,-0.07437834972849094,-0.0763872268566979,0.0056815558739370525,0.259,Not significant
2,3563,0900500011805,159.004318008636,0.08170171074031468,-0.06322071773005944,-0.0051652407927764,0.69,Not significant
2,3564,090050001181A,43.83416952733034,-0.046181441376822396,-0.012775107254917512,0.0005899728667755915,0.987,Not significant
2,3565,0900500011824,27.955028866605893,-0.06381339364381507,-0.008367119188169344,0.0005339342704193687,0.994,Not significant
2,3566,0900500011839,14.23977951309141,-0.07904259446128784,-0.022220477263790853,0.0017563641730980871,0.976,Not significant
2,3567,0900500011843,20.335536349771225,-0.07227396032220153,2.0220040321379265,-0.146138239190068,0.014,Low-High
2,3568,0900500011858,19.00584795321637,-0.07375042575814406,2.395510285596777,-0.17666990347077557,0.003,Low-High
2,3569,0900500011862,13.925380977404098,-0.07939169773409668,-0.051253701355749484,0.004069118365789324,0.875,Not significant
2,3570,0900500011881,13.034623217922606,-0.08038078137736196,-0.059996149216736364,0.004822537353674072,0.819,Not significant
2,3571,0900500011909,25.150089242252147,-0.06692795523282648,-0.07502030585887555,0.005020955672075772,0.312,Not significant
2,3572,0900500011913,19.471083987213017,-0.07323383485945624,0.1455586877102573,-0.010659820898132145,0.067,Not significant
2,3573,0900500011928,1428.5714285714284,1.491409400310319,-0.07956209422462283,-0.11865965523497785,0.127,Not significant
2,3574,090050001199A,12.470588235294116,-0.08100707710098494,0.1811546021944819,-0.01467480482716665,0.061,Not significant
2,3575,0900500013093,11.050182784978398,-0.08258427335075985,-0.07876422621230338,0.006504686387777946,0.178,Not significant
2,3576,090050001313A,18.867924528301888,-0.0739035737966023,-0.06841709984511828,0.005056268187353206,0.642,Not significant
2,3577,0900500013163,16.22187336473051,-0.07684170809548836,-0.07289597531140742,0.005601451256215095,0.5,Not significant
2,3578,0900500013178,28.342245989304807,-0.0633834337379068,-0.07415089470349742,0.004699938321045633,0.481,Not significant
2,3579,0900500013182,8.55470508779829,-0.08535521320072632,-0.08398338195825042,0.007168419472364497,0.085,Not significant
2,3580,0900500013197,2.8604118993135006,-0.0916780683122727,-0.08229597642658851,0.0075447361486619645,0.075,Not significant
2,3581,090050001320A,10.53687907676869,-0.08315423785167328,-0.07967460351499803,0.00662528093142391,0.161,Not significant
2,3582,0900500011985,11.204911742133538,-0.0824124647091481,-0.04717733748353372,0.0038880006604332927,0.911,Not significant
2,3583,0900500012269,10.457987738910926,-0.08324183757341563,-0.030753473984241976,0.002559975686214534,0.966,Not significant
2,3584,0900500012362,15.689512799339388,-0.07743283303595963,-0.0341238516574385,0.0026423065079342898,0.96,Not significant
2,3585,090050001295A,11.249121162409185,-0.08236337525243842,0.17319561130314823,-0.014264975125836663,0.047,Low-High
2,3586,0900500012112,72.91666666666666,-0.013888686225780439,-0.07739057165812119,0.0010748533665934218,0.165,Not significant
2,3587,0900500012358,33.38992642897566,-0.057778567424741405,-0.026624875057172412,0.001538347138666152,0.965,Not significant
2,3588,0900500012447,7.570022710068129,-0.08644858928783601,-0.07780037529132386,0.006725732689999161,0.219,Not significant
2,3589,0900500012409,23.336909871244636,-0.06894128157108198,-0.0586383347881676,0.004042601949490434,0.804,Not significant
2,3590,0900500012752,10.518934081346424,-0.08317416369712531,-0.0839782771789842,0.006984822973087395,0.083,Not significant
2,3591,0900500013248,5.120960621578669,-0.0891679899635888,-0.08399636666027069,0.007489787179340941,0.077,Not significant
2,3592,0900500013252,10.243277848911651,-0.0834802481154346,-0.0843207546428375,0.007039117518864759,0.084,Not significant
2,3593,0900500013303,8.060182697474477,-0.0859043232166553,-0.0737462129185031,0.00633511851055537,0.464,Not significant
2,3594,0900500013322,7.239819004524888,-0.08681524237687395,-0.08732824483076558,0.007581422741329904,0.046,Low-Low
2,3595,0900500013341,26.461801109688437,-0.0654714506568648,-0.08251892101770902,0.00540263346566866,0.108,Not significant
2,3596,0900500013375,26.755852842809364,-0.06514494015902415,-0.05571973655165715,0.003629858903334296,0.839,Not significant
2,3597,090050001338A,11.344678011344678,-0.08225727040487685,-0.02970997948219555,0.002443861815990302,0.95,Not significant
2,3598,0900500013394,6.2262193012798335,-0.08794072781511676,-0.0573463663932236,0.0050430811981724355,0.857,Not significant
2,3599,0900500012767,8.694043655197929,-0.08520049380993347,-0.08346467983499008,0.0071112319376291505,0.061,Not significant
2,3600,0900500010440,17.104216388225932,-0.0758619680449537,-0.048345373550111204,0.0036675751833798857,0.902,Not significant
2,3601,0900500010455,13.503560029462312,-0.07986008119251162,-0.053266509722600976,0.004253867791288624,0.864,Not significant
2,3602,0900500011148,24.810475534114403,-0.06730505704324825,-0.07289563011742435,0.004906244543256772,0.502,Not significant
2,3603,0900500012837,8.144796380090497,-0.08581036949177205,-0.08142170444992719,0.006986826543498113,0.108,Not significant
2,3604,0900500012841,9.102192800992967,-0.0847472913092294,-0.08166452723432693,0.006920847479158002,0.105,Not significant
2,3605,0900500012856,14.92842535787321,-0.07827793276305828,-0.07277794376813813,0.005696906988915953,0.457,Not significant
2,3606,0900500012860,15.10204081632653,-0.07808515284242738,-0.0657105349009142,0.005131017161095545,0.731,Not significant
2,3607,0900500012930,9.165902841429881,-0.0846765486654105,-0.0790202135804185,0.006691158960793438,0.175,Not significant
2,3608,090050001288A,15.27614571092832,-0.0778918294594649,-0.07906446274403825,0.006158475648362844,0.193,Not significant
2,3609,0900500010313,9.340659340659341,-0.08448250175074452,-0.07519598752536245,0.006352745147760397,0.367,Not significant
2,3610,0900500010328,25.015253203172666,-0.06707767508579057,-0.0798978545764907,0.0053593623293335885,0.151,Not significant
2,3611,0900500010332,8.725071225071225,-0.08516604127609327,-0.077721511813029,0.006619233483108798,0.249,Not significant
2,3612,0900500010402,7.918746772249957,-0.08606137148114765,-0.07841309508733182,0.006748338505297418,0.226,Not significant
2,3613,0900500010370,22.193211488250647,-0.07021122657173712,-0.0793024513812307,0.005567922381621755,0.205,Not significant
2,3614,0900500010864,9.298998569384835,-0.08452876122701046,-0.07508487303185589,0.006346831304270144,0.365,Not significant
2,3615,0900500011237,48.014440433213,-0.041539733198121834,0.25114466648036926,-0.01043248243972583,0.046,Low-High
2,3616,0900500011203,16.666666666666664,-0.07634781649039576,-0.07655871306967131,0.005845090576184129,0.263,Not significant
2,3617,0900500011364,14.972585407001263,-0.0782288981273075,-0.08110925007724663,0.006345087261475235,0.13,Not significant
2,3618,0900500011383,17.10654936461388,-0.07585937754404491,-0.0013895638647143827,0.0001054114498349305,0.999,Not significant
2,3619,0900500011415,21.213026590976995,-0.07129960872608776,-0.02411281497170055,0.0017192342727668,0.968,Not significant
2,3620,0900500011434,71.71775592828224,-0.01521993817216974,-0.05437038165802611,0.0008275138472324291,0.879,Not significant
2,3621,0900500011449,29.328621908127207,-0.06228817716895376,-0.04395718398331967,0.0027380128638013123,0.893,Not significant
2,3622,0900500011453,19.466975666280415,-0.0732383966754971,1.7042632780381464,-0.12481750999644077,0.01,Low-High
2,3623,0900500011612,22.736500203004464,-0.06960796718318414,-0.04400481861903905,0.003063085970336041,0.916,Not significant
2,3624,0900500013110,6.98856416772554,-0.0870942318627631,-0.063590698358215,0.005538383027125406,0.754,Not significant
2,3625,0900500011754,30.67020068156001,-0.06079850884237452,-0.06911201257669167,0.004201907307758287,0.583,Not significant
2,3626,0900500012019,6.036684467146506,-0.08815118436435794,-0.07982829180067659,0.007036958468013206,0.142,Not significant
2,3627,0900500012199,16.3558106169297,-0.07669298624157914,-0.0737327264205242,0.0056547829729233804,0.423,Not significant
2,3628,0900500012057,24.870081662954718,-0.06723887131941168,-0.018643726273027808,0.0012535831117864516,0.976,Not significant
2,3629,0900500012324,18.018018018018015,-0.074847296844399,-0.050202816842126595,0.003757545134607643,0.886,Not significant
2,3630,0900500012451,9.550215650030808,-0.08424981366497022,-0.07763983200732931,0.006541141379597086,0.267,Not significant
2,3631,0900500012682,17.89976133651551,-0.07497860723505902,-0.08026143492205219,0.006017890605142801,0.146,Not significant
2,3632,0900500012697,15.005001667222407,-0.07819290361317695,-0.08112470724871375,0.006343376414545871,0.107,Not significant
2,3633,090050001263A,15.821501014198784,-0.07728627536297657,-0.07819403119437429,0.006043325426629591,0.276,Not significant
2,3634,0900500012644,20.071364852809992,-0.07256729226781754,-0.07877879471965442,0.0057167638209275635,0.318,Not significant
2,3635,0900500012659,13.133208255159474,-0.08027131407633227,-0.07850317308374029,0.0063015528625935905,0.236,Not significant
2,3636,0900500012663,10.404624277456648,-0.08330109153591064,-0.07808789512871916,0.006504806899964026,0.272,Not significant
2,3637,0900500012678,12.325390304026294,-0.08116830263881977,-0.08040812498929044,0.006526591023750773,0.121,Not significant
2,3638,090050001270A,20.368946963873945,-0.07223686169289553,-0.053542756291285944,0.003867760680870035,0.87,Not significant
2,3639,0900500012733,14.894709809964048,-0.07831536998614806,-0.08532044872148903,0.006681902509007587,0.073,Not significant
2,3640,0900500012748,7.522697795071336,-0.0865011381417124,-0.08286213545912144,0.007167669026066748,0.084,Not significant
2,3641,0900500010351,8.807733619763695,-0.0850742542311496,-0.0801735921745385,0.006820708563281194,0.211,Not significant
2,3642,0900500010915,4.655975168132437,-0.0896843026215079,-0.06287432584707608,0.005638840066392467,0.771,Not significant
2,3643,0900500011400,32.0036060401172,-0.05931791614929613,0.04834755415542621,-0.0028678761634151253,0.918,Not significant
2,3644,0900500013426,5.730659025787966,-0.08849099028268859,-0.08262353295610989,0.00731143825194052,0.088,Not significant
2,3645,0900500011114,45.45454545454545,-0.04438220100143438,0.035926053482191446,-0.0015944773268349024,0.932,Not significant
2,3646,0900500011256,338.09099018733275,0.28055678249614907,-0.0014318426640357582,-0.0004017131708625869,0.999,Not significant
2,3647,0900500011330,8.95289996107435,-0.08491306377031475,-0.07971320290239871,0.006768692281387421,0.137,Not significant
2,3648,0900500010281,7.907979870596693,-0.086073326882266,-0.0735026606035277,0.0063266185328436945,0.477,Not significant
2,3649,0900500012822,15.255128879537084,-0.07791516622408028,-0.08249506451487691,0.006427616664342861,0.101,Not significant
2,3650,0900500012061,30.130034887408815,-0.061398300588176816,-0.051050657750022925,0.0031344236297600457,0.887,Not significant
2,3651,0900500010296,17.410228509249183,-0.07552217691731739,-0.08006921909155765,0.006047001729864063,0.156,Not significant
2,3652,0900500011063,9.655751469353484,-0.08413262832298518,-0.051605874612276635,0.004341737868037247,0.888,Not significant
2,3653,0900500010900,9.399477806788513,-0.08441719063540361,-0.060540979294343704,0.005110699390344635,0.801,Not significant
2,3654,0900500010474,19.863563402889245,-0.07279803178479133,-0.07497755257633783,0.005458218255598104,0.458,Not significant
2,3655,0900500010084,17.078916372202592,-0.07589006079155812,-0.08313971557668608,0.006309478069307558,0.082,Not significant
2,3656,0900500010099,20.036849378166742,-0.07260561771718443,-0.08169824558263342,0.005931751586937334,0.109,Not significant
2,3657,0900500010101,15.538077882217532,-0.07760098402645074,-0.08049645130355068,0.006246603831792806,0.135,Not significant
2,3658,0900500012625,8.150646430578977,-0.08580387368616291,-0.0846704175338007,0.007265049811024908,0.066,Not significant
2,3659,0900500012606,6.481481481481482,-0.08765728863707509,-0.08282046562445282,0.007259817460299616,0.093,Not significant
2,3660,0900500013055,14.603616133518775,-0.07863859590359343,-0.0732412221429308,0.005759586871583254,0.432,Not significant
2,3661,090050001306A,6.209037599172128,-0.08795980611147432,-0.07954202044433084,0.006996500695998267,0.212,Not significant
2,3662,0900500013089,15.738349932374277,-0.07737860503855559,-0.08179114671782922,0.00632888483752946,0.098,Not significant
2,3663,0900500012432,12.406015037593985,-0.0810787781812828,-0.07702794785077818,0.006245331897552663,0.289,Not significant
2,3664,0900500012004,16.599040944300995,-0.07642290704688423,-0.05093340129019536,0.003892478592382253,0.891,Not significant
2,3665,090050001224A,22.746659084446968,-0.06959668691830664,-0.05088018159092624,0.003541092068530283,0.89,Not significant
2,3666,0900500012080,31.657355679702047,-0.05970238719579105,-0.06505482375290826,0.003883928276650074,0.757,Not significant
2,3667,0900500011877,21.919879062736204,-0.07051473067077267,1.9844177541075938,-0.13993068346919657,0.01,Low-High
2,3668,0900500012945,13.266637668551544,-0.08012315611878229,-0.07351035350889583,0.005889881530540136,0.457,Not significant
2,3669,0900500012254,12.85583103764922,-0.08057930944985954,-0.04864903291623481,0.0039201054777936875,0.895,Not significant
2,3670,0900500012038,13.035381750465548,-0.08037993911455467,-0.08386961310919627,0.0067414343952784525,0.098,Not significant
2,3671,0900500012023,6.9930069930069925,-0.08708929861826539,-0.08155925445051224,0.0071029382659237505,0.119,Not significant
2,3672,0900500010756,859.8726114649681,0.8599350269950293,-0.060836182871473146,-0.0523151645598548,0.781,Not significant
2,3673,0900500010775,39.08045977011494,-0.051459887189552876,0.11392570795808446,-0.005862604079512973,0.06,Not significant
2,3674,090050001078A,16.359060402684563,-0.076689377729725,0.05930830422285922,-0.0045483169450562955,0.832,Not significant
2,3675,0900500011260,48.698572628043664,-0.04078008338700813,-0.0016651307309102344,6.790417005678915e-05,0.999,Not significant
2,3676,0900500011275,69.68174204355108,-0.017480696509005102,-0.04944252325408366,0.0008642897436440638,0.82,Not significant
2,3677,0900500011129,55.58739255014327,-0.033130844260183305,0.08394674508469732,-0.002781226537550415,0.09,Not significant
2,3678,0900500011171,22.320117474302496,-0.07007031212704073,-0.07493662290458349,0.005250832556670515,0.418,Not significant
2,3679,0900500011006,26.199028100570462,-0.065763229743203,-0.07720802396217079,0.00507744901784296,0.196,Not significant
2,3680,0900500011307,16.013964784456586,-0.07707256656834988,-0.06947205205188008,0.005354389356408395,0.561,Not significant
2,3681,0900500011504,59.90338164251208,-0.028338436705678014,-0.07793313138612695,0.002208503111061047,0.24,Not significant
2,3682,0900500012907,22.10917628644101,-0.0703045379604774,-0.06475127318876388,0.004552308343888693,0.736,Not significant
2,3683,0900500011665,11.854530841872615,-0.08169113770518392,-0.07566541488843442,0.00618119382717097,0.352,Not significant
2,3684,0900500013337,11.501807426881369,-0.08208279633139402,-0.06661495403939491,0.005467941705040826,0.691,Not significant
2,3685,0900500013445,4.1676313961565175,-0.09022655199515692,-0.0849796275310596,0.0076674187819602176,0.075,Not significant
2,3686,0900500013233,8.886810102899906,-0.08498644892695276,-0.08506660587946158,0.00722950875596408,0.069,Not significant
2,3687,0900500012729,9.786476868327401,-0.08398747286123576,-0.08278845394558572,0.006953193028978547,0.095,Not significant
2,3688,0900500013430,8.05523590333717,-0.08590981606037823,-0.08586712558828849,0.007376828964923261,0.053,Not significant
2,3689,0900500013074,12.135922330097088,-0.08137868494752408,-0.07708143489614246,0.006272785805716266,0.254,Not significant
2,3690,0900500012127,14.630467571644042,-0.07860878048187504,-0.0512627799497077,0.004029704615957238,0.875,Not significant
2,3691,0900500012131,26.337619245126504,-0.06560934027917904,-0.05045912138114186,0.003310589664883735,0.876,Not significant
2,3692,0900500013360,11.005291005291005,-0.08263412048880973,0.06372121916657805,-0.005265546902304863,0.745,Not significant
2,3693,0900500010012,10.10332950631458,-0.08363564459117837,-0.0859876799463085,0.007191635039209453,0.068,Not significant
2,3694,0900500010027,8.701829160007103,-0.08519184890577254,-0.08434711106303534,0.007185686341320522,0.064,Not significant
2,3695,0900500012343,9.75473801560758,-0.08402271519255089,-0.04781919064883248,0.004017898236625144,0.919,Not significant
2,3696,090050001014A,6.956912028725314,-0.08712937790850478,-0.08145637021564846,0.007097242863574308,0.137,Not significant
2,3697,0900500012983,8.29138288421676,-0.08564760210410526,-0.08353334253624492,0.007154430483970235,0.069,Not significant
2,3698,0900500010972,20.40816326530612,-0.07219331651814623,-0.06603957779172148,0.004767616142242489,0.754,Not significant
2,3699,0900500010807,21.235521235521237,-0.07127463102059718,-0.07776094008406535,0.005542382312306523,0.121,Not significant
2,3700,0900500010262,13.426156141223272,-0.07994602927319623,-0.08032848438952289,0.006421943364476284,0.135,Not significant
2,3701,0900500012574,9.96076063990341,-0.08379395085604688,-0.08443209549374672,0.00707489886047607,0.065,Not significant
2,3702,0900500012875,24.60136674259681,-0.06753724821211711,-0.07286975379197204,0.004921422649004277,0.503,Not significant
2,3703,0900500013125,5.612413337735226,-0.08862228846639197,-0.059515648830608364,0.005274412998930659,0.834,Not significant
2,3704,0900500013356,52.00729927007299,-0.03710612448310568,-0.07582457767154943,0.0028135562179594283,0.208,Not significant
2,3705,0900500012998,9.265108443882921,-0.08456639229835994,-0.08735378632330315,0.0073871945629635635,0.079,Not significant
2,3706,0900500013229,5.925507900677201,-0.08827463310475755,-0.08509794996185639,0.007511990310849891,0.061,Not significant
2,3707,0900500013267,5.703914959813327,-0.08852068648003109,-0.08513871329173571,0.007536537346610992,0.057,Not significant
2,3708,0900500013286,3.708281829419036,-0.0907366066516165,-0.08379616042922891,0.007603379247782695,0.078,Not significant
2,3709,0900500012610,8.872508872508872,-0.08500232879205387,-0.08259807584581809,0.007021028800637232,0.095,Not significant
2,3710,0900500013017,9.87012987012987,-0.08389458586147386,-0.08494197621294607,0.007126171916640274,0.068,Not significant
2,3711,0900500010563,12.806236080178172,-0.08063437892380004,-0.06367925697193372,0.005134737336260939,0.752,Not significant
2,3712,0900500011167,11.59972299168975,-0.08197407240219759,-0.07320923138216817,0.00600125883383109,0.439,Not significant
2,3713,0900500011152,15.497553017944536,-0.07764598220914554,-0.07250784828474618,0.005629943097940826,0.532,Not significant
2,3714,0900500011650,15.534728463217355,-0.07760470316951995,1.3061529727518708,-0.10136361374439501,0.019,Low-High
2,3715,0900500011896,14.935354436023184,-0.07827023882181768,1.9936437880551994,-0.15604297541671372,0.013,Low-High
2,3716,0900500012042,16.64816870144284,-0.07636835634496546,-0.03570557432572,0.002726776023608235,0.948,Not significant
2,3717,0900500012165,177.4033696729435,0.10213173322291683,-0.07473436608534012,-0.00763275033961176,0.19,Not significant
2,3718,0900500010987,18.75225387666787,-0.07403201269968145,-0.07182032580698598,0.005317003272238045,0.549,Not significant
2,3719,0901600010020,20.48611111111111,-0.07210676443539102,1.6730017898431189,-0.12063474596020532,0.008,Low-High
2,3720,0901600010798,572.8155339805825,0.5411912866221045,0.017181707817022857,0.00929859055985967,0.965,Not significant
2,3721,0901600010891,55.394990366088635,-0.03334448467044224,0.10118619675121251,-0.0033740015864311577,0.062,Not significant
2,3722,090160001068A,93.26660600545952,0.008707571766018381,0.1279409965612174,0.0011140554093727116,0.061,Not significant
2,3724,0901600010694,58.498896247240616,-0.029897955572487086,-0.027847048960609147,0.0008325698326491649,0.95,Not significant
2,3725,0901600010016,2857.142857142857,3.077673026078328,-0.060660709004008675,-0.18669382784442426,0.804,Not significant
2,3726,0901600010800,5.431093007467752,-0.08882362375755284,-0.02618263022685241,0.002325636096253069,0.969,Not significant
2,3727,0901600010073,38.30141548709409,-0.05232492591586582,0.09928830896659228,-0.005195253410988538,0.068,Not significant
2,3728,0901600010213,27.435387673956264,-0.06439039518946064,0.08161252968274943,-0.0052550630386838226,0.097,Not significant
2,3729,0901600010228,17000.0,18.781682921181613,0.2141961535542579,4.0229642389928,0.041,High-High
2,3730,0901600010054,67.20741599073001,-0.02022814990012124,0.19631723711552881,-0.003971134500350562,0.05,Not significant
2,3731,0901600010069,19.017094017094017,-0.07373793830270055,0.14727498997350708,-0.010859754124197306,0.047,Low-High
2,3732,0901600010092,6.7014147431124345,-0.08741307814395989,1.2664849326846856,-0.1107073463889142,0.012,Low-High
2,3733,0901600010232,1071.4285714285713,1.0948434938683171,2.0227265323115398,2.2145689837761116,0.016,High-High
2,3734,0901600010711,56.25252934034804,-0.03239228665265996,0.004212145468733973,-0.00013644102344593362,0.997,Not significant
2,3735,0901600010853,5.314799672935405,-0.0889527540780944,-0.059862617684359194,0.005324944709347789,0.839,Not significant
2,3736,0901600011029,52.48169243287225,-0.036579365650182626,0.06947595406430088,-0.0025413863276133536,0.622,Not significant
2,3737,090160001118A,28.708133971291865,-0.06297715738005458,-0.0443787133457891,0.0027948452147020884,0.9,Not significant
2,3738,0901600011211,21.248085758039817,-0.07126067956906472,-0.048082927560065415,0.0034264220936003724,0.892,Not significant
2,3739,0901600011226,20.566037735849054,-0.07201801514710447,-0.02993703778792214,0.0021560060408700155,0.959,Not significant
2,3740,0901600011071,8500.0,9.34341434786196,-0.030841063414221014,-0.2881608344077532,0.954,Not significant
2,3741,0901600011090,22.74975272007913,-0.06959325179313436,1.8703626450526092,-0.130164618501619,0.014,Low-High
2,3742,0901600011103,26.45839974497928,-0.06547522747964607,-0.011675131185609667,0.0007644318702325028,0.987,Not significant
2,3743,0901600011118,21.974417841915383,-0.07045417165364866,-0.020480763104963263,0.001442955199394796,0.981,Not significant
2,3744,0901600011137,23.39181286549708,-0.06888031813517209,-0.06343285385116601,0.004369275153490191,0.765,Not significant
2,3745,0901600011156,37.34870317002881,-0.05338280294193309,-0.04718491087516297,0.0025188627990815004,0.887,Not significant
2,3746,0901600011230,10.263929618768328,-0.08345731670950263,-0.07301490266092336,0.006093627855886187,0.528,Not significant
2,3747,090160001125A,7.9113924050632916,-0.08606953765675876,-0.0749178218870899,0.00644814229207323,0.419,Not significant
2,3748,0901600011283,24.146981627296586,-0.06804179041846092,1.2702014214456674,-0.08642677890723725,0.016,Low-High
2,3749,0901600011298,13.470173187940988,-0.0798971534251108,-0.07846230081374386,0.00626891448620289,0.226,Not significant
2,3750,0901600010088,1112.3595505617975,1.1402926202245913,-0.06609949029004468,-0.07537276097834499,0.684,Not significant
2,3751,0901600010815,11.20346946151066,-0.08241406619525125,-0.05614895766890209,0.004627463914119258,0.876,Not significant
2,3752,0901600010868,41.666666666666664,-0.048588203039455616,-0.05156417494340665,0.002505410601712252,0.891,Not significant
2,3754,090160001100A,769.2307692307693,0.7592877268789309,-0.027816177891400017,-0.021120482481621093,0.979,Not significant
2,3755,0901600010143,19.718718283311585,-0.07295886556598057,-0.06277921627319615,0.004580300400413737,0.767,Not significant
2,3756,0901600010887,140.54054054054055,0.061199817725974354,0.04238056783405182,0.002593683026567263,0.933,Not significant
2,3757,0901600010425,11.38450238707308,-0.08221305003383103,-0.05198935626517414,0.004274203547855428,0.905,Not significant
2,3758,0901600010764,100.2865329512894,0.016502390104821435,-0.010707889570380944,-0.00017670577088977515,0.988,Not significant
2,3759,0901600010139,21.595680863827237,-0.07087471533810082,-0.05122170158102205,0.0036303235186880864,0.877,Not significant
2,3760,0901600010158,70.22332506203473,-0.016879331099217125,-0.05977925717094009,0.0010090338746535474,0.839,Not significant
2,3762,0901600010478,20.78337330135891,-0.07177668909559667,0.1524136712992122,-0.010939748698762021,0.052,Not significant
2,3763,0901600010548,30.454318522216678,-0.06103822105414752,0.31051218570278327,-0.018953111430932992,0.03,Low-High
2,3764,0901600010482,26.86325994748536,-0.06502567697071654,0.0507688432729322,-0.0033012784028426246,0.875,Not significant
2,3765,0901600010533,2000.0,2.1259148506175225,-0.011845299954085764,-0.02518209908240998,0.983,Not significant
2,3766,0901600010035,5000.0,5.457068464730341,-0.07108035742591977,-0.38789037697074785,0.55,Not significant
2,3767,0901600010270,22.91525423728813,-0.06940948146740372,-0.06416912457649014,0.004453945663071413,0.757,Not significant
2,3768,0901600010336,18.18181818181818,-0.07466541567518728,3.934535593622732,-0.29377373558666103,0.004,Low-High
2,3769,0901600010340,48.991354466858795,-0.04045498296016959,0.07244609113185824,-0.0029308053822702184,0.466,Not significant
2,3770,090160001036A,20.53325160894882,-0.07205442035547664,0.06202290524249611,-0.00446902448601071,0.769,Not significant
2,3771,0901600010374,18.26012058570198,-0.07457846989662352,-0.07680427850105565,0.005727945572122867,0.33,Not significant
2,3772,0901600010389,19.115120274914087,-0.07362909146169544,-0.07576212184657205,0.0055782961987733675,0.344,Not significant
2,3773,090160001043A,14.879107253564786,-0.07833269482352767,-0.04882040978825422,0.003824234261102881,0.911,Not significant
2,3774,0901600010444,22.944866292505775,-0.06937660069915053,0.0822491758872724,-0.005706168233365497,0.095,Not significant
2,3775,0901600010603,47.63705103969754,-0.04195878054550079,-0.044804873086842834,0.0018799578372198531,0.894,Not significant
2,3776,0901600010641,77.93384685092886,-0.008317686924627024,-0.029045817717184303,0.00024159401824132382,0.969,Not significant
2,3777,0901600010707,31.518624641833807,-0.05985643199518586,0.1424938641007618,-0.008529174286278505,0.053,Not significant
2,3778,0901600010745,15.322874863188616,-0.07783994213131946,0.12904899121681374,-0.010045166008421934,0.073,Not significant
2,3779,090160001075A,103.7593984962406,0.020358606308618795,0.07066937023625676,0.0014387298867179741,0.576,Not significant
2,3780,0901600010961,22.80501710376283,-0.0695318870759878,-0.02247345208257905,0.0015626215324135093,0.972,Not significant
2,3781,0901600010976,64.1025641025641,-0.023675729429637533,0.14832272520821765,-0.0035116487102962394,0.055,Not significant
2,3782,0901600010980,27.329192546583847,-0.06450831261690991,1.8281545578747855,-0.11793116573141539,0.012,Low-High
2,3783,0901600010995,56.644880174291934,-0.0319566263531625,1.2806203375516072,-0.04092430562739755,0.012,Low-High
2,3784,0901600011207,16.342225426580146,-0.07670807102688959,-0.028851045626578243,0.0022131080571235963,0.953,Not significant
2,3785,0901600010783,29.87238979118329,-0.061684385719326836,0.06545287596327728,-0.004037420447358052,0.732,Not significant
2,3786,0901600011122,26.23762376237624,-0.06572037371709853,0.11182072332447401,-0.007348899726200709,0.057,Not significant
2,3787,0901600010675,45.55895865237366,-0.04426626220099888,-0.03317843087215374,0.0014686851204044732,0.947,Not significant
2,3788,0901600010779,75.30120481927712,-0.011240931930761026,0.05291817523407424,-0.0005948496057063124,0.888,Not significant
2,3789,0901600010834,86.48648648648648,0.0011790318861037488,-0.024212246729389122,-2.854701092816098e-05,0.967,Not significant
2,3790,0901600011349,8.74654318605698,-0.08514219914261334,-0.07215322267079795,0.006143284053418402,0.5,Not significant
2,3791,0901600010872,46.221570066030814,-0.043530508732546734,-0.021308827095665894,0.0009275840839682127,0.977,Not significant
2,3792,0901600010919,45.70637119113573,-0.044102577597244605,-0.0655444987751946,0.0028906813433055237,0.729,Not significant
2,3793,0901600010251,22.276621787025704,-0.0701186090656642,-0.07532946056617501,0.005281996996566993,0.335,Not significant
2,3794,090160001132A,14.8840429214261,-0.07832721433424958,-0.07270364126655278,0.005694673692365672,0.491,Not significant
2,3795,090160001004A,29.505915100904662,-0.06209131354899436,1.0457609789501148,-0.06493267284129486,0.02,Low-High
2,3796,0901600010957,72.28915662650601,-0.014585463671838175,-0.06093859585196553,0.0008888176760116717,0.827,Not significant
2,3797,0901600010410,75.0,-0.01157538510486875,0.32956881191562554,-0.0038148859164774222,0.024,Low-High
2,3798,0901600010162,26.503567787971456,-0.06542507358309414,-0.04166669095274157,0.00272604632154716,0.924,Not significant
2,3799,0901600010459,31.119246861924687,-0.060299894906832734,-0.05572653135518576,0.0033603039842400205,0.876,Not significant
2,3800,090160001050A,24.616031979802234,-0.06752096415947756,-0.05137830051485872,0.003469112387638643,0.878,Not significant
2,3801,0901600010552,73.66771159874608,-0.013054737545827944,-0.04741286418738827,0.0006189624982623388,0.91,Not significant
2,3802,0901600010393,27.52635998880284,-0.06428938093766552,-0.07003535892074193,0.004502529868761709,0.573,Not significant
2,3803,090160001082A,11.296882060551289,-0.08231034228961864,-0.08502843262574059,0.006998719393774485,0.068,Not significant
2,3804,0901600010317,8.154943934760448,-0.08579910180396763,4.931066659300653,-0.4230810903034873,0.003,Low-High
2,3805,0901600010105,16.96237083252096,-0.07601947115679784,1.2658680487814873,-0.09623061962265624,0.014,Low-High
2,3806,090160001011A,27.969273192830407,-0.06379757696422061,1.311158498421087,-0.08364873521531123,0.013,Low-High
2,3807,0901600010247,21.157684630738522,-0.07136105958304124,0.05639766514499753,-0.004024597142756577,0.84,Not significant
2,3808,0901600010321,15.544041450777202,-0.07759436217213056,3.0811624976005976,-0.23908083875000713,0.005,Low-High
2,3809,0901600010586,1000.0,1.0155303125799169,-0.04867796379341145,-0.04943394778687701,0.905,Not significant
2,3810,0901600010590,95.9079283887468,0.01164045530039321,-0.06242429765872455,-0.0007266472465548236,0.798,Not significant
2,3811,0901600011052,35.37735849056604,-0.05557175359315125,-0.07156744734008892,0.00397712854887425,0.526,Not significant
2,3812,0901600010923,19.723865877712033,-0.07295314975675023,-0.06367548654059499,0.004645327305429959,0.778,Not significant
2,3813,0901600011048,13.863216266173753,-0.07946072446825843,-0.07363709372653873,0.005851256815247815,0.472,Not significant
2,3814,0901600011067,15.64945226917058,-0.07747731562924466,1.5055692165882515,-0.11664746139528258,0.012,Low-High
2,3815,0901600011014,279.2452830188679,0.21521541912639697,1.0724143365056351,0.23080010090821718,0.02,High-High
2,3816,0901600011194,115.33149171270718,0.03320807968891314,-0.043139752315866996,-0.0014325883326652864,0.934,Not significant
2,3818,0901600011141,33.21878579610539,-0.05796859933731053,0.08474031267599373,-0.004912277233233097,0.056,Not significant
2,3819,0901600011160,31.40613847251963,-0.0599813348983354,0.04424506172388024,-0.002653877864857582,0.93,Not significant
2,3820,0901600011175,111.35490948985188,0.028792544274419404,-0.044866960013030144,-0.0012918339326337754,0.917,Not significant
2,3822,0901600011353,3.757044458359424,-0.09068246138240701,-0.02721488220011342,0.0024679125041385413,0.954,Not significant
2,3823,0901600011368,5.8108821975699945,-0.08840191171314948,-0.03426474491013489,0.003029068954419333,0.95,Not significant
2,3824,0901600010181,14.513627298914248,-0.07873851811413432,-0.05811976119353541,0.004576263869526349,0.815,Not significant
2,3825,0901600011315,18.34862385321101,-0.07448019723681569,-0.07391423142425581,0.005505146535086213,0.481,Not significant
2,3826,0901600011334,9.469696969696969,-0.08433922036263611,-0.07440728881041546,0.006275452727567937,0.429,Not significant
2,3827,0901600010177,31.25441945976524,-0.0601498013442242,-0.06051938016218924,0.0036402286942312655,0.807,Not significant
2,3828,0901600010209,51.20248254460822,-0.03799978053101581,0.22772410902774617,-0.008653466164675471,0.039,Low-High
2,3829,0901600010285,19.88227599738391,-0.07277725360919787,-0.05579578939814247,0.004060664315354009,0.868,Not significant
2,3830,0901600010637,52.752293577981646,-0.036278894322677877,-0.02068659313418233,0.0007504867262112346,0.972,Not significant
2,3831,0901600010656,46.13057726241492,-0.04363154573475452,-0.02944288370378019,0.0012846385268845439,0.973,Not significant
2,3832,0901600010660,33.151904997525975,-0.058042862741944715,-0.034592357748566574,0.0020078394727202973,0.939,Not significant
2,3833,0901600010942,38.2830626450116,-0.05234530462794326,-0.0539646651509662,0.0028247968364722795,0.878,Not significant
2,3834,0901600010124,26.837806301050172,-0.06505394030615486,0.7208380463806199,-0.04689335523965013,0.025,Low-High
2,3835,0901600011033,14.164305949008497,-0.07912639913987608,-0.0729221573959233,0.0057700677322506935,0.472,Not significant
2,3836,0901600010904,7.166123778501629,-0.08689707241637737,-0.07291912100804473,0.006336458138774648,0.506,Not significant
2,3837,0901600010463,23.5467255334805,-0.06870830550389716,-0.06894718122449384,0.0047372439912050845,0.611,Not significant
2,3838,0901600010571,35.4972817396866,-0.055438592671576546,0.08859048110213519,-0.004911331596400273,0.067,Not significant
2,3839,0901600010622,28.595636517686927,-0.0631020728131061,0.3017023107838384,-0.01903804118296414,0.022,Low-High
2,3840,0901600010849,200.9626955475331,0.12829164440065038,0.04848275966645428,0.006219932962690948,0.881,Not significant
2,3841,0901600010730,18.042511122095895,-0.07482010008034239,-0.03786158772641885,0.0028328077828913213,0.929,Not significant
2,3842,0901600010618,18.612521150592215,-0.07418716975817369,0.41005342299415837,-0.03042070290158783,0.025,Low-High
2,3843,0901600010514,221.12211221122112,0.15067634895986726,0.29537404981689513,0.04450588340389971,0.031,High-High
2,3844,0901600010497,22.44154623428504,-0.06993547950948302,-0.05385033469581884,0.003766048978698241,0.862,Not significant
2,3845,090160001029A,16.151609777107783,-0.07691972769677169,0.13607519887854994,-0.010466867244022113,0.069,Not significant
2,3846,0901600011279,10.515773660490735,-0.08317767297957716,-0.07087125174302078,0.005894905801134271,0.585,Not significant
2,3847,0901600011264,36.9290573372206,-0.05384877118613524,-0.08236602102307272,0.004435309019583848,0.111,Not significant
2,3848,0901600011300,11.15485564304462,-0.0824680462276109,-0.05588133052612931,0.0046084241490892365,0.818,Not significant
2,3849,0901300010885,14.642549526270455,-0.07859536486626861,-0.07732486292655721,0.006077375814946971,0.47,Not significant
2,3850,090130001057A,85.50185873605949,8.5716456306863e-05,-0.07386165205575687,-6.331159071190001e-06,0.454,Not significant
2,3851,0901300010565,39.02273498473024,-0.051523983898705585,-0.07122980511244138,0.0036700433317213665,0.499,Not significant
2,3852,0901300010029,24.23112767940354,-0.06794835594326445,-0.04956501452074047,0.0033678612489883445,0.897,Not significant
2,3853,0901300011243,391.30434782608694,0.33964407203528707,-0.04969399333071983,-0.016878270250540083,0.882,Not significant
2,3854,0901300011224,21.102689849903403,-0.07142212493735334,-0.03380808738512445,0.0024146454411133177,0.938,Not significant
2,3855,0901300011205,8.595988538681949,-0.08530937269518829,-0.07479318902796389,0.006380560037848239,0.429,Not significant
2,3856,0901300011455,8.356545961002785,-0.0855752460311911,-0.07113471506298502,0.0060873707428736185,0.599,Not significant
2,3857,090130001018A,8.143322475570033,-0.08581200609256212,-0.07995177217065656,0.006860821960619519,0.222,Not significant
2,3858,0901300010086,39.85669502910881,-0.050597967560086464,-0.06939977530813947,0.0035114875797185303,0.606,Not significant
2,3859,0901300010160,17.309594460929773,-0.07563391940857139,0.15841488332420683,-0.0119815385184613,0.042,Low-High
2,3860,0901300010495,24.253731343283583,-0.06792325718438905,-0.07941239026124633,0.005393948207341706,0.166,Not significant
2,3861,090130001139A,22.105875509016872,-0.07030820309269267,0.023394252083904336,-0.0016448078267167947,0.974,Not significant
2,3862,0901300010033,11.70177198261451,-0.08186075878055238,-0.06842755184533597,0.00560153131555479,0.654,Not significant
2,3863,0901300010315,22.00488997555012,-0.07042033586761963,0.2510177578890894,-0.017676754819286503,0.034,Low-High
2,3864,090130001032A,2076.9230769230767,2.2113290458511843,-0.06676239524289455,-0.14763362377120967,0.695,Not significant
2,3865,0901300011385,16.44100580270793,-0.07659838682457575,-0.005574814787652249,0.00042702181957995206,0.989,Not significant
2,3866,0901300010688,11.331444759206798,-0.0822719644034387,-0.04140945112072232,0.0034068368885700018,0.934,Not significant
2,3867,090130001107A,31.970488779588074,-0.05935468904332983,-0.07048789333154931,0.004183786990013511,0.573,Not significant
2,3868,0901300011050,21.414821944177092,-0.07107553828604653,-0.07309135400664861,0.005195007330078534,0.489,Not significant
2,3869,0901300011065,27.529761904761905,-0.06428560350278487,-0.06805775825135137,0.004375134062234759,0.636,Not significant
2,3870,090130001121A,7.626178591236827,-0.08638623466566642,0.13411097354896687,-0.011585342032242034,0.028,Low-High
2,3871,0901300011239,20.99056603773585,-0.07154662548473002,-0.06731557376698868,0.004816202145596456,0.694,Not significant
2,3872,0901300010194,5.221932114882506,-0.08905587277864165,-0.07305875868408288,0.006506311518735165,0.501,Not significant
2,3873,0901300010175,17.667844522968196,-0.07523612407893292,-0.07783320905239129,0.005855868973727235,0.18,Not significant
2,3874,0901300010211,22.177866489243733,-0.07022826542137059,0.2685224720218284,-0.01885786743675152,0.031,Low-High
2,3875,0901300010226,71.98748043818466,-0.014920440246844325,-0.06625863972354402,0.0009886080748323243,0.689,Not significant
2,3876,0901300010230,51.94805194805194,-0.03717191179339799,0.32128252890568654,-0.011942685825242019,0.026,Low-High
2,3877,0901300011578,0.0,-0.09485422545768919,-0.08412280339265368,0.007979403359139634,0.116,Not significant
2,3878,0901300011262,10.381781647689216,-0.08332645563881252,0.07293167227922454,-0.006077137754839216,0.513,Not significant
2,3879,0901300010207,17.373175816539263,-0.07556331965439514,-0.07923165164526555,0.005987006620016883,0.194,Not significant
2,3880,0901300010705,1.095290251916758,-0.09363803209729753,-0.0800380518340827,0.007494605666644999,0.186,Not significant
2,3881,0901300011135,19.374068554396423,-0.0733415592960068,-0.0840952709124217,0.0061676782981371315,0.081,Not significant
2,3882,0901300011046,19.074868860276585,-0.07367378601014307,-0.07004105714908417,0.005160189856325829,0.583,Not significant
2,3883,0901300011510,9.433962264150944,-0.08437889962714575,-0.08323812927859574,0.007023541755550011,0.257,Not significant
2,3884,0901300011474,7.628294036061026,-0.08638388570844256,-0.08416577223658776,0.007270566449448205,0.202,Not significant
2,3885,0901300011402,13.325069724202043,-0.08005827406766222,-0.08076404044689192,0.006465829684909031,0.159,Not significant
2,3886,0901300010461,12.959292575087664,-0.08046442735840631,-0.08059245440657763,0.006484825693233738,0.103,Not significant
2,3887,0901300011328,8.392279103225034,-0.08553556850257202,-0.08409529168539301,0.007193138582699709,0.085,Not significant
2,3888,0901300010870,8.438818565400846,-0.0854838918033634,-0.08989359925944786,0.0076844547129095485,0.037,Low-Low
2,3889,0901300010866,4.174397031539889,-0.09021903953823723,-0.08549057809783482,0.0077128778455553175,0.062,Not significant
2,3890,0901300010813,8.851674641148325,-0.08502546280041853,-0.08581676928557212,0.007296610524542512,0.067,Not significant
2,3891,0901300010404,14.321819713563604,-0.078951498291186,0.3091300392610856,-0.02440627976647586,0.031,Low-High
2,3892,0901300010283,16.894895963009066,-0.07609439420860997,-0.08063930818958123,0.006136199306087585,0.138,Not significant
2,3893,0901300011296,9.722222222222223,-0.08405882022676803,-0.08666074283515086,0.007284599802698122,0.068,Not significant
2,3894,090130001025A,21.116575065085332,-0.07140670700910799,-0.058310375369769026,0.004163751889620204,0.829,Not significant
2,3895,0901300010442,10.986495765621424,-0.08265499043232753,-0.07310560322713837,0.006042542935288654,0.488,Not significant
2,3896,0901300010334,24.032921810699587,-0.06816844067522163,0.2590621615771703,-0.017659863592668013,0.034,Low-High
2,3897,0901300011309,14.87603305785124,-0.0783361083629149,-0.07783173513351899,0.006097035237493034,0.286,Not significant
2,3898,0901300010832,18.567639257294427,-0.0742370059185294,-0.07966197813542364,0.005913866742321205,0.225,Not significant
2,3899,0901300010724,5.353319057815845,-0.08890998274870843,-0.08292307355438916,0.00737268903919062,0.166,Not significant
2,3900,0901300011489,6.17283950617284,-0.08799999991424719,-0.08337806497161977,0.0073372697103526365,0.14,Not significant
2,3901,0901300010809,6.841505131128848,-0.08725752394317879,-0.08524522323219073,0.007438287107224504,0.082,Not significant
2,3902,0901300011440,4.388852315119596,-0.08998091170724985,-0.08566961295876145,0.007708629879636582,0.057,Not significant
2,3903,090130001064A,12.795905310300704,-0.080645850050938,-0.07954576955364258,0.006415036203609528,0.214,Not significant
2,3904,0901300011031,13.564248516410318,-0.07979269363496765,-0.08226832718466846,0.006564411426907531,0.096,Not significant
2,3905,090130001089A,6.920415224913495,-0.08716990339514522,-0.07969256967229983,0.006946793599645256,0.148,Not significant
2,3906,0901300010654,18.523489932885905,-0.07428602864571743,-0.08436050622517999,0.006266806982010944,0.076,Not significant
2,3907,090130001146A,3.3494603647190173,-0.0911350364579354,-0.0797613023654149,0.007269049199004496,0.172,Not significant
2,3908,0901300011173,17.10595217315413,-0.07586004065620806,-0.07730169306287947,0.005864109578543754,0.253,Not significant
2,3909,0901300011525,16.507384882710685,-0.07652468052049154,-0.08074688944035241,0.006179129917446419,0.141,Not significant
2,3910,0901300011417,11.301989150090415,-0.08230467145636002,-0.077306018515489,0.006362646455516607,0.264,Not significant
2,3911,0901300010423,48.98828541001065,-0.04045839079344013,-0.07961382235700704,0.0032210471374793112,0.141,Not significant
2,3912,0901300011027,15.772870662460567,-0.07734027375362602,-0.07406320117918723,0.005728068254268218,0.446,Not significant
2,3913,090130001114A,7.122507122507122,-0.08694550367679457,-0.07187300121441324,0.006249034291350027,0.478,Not significant
2,3914,0901300011544,28.037383177570092,-0.06372194869027968,-0.08647500932475817,0.005510356107183697,0.066,Not significant
2,3915,0901300010090,7.845934379457916,-0.08614222123628144,-0.049817327549303424,0.004291375251152394,0.899,Not significant
2,3916,0901300010052,183.1683168316832,0.1085330414105852,0.14241051577203515,0.015456246405589088,0.062,Not significant
2,3917,0901300011366,15.141087405368204,-0.07804179611369241,-0.07915134434011382,0.006177113077115825,0.14,Not significant
2,3918,090130001071A,7.235890014471779,-0.08681960506667903,-0.07569167770484961,0.006571521565169398,0.48,Not significant
2,3919,0901300010758,10.183299389002036,-0.08354684726993354,-0.08066498846322408,0.006739305471167933,0.091,Not significant
2,3920,0901300010508,16.012927868370795,-0.07707371794393879,-0.07749309114441634,0.005972680649468686,0.223,Not significant
2,3921,0901300011192,8.690317963398426,-0.08520463076050112,-0.0818083221222946,0.0069704478795662465,0.091,Not significant
2,3922,0901300010550,18.34282099936749,-0.07448664063600002,-0.0762698489558158,0.005681084830533853,0.295,Not significant
2,3923,0901300011169,7.82122905027933,-0.08616965365180848,-0.08141541140374567,0.007015537802580263,0.11,Not significant
2,3924,0901300011154,16.75603217158177,-0.07624858641550411,-0.07982497821639611,0.006086541749648612,0.167,Not significant
2,3925,0901300011188,18.61745183746155,-0.07418169479971207,-0.07987207183918871,0.0059250456561953735,0.106,Not significant
2,3926,0901300010847,15.285599356395815,-0.0778813322777097,-0.0805569967852397,0.006273886233925645,0.138,Not significant
2,3927,0901300010669,15.786749482401657,-0.07732486292655721,-0.08079436032248093,0.0062474128371747106,0.179,Not significant
2,3928,0901300010851,8.058326937835764,-0.08590638382346444,-0.08282957298304564,0.007115589088615179,0.088,Not significant
2,3929,0901300011563,3.095975232198142,-0.09141650242970899,-0.08534426128193226,0.007801873868841479,0.081,Not significant
2,3930,0901300010777,12.375059495478345,-0.0811131507366146,-0.08128213986181315,0.00659305046280584,0.11,Not significant
2,3931,0901300010601,10.461327388098097,-0.08323812927859574,-0.08332153100269621,0.006935528369292949,0.078,Not significant
2,3932,0901300010762,9.15032679738562,-0.08469384406388104,-0.0825587321957892,0.006992216390701886,0.086,Not significant
2,3933,0901300010438,18.217306441119064,-0.07462601006077771,-0.08193836135324371,0.006114732978710805,0.106,Not significant
2,3934,0901300011436,8.172043010752688,-0.08578011525437113,-0.08218029599271286,0.007049435261893242,0.084,Not significant
2,3935,0901300010743,10.264802142219576,-0.08345634787295328,-0.08282236468113197,0.0069120520784891485,0.073,Not significant
2,3936,0901300010014,18.12090756814375,-0.07473304987881374,-0.05086554485606826,0.0038013373008415866,0.866,Not significant
2,3937,0901300010067,17.14555989121438,-0.07581606085848702,-0.078171299254735,0.005926639981683989,0.156,Not significant
2,3938,0901300010122,19.48051948051948,-0.07322335783358,-0.0626500083552984,0.0045874439800767915,0.767,Not significant
2,3939,0901300010137,21.84466019417476,-0.07059825253939198,-0.07077645314600015,0.004996693913043762,0.538,Not significant
2,3940,0901300010245,32.37095363079615,-0.05891001906452085,-0.05556864967011541,0.003273550211456179,0.871,Not significant
2,3941,0901300010279,15.317286652078774,-0.07784614719453112,-0.0819559501236934,0.006379954956796687,0.093,Not significant
2,3942,0901300010298,11.920914905989532,-0.0816174258668164,-0.07438268698560119,0.006070923440821914,0.364,Not significant
2,3943,0901300010300,32.95454545454545,-0.05826200772690446,-0.07876498793609843,0.004589006335742503,0.142,Not significant
2,3944,0901300010353,17.10914454277286,-0.07585649589834374,-0.08103338752338272,0.006146908828296381,0.126,Not significant
2,3945,0901300010368,11.507970335009803,-0.08207595313349887,-0.08297649623613677,0.006810375016259107,0.094,Not significant
2,3946,0901300010372,21.74764890282132,-0.0707059723773259,-0.08182279485395556,0.005785360272779386,0.101,Not significant
2,3947,0901300010387,14.086663604348493,-0.07921261199888355,-0.07334494491160813,0.005809844663362703,0.444,Not significant
2,3948,0901300010391,16.31516116195782,-0.07673812276785957,-0.07502810715862325,0.0057575160981785545,0.349,Not significant
2,3949,0901300010419,10.711894666369114,-0.08295990324706543,-0.07082430351864255,0.005875577367447381,0.535,Not significant
2,3950,0901300010480,12.586998371094328,-0.08087781708612153,-0.07516490755849851,0.006079173644811477,0.374,Not significant
2,3951,0901300010527,14.411901441190144,-0.07885147293366977,-0.08065762884522171,0.006359972837782982,0.135,Not significant
2,3952,0901300010599,30.3975058456742,-0.06110130497174482,-0.08056119163154177,0.00492239393876601,0.135,Not significant
2,3953,0901300010692,9.52214554031624,-0.0842809822807783,-0.08228858691838495,0.0069353629359786865,0.085,Not significant
2,3954,0901300010739,6.690140845070423,-0.08742559650602916,-0.08194307227327383,0.007163921973027623,0.109,Not significant
2,3955,0901300010828,11.939429237041352,-0.08159686783988435,-0.07414878384478635,0.006050308515871183,0.442,Not significant
2,3956,0901300010917,9.677419354838706,-0.08410856863797044,-0.0789283092417623,0.006638547115339721,0.209,Not significant
2,3957,0901300011084,10.847457627118644,-0.08280937623151856,-0.04067808643785735,0.0033685269642107617,0.931,Not significant
2,3958,0901300011099,8.127208480565372,-0.0858298988234613,-0.03260970887687844,0.0027988880135650044,0.947,Not significant
2,3959,0901300011101,8.36645053336122,-0.08556424814718842,-0.08281863287980093,0.007086314054938185,0.092,Not significant
2,3960,0901300011116,12.289325842696629,-0.08120834805905289,-0.0813776057683439,0.006608540933448061,0.102,Not significant
2,3961,0901300011120,10.004001600640256,-0.0837459367618348,-0.07373506494081251,0.006175012085663067,0.453,Not significant
2,3962,0901300011277,1654.5454545454545,1.742327464749986,-0.06325760572818813,-0.11021546381454822,0.743,Not significant
2,3963,0901300011313,18.095825622044003,-0.07476090048394679,-0.08149576509727471,0.0060926967843004595,0.112,Not significant
2,3964,0901300011332,13.445679455001793,-0.0799243508874453,-0.07930487228214633,0.0063383904393622984,0.181,Not significant
2,3965,0901300011347,14.37908496732026,-0.07888791183884782,-0.07441498147119292,0.005870442497788961,0.395,Not significant
2,3966,0901300011370,18.219084491004327,-0.07462403574167725,-0.07926487033599071,0.005915064517012384,0.17,Not significant
2,3967,0901300011421,7.217321571772253,-0.08684022317834802,-0.07340018329296794,0.006374088298492987,0.558,Not significant
2,3968,0901300011493,7.3839662447257375,-0.08665518351015412,-0.08960475754298092,0.007764716708269878,0.045,Low-Low
2,3969,0901300011506,7.142857142857143,-0.08692290732884916,-0.07834567155745246,0.0068100335484048945,0.236,Not significant
2,3970,0901300011559,1.6161616161616161,-0.09305966458813347,-0.08571981864414766,0.007977057571580012,0.065,Not significant
2,3971,0900400010119,9.696783130675696,-0.08408706740068302,-0.07651123360335112,0.006433605256914388,0.4,Not significant
2,3972,0900400200388,12.022630834512022,-0.0815044820725129,-0.07995754577329411,0.00651689835604158,0.353,Not significant
2,3973,090040001002A,11.002962336013542,-0.08263670620716963,-0.0838117462721284,0.006925926653399719,0.08,Not significant
2,3974,0900400010053,8.515250038705682,-0.08539902347718628,-0.08109284201404864,0.006925249518989498,0.112,Not significant
2,3975,0900400010180,9.422304603027495,-0.0843918441138069,-0.08220053987649982,0.006937055147328341,0.117,Not significant
2,3976,090040001034A,8.013737836290783,-0.08595589487238497,-0.07218172077928867,0.006204444403012383,0.537,Not significant
2,3977,090040001041A,10.031347962382444,-0.08371557178458469,-0.07293855577525285,0.0061060929018671144,0.503,Not significant
2,3978,0900400010104,19.64061847053907,-0.0730455863905068,-0.07042505896644058,0.005144239728789671,0.569,Not significant
2,3979,0900400010072,16.146016146016144,-0.07692593877824733,-0.0731750839741321,0.005629062029887192,0.489,Not significant
2,3980,090040001027A,13.324595893403233,-0.08005880020205487,-0.07833795535635597,0.006271642716111997,0.199,Not significant
2,3981,0900400010354,43.68856295833984,-0.04634312065966616,-0.07845480554509138,0.0036358405197068153,0.143,Not significant
2,3982,0900400200246,13.415784508961323,-0.07995754577329411,-0.08137146818357532,0.006506262891928369,0.19,Not significant
2,3983,0900400200316,12.262212500828529,-0.08123845429463776,-0.07995754577329411,0.00649562742781516,0.355,Not significant
2,3984,0900400010301,17.878426698450536,-0.075002296887291,-0.0705568878146537,0.005291928647317942,0.593,Not significant
2,3985,0900400010227,8.45832863426187,-0.08546222812456407,-0.08067493290983369,0.006894659520274108,0.168,Not significant
2,3986,0900400010392,13.35559265442404,-0.08002438187788811,-0.08546222812456407,0.006839061979575305,0.165,Not significant
2,3987,0900400010208,8.295424137008295,-0.08564311475949124,-0.07687285785143726,0.006583630986860698,0.315,Not significant
2,3988,0900400010299,19.177822082977308,-0.07355946834351505,-0.07042931030850066,0.005180742622093753,0.624,Not significant
2,3989,0900400010123,12.419354838709676,-0.08106396587238344,-0.0749232044049382,0.0060735720849315195,0.367,Not significant
2,3990,0900400010369,35.594496543226775,-0.05533064685685717,-0.06695731811740803,0.0037047917232365486,0.646,Not significant
2,3991,0900400010212,8.702691762801052,-0.08519089108496768,-0.06981339970658247,0.005947465730674782,0.644,Not significant
2,3992,0900400010049,13.940520446096654,-0.07937488710214637,-0.06115665956277341,0.004854302948339539,0.798,Not significant
2,3993,0900400010195,12.563729060451564,-0.08090365496887005,-0.06203441162962451,0.005018810634680001,0.819,Not significant
2,3994,0900400010091,20.48100620379026,-0.0721124328455482,-0.07895941747645022,0.005693955690294122,0.182,Not significant
2,3995,0900400010231,16.658124038954384,-0.0763573020921217,-0.08182621078257163,0.006248028695778448,0.116,Not significant
2,3996,0900400010138,10.675693269105585,-0.08300010071884222,-0.08466497693381325,0.007027201612864953,0.072,Not significant
2,3997,0900400010320,13.582342954159593,-0.07977260185106637,-0.07873173559012805,0.006280635396274717,0.173,Not significant
2,3998,0900400010373,6.563161609033169,-0.08756659228637674,-0.07688286995604945,0.006732370927247907,0.267,Not significant
2,3999,0900400010250,7.345971563981042,-0.08669737221618072,-0.08228892470823733,0.007134233534699322,0.085,Not significant
2,4000,0900400010176,8.394317692638829,-0.08553330488440752,-0.08216883349578151,0.007028171887390797,0.093,Not significant
2,4001,0900400010405,7.994356924523865,-0.08597741513714402,-0.08278638227625823,0.007117759156668155,0.084,Not significant
2,4002,0900800010086,47.928262213976495,-0.04163542416027766,-0.06263516074927865,0.0026078414851433912,0.728,Not significant
2,4003,0900800010387,14.661274014155712,-0.07857457348443815,-0.07938678777178275,0.006237782989467439,0.147,Not significant
2,4004,0900800010438,13.614262560777956,-0.07973715881341709,-0.08341800029285913,0.006651514337249382,0.084,Not significant
2,4005,0900800010527,13.032460480270302,-0.0803831828478109,-0.07990047081458485,0.006422654155114952,0.153,Not significant
2,4006,0900800010508,10.5433901054339,-0.08314700810611671,-0.07298322989684233,0.0060683372078433285,0.506,Not significant
2,4007,0900800010194,27.700831024930746,-0.06409565099681368,-0.05497799684321473,0.0035238504981666154,0.871,Not significant
2,4008,0900800010476,11.789405684754522,-0.08176345167268512,-0.08549993094141495,0.006990769471546296,0.062,Not significant
2,4009,0900800010052,14.273719563392108,-0.07900490795421372,-0.07181991074910805,0.005674125438013126,0.484,Not significant
2,4010,0900800010090,11.646716273050792,-0.08192189178918263,-0.08068111678627037,0.0066095497187952474,0.091,Not significant
2,4011,0900800010103,6.693676237449357,-0.0874216708609957,-0.07884150115089394,0.006892455763800264,0.186,Not significant
2,4012,0900800010334,26.685393258426966,-0.06522317739207892,-0.07912390181932129,0.005160712284315029,0.163,Not significant
2,4013,0900800010118,13.600572655690764,-0.0797523598723531,-0.07398455149449092,0.005900442575783279,0.394,Not significant
2,4014,0900800010156,15.612595924847843,-0.07751824034410922,-0.07908976848174455,0.006130899681927828,0.186,Not significant
2,4015,0900800010283,29.08229211546747,-0.06256169796198115,-0.06278276795575684,0.003927796566065208,0.757,Not significant
2,4016,0900800010512,10.935752454330807,-0.08271133502059347,-0.07889679789343199,0.006525659482615706,0.193,Not significant
2,4017,0900800010175,28.975265017667844,-0.06268053919652888,-0.07113626402475083,0.004458859385498022,0.527,Not significant
2,4018,090080001018A,22.834984920292975,-0.06949861127587398,-0.06871574144312555,0.004775648603089246,0.691,Not significant
2,4019,0900800010207,15.393496247835287,-0.077761525237753,-0.07600416549036815,0.005910199832953618,0.299,Not significant
2,4020,0900800010211,18.49166062364032,-0.07432137141856014,-0.0787010843754513,0.005849172522911356,0.146,Not significant
2,4021,0900800010245,18.967334035827182,-0.07379319101651227,-0.07765201492788372,0.005730189970390385,0.256,Not significant
2,4022,090080001025A,6.695232994108196,-0.08741994226247222,-0.07336699662599878,0.006413738609015809,0.45,Not significant
2,4023,0900800010264,14.035762353393578,-0.07926913196091065,-0.07162461275240058,0.005677620879919165,0.468,Not significant
2,4024,0900800010298,16.799292661361626,-0.07620055063654461,-0.0755561493630255,0.005757420185439553,0.344,Not significant
2,4025,090080001032A,17.61216166110493,-0.07529795346777957,-0.07251543730661066,0.005460264024008856,0.514,Not significant
2,4026,0900800010531,9.445100354191265,-0.0843665320641817,-0.0753675844795913,0.006358501732597362,0.423,Not significant
2,4027,0900800010546,20.064070139942675,-0.07257539220419483,-0.07948525424716095,0.005768673501437849,0.123,Not significant
2,4028,0900800010071,7.448789571694598,-0.08658320469018375,-0.06940996014213986,0.0060097367865243915,0.646,Not significant
2,4029,0900800010495,20.0,-0.07264653469693708,-0.07293985708419226,0.005298827858456405,0.502,Not significant
2,4030,0900800010067,9.07911802853437,-0.08477291317978616,-0.07226126997275774,0.006125798365661681,0.511,Not significant
2,4031,0900800010029,13.921113689095128,-0.07939643606505432,-0.06217750354642445,0.004936672185008377,0.81,Not significant
2,4032,0900800010033,28.619528619528616,-0.06307554339263988,-0.06883488259292377,0.004341797623917234,0.642,Not significant
2,4033,0900800010137,11.95219123505976,-0.08158269711461025,-0.07737593724422516,0.006312537652154711,0.245,Not significant
2,4034,0900800010122,32.082653616095705,-0.05923014294316024,-0.06543377643603741,0.003875651931617286,0.728,Not significant
2,4035,0900800010141,15.816111345423872,-0.07729225996784937,-0.07935701198065777,0.006133682800280737,0.15,Not significant
2,4036,0900800010160,17.90599353394678,-0.07497168709939334,-0.07433321629088363,0.005572886632851655,0.39,Not significant
2,4037,0900800010226,17.104927240234872,-0.07586117872587414,-0.0774537477268216,0.005875732599293182,0.283,Not significant
2,4038,0900800010404,14.52643811737362,-0.07872429317939743,-0.07977743460453372,0.006280422150907518,0.145,Not significant
2,4039,0900800010423,14.178012827725892,-0.07911117923368353,-0.07653822118670484,0.0060550289345287205,0.328,Not significant
2,4040,0900800010550,15.47936085219707,-0.07766618250870494,-0.07689194861198402,0.005971904114348312,0.243,Not significant
2,4041,0900800010565,20.63528866218409,-0.07194111998925726,-0.0789813925145692,0.005682009835809248,0.178,Not significant
2,4042,0900800010315,36.467377821880426,-0.054361412981497666,-0.0764055672288138,0.0041535145942111305,0.302,Not significant
2,4043,0900800010014,11.737089201877934,-0.0818215430863558,-0.07589848520197176,0.00621013117714227,0.277,Not significant
2,4044,0900800010048,12.066952121448034,-0.0814552684007932,-0.06912878972350042,0.005630904121149722,0.639,Not significant
2,4045,090080001057A,10.49138207900653,-0.08320475701451552,-0.07927298640245266,0.006595889571431066,0.162,Not significant
2,4046,0900800010457,14.235340211571112,-0.07904752379305566,-0.07526860180899193,0.005949796592366322,0.336,Not significant
2,4047,0900800010353,16.509974776427423,-0.0765218047425533,-0.07336683312040401,0.005614162478619048,0.447,Not significant
2,4048,0900800010349,14.401160381268133,-0.07886339964052931,-0.07587194560823564,0.00598351956800679,0.334,Not significant
2,4049,0900800010599,9.483667017913591,-0.08432370823710074,-0.08294644215728733,0.00699435158777665,0.105,Not significant
2,4050,0900800010461,9.978991596638656,-0.08377370748357443,-0.08097198863548002,0.006783323690312017,0.113,Not significant
2,4051,0900800010584,6.586375611592021,-0.08754081581686944,-0.0824112471022647,0.00721434780381787,0.095,Not significant
2,4052,0900800010230,16.565562295846945,-0.076460081220482,-0.07474816538683833,0.005715250796559681,0.359,Not significant
2,4053,0900800010300,20.314647930349775,-0.07229715450015115,-0.07521147932650345,0.0054375759410531434,0.291,Not significant
2,4054,0900903000647,6.602336211274759,-0.08752309341376391,-0.08391132332658105,0.007344178589984899,0.1,Not significant
2,4055,0900900330488,6.0109289617486334,-0.08817978287932107,-0.08084431126691198,0.007128833814544548,0.149,Not significant
2,4056,0900900330350,9.625902428352658,-0.08416577223658776,-0.08755949643404166,0.007369512634017869,0.05,Not significant
2,4057,0900900360223,10.20697476609016,-0.08352055849728268,-0.08394158322603236,0.007010847912184358,0.083,Not significant
2,4058,0900900240577,5.208333333333333,-0.08907097265541,-0.08732483714126335,0.007778108181147599,0.054,Not significant
2,4059,0900900240581,7.853403141361256,-0.08613392803854569,-0.08316399596172101,0.007163241643564782,0.124,Not significant
2,4060,0900900010562,8.105369807497468,-0.08585414814836716,-0.07475795137739197,0.006418280232823039,0.485,Not significant
2,4061,0900900010312,15.737410071942445,-0.07737964864504701,-0.07309025542015088,0.005655698283788018,0.49,Not significant
2,4062,090090029044A,20.780856423173805,-0.07177948379821754,-0.07984316536414976,0.005731101194654391,0.179,Not significant
2,4063,0900900330346,9.702127659574467,-0.08408113291843072,-0.08613456958414968,0.0072422921940767096,0.043,Low-Low
2,4064,0900900010308,20.45955303745672,-0.07213625410973692,-0.07636247043832708,0.005508502571986437,0.33,Not significant
2,4065,0900900010327,31.411359724612737,-0.059975537300742024,-0.07546773637366647,0.004526218037881399,0.337,Not significant
2,4066,0900900110543,25.454545454545453,-0.0665898917621865,-0.08366835032634998,0.005571466392152347,0.248,Not significant
2,4067,0900900240651,0.0,-0.09485422545768919,-0.0805995389907176,0.007645206843211338,0.333,Not significant
2,4068,090090011051A,0.0,-0.09485422545768919,-0.08301991762854898,0.00787478998421717,0.244,Not significant
2,4069,0900903000632,6.6382171645329535,-0.08748325175805598,-0.0805718976011575,0.007048691602466369,0.114,Not significant
2,4070,0900901520628,7.6923076923076925,-0.086312805934323,-0.0763319855160867,0.006588427852431546,0.528,Not significant
2,4071,0900900290473,6.869479882237488,-0.0872264612120923,-0.07434618656414213,0.006484954758604121,0.467,Not significant
2,4072,0900900010026,33.15571343990527,-0.05803863390641274,-0.07307387163901509,0.004241107684180994,0.499,Not significant
2,4073,0900900010331,23.54219485693589,-0.06871333629707914,-0.06735130394159435,0.004627932797785564,0.703,Not significant
2,4074,0900901520613,16.680923866552607,-0.0763319855160867,-0.081846227289685,0.006247485036022576,0.157,Not significant
2,4075,0900900010505,6.9252077562326875,-0.0871645818424703,-0.06579885347063223,0.005735329548481634,0.734,Not significant
2,4076,0900900290469,13.838550247116968,-0.07948811323443403,-0.07996435645353593,0.006356215820497309,0.207,Not significant
2,4077,0900900360238,8.340780458742925,-0.08559275180113485,-0.08390094106155446,0.007181312424163274,0.103,Not significant
2,4078,0900900240191,12.837612537512504,-0.0805995389907176,-0.08855202415452744,0.007137252323549802,0.06,Not significant
2,4079,0900900170365,13.933764135702747,-0.07938238920474194,-0.07812923344391824,0.006202085217513259,0.259,Not significant
2,4080,0900900240596,2.9368575624082234,-0.0915931842299723,-0.0844419163738846,0.007734304003165126,0.067,Not significant
2,4081,090090015012A,14.190147982971823,-0.07909770454493176,0.0,-0.0,1.0,Island
2,4082,0900900290609,12.578616352201257,-0.08088712435029793,-0.07563379851632579,0.006117800465675423,0.487,Not significant
2,4083,0900900110416,17.641597028783657,-0.07526526889063764,-0.083899892330578,0.0063147479561565,0.07,Not significant
2,4084,0900900010492,9.615384615384617,-0.08417745105348146,-0.07213625410973692,0.00607224599950388,0.666,Not significant
2,4085,0900900110401,10.07387508394896,-0.08366835032634998,-0.07807754897591443,0.006532619720339556,0.241,Not significant
2,4086,0900900170384,9.739405106607002,-0.08403974061762827,-0.07427180221370629,0.006241782993243666,0.439,Not significant
2,4087,0900900110435,10.65784638000735,-0.08301991762854898,-0.08523585582433016,0.007076273729534766,0.064,Not significant
2,4088,0900900110420,10.368973875572312,-0.08334067719093784,-0.08082265271509224,0.006735814609643778,0.148,Not significant
2,4089,0900900360242,9.521838128751812,-0.08428132362582626,-0.08455665514920876,0.007126546817347852,0.1,Not significant
2,4090,0900900170558,6.0606060606060606,-0.08812462219685523,-0.08164387413298416,0.00719483556265683,0.224,Not significant
2,4091,0900900240204,5.343197698314838,-0.08892122134980228,-0.08674803720220609,0.00771374141771825,0.063,Not significant
2,4092,0900900240219,8.21856952465571,-0.08572845293272442,-0.0861814152586189,0.007388199401674089,0.056,Not significant
2,4093,0900900290454,20.78853046594982,-0.07177096265977481,-0.07950297250515492,0.0057060048710085775,0.28,Not significant
2,4094,090090017037A,12.173396674584325,-0.08133707401483235,-0.08336762069225985,0.006780878334686808,0.094,Not significant
2,4095,0900900170399,11.62079510703364,-0.08195067425113597,-0.08425549883164964,0.006904794938619487,0.085,Not significant
2,4096,0901500011074,19.874476987447697,-0.07278591350924306,0.0006834478501008892,-4.9745376105521434e-05,1.0,Not significant
2,4097,0901500010127,21.89954772673173,-0.07053730627190968,-0.06943014722013223,0.0048974155589702455,0.611,Not significant
2,4098,0901500010589,32.763532763532766,-0.0584741052655739,-0.053032773460585075,0.0031010439778595858,0.879,Not significant
2,4099,0901500010358,21.55870445344129,-0.0709157733724655,-0.06587111344747612,0.004671300953033182,0.686,Not significant
2,4100,0901500011464,22.434839986803038,-0.06994292602299529,-0.050424455289165795,0.003526833946039957,0.883,Not significant
2,4101,0901500011479,34.17438518045353,-0.0569075165563721,-0.01752220526952937,0.000997145186479893,0.978,Not significant
2,4102,0901500010038,20.0,-0.07264653469693708,-0.06489640773514999,0.004714499136238149,0.732,Not significant
2,4103,0901500010911,31.34590092064884,-0.06004822174454196,0.09368852765637202,-0.005625829483629479,0.071,Not significant
2,4104,0901500010023,20.39983680130559,-0.07220256209502893,-0.06760175633135856,0.004881020009247932,0.66,Not significant
2,4105,0901500010466,15.422298829719676,-0.077729543296173,0.10600840334721287,-0.008239984777735354,0.072,Not significant
2,4106,0901500010926,45.227801795809775,-0.044633973654192555,0.02629621857006867,-0.001173704726861334,0.962,Not significant
2,4107,0901500011229,184.52380952380952,0.11003815953734523,-0.04788065814659366,-0.005268699499887962,0.919,Not significant
2,4108,0901500011290,18.424782344604168,-0.07439563202553245,-0.0596859647763996,0.004440375072593916,0.8,Not significant
2,4109,0901500011303,39.38185443668993,-0.05112522321194101,-0.035835458589980655,0.0018320958193150298,0.948,Not significant
2,4110,0901500011411,40.9711684370258,-0.04936047351988136,-0.035326723573284764,0.0017437438034832913,0.945,Not significant
2,4111,0901500011430,58.11320754716981,-0.030326218341541533,-0.038566030979566554,0.0011695618760529903,0.916,Not significant
2,4112,090150001145A,40.216771249286936,-0.05019814449268565,-0.050679126099845706,0.0025439980947230914,0.887,Not significant
2,4113,0901500011498,28.077753779697623,-0.06367712179788601,-0.053834909478995455,0.003428052087872162,0.864,Not significant
2,4114,0901500011500,61.685214626391094,-0.02635991691101335,-0.05560324151414057,0.0014656968262957534,0.86,Not significant
2,4115,0901500011515,19.039735099337747,-0.07371279799505266,-0.057698319655984084,0.004253104581455531,0.855,Not significant
2,4116,090150001152A,15.988779803646564,-0.0771005315816321,-0.07162520485422776,0.005522341368904256,0.532,Not significant
2,4117,0901500010945,234.75046210720888,0.16580905796333847,0.2556044325972861,0.04238153018020965,0.04,High-High
2,4118,0901500010983,79.42973523421587,-0.0066566755931950555,0.22501805771369998,-0.001497872212810943,0.051,Not significant
2,4119,0901500011089,64.37125748502993,-0.023377376452274456,0.10549199549409131,-0.0024661260913670133,0.08,Not significant
2,4120,0901500010042,32.081911262798634,-0.05923096724078307,0.18308308561335934,-0.010844188246306369,0.039,Low-High
2,4121,0901500010057,1625.0,1.7095206488534205,-0.06543647040670211,-0.11186499734834304,0.724,Not significant
2,4122,0901500010061,45.214770158251696,-0.044648443783042356,0.1918639721417199,-0.008566427774160786,0.047,Low-High
2,4123,0901500010080,34.91743350560948,-0.05608244718510419,-0.05062889538519177,0.0028393923514801827,0.849,Not significant
2,4124,0901500010165,24.909678646130445,-0.06719490344154043,-0.06276227990611113,0.004217305338062071,0.764,Not significant
2,4125,090150001017A,13.743080740599352,-0.07959412109832527,0.13379236016009177,-0.010649085316613094,0.043,Low-High
2,4126,0901500010555,31.84199919387344,-0.05949736189260622,-0.06454633714316121,0.0038403367798488333,0.752,Not significant
2,4127,0901500010593,26.040554962646745,-0.06593919586524781,-0.06144045954257049,0.00405133449582839,0.804,Not significant
2,4128,0901500010663,49.51033732317737,-0.03987871242100686,0.005248052981770668,-0.00020928559563024,0.996,Not significant
2,4129,0901500010930,298.72204472843447,0.2368421141797426,0.10508765616507339,0.024889182660329842,0.078,Not significant
2,4130,0901500011178,41.52823920265781,-0.04874191075513081,0.047186467282796365,-0.0022999585771479604,0.892,Not significant
2,4131,0901500010678,22.518428758961928,-0.06985011034283652,-0.05304278668338933,0.0037050445027262844,0.874,Not significant
2,4132,0901500011549,64.3492654665839,-0.02340179604951716,0.020685281352180743,-0.0004840727354306143,0.975,Not significant
2,4133,0901500010112,30.53435114503817,-0.06094935406722794,-0.06417554563166052,0.0039114580531616205,0.741,Not significant
2,4134,0901500010254,52.17391304347826,-0.03692111912529237,-0.06280632957137701,0.0023188799759271835,0.769,Not significant
2,4135,0901500010216,16.342412451361866,-0.07670786335746373,-0.08237434053641055,0.006318759658028165,0.102,Not significant
2,4136,0901500010451,42.58943781942079,-0.0475635722192903,-0.03963605675187388,0.001885232447805642,0.932,Not significant
2,4137,0901500011286,41.60475482912333,-0.048656948986585236,-0.055167262364365977,0.002684270670592519,0.89,Not significant
2,4138,0901500011055,82.17446270543614,-0.0036089726480250067,-0.04057234345429695,0.0001464244777928341,0.93,Not significant
2,4139,0901500010377,11.428571428571429,-0.08216411645154513,0.06679045475699134,-0.005487778702505093,0.731,Not significant
2,4140,0901500010146,39.017341040462426,-0.0515299732510196,-0.06260150292301564,0.0032258537710966213,0.768,Not significant
2,4141,0901500010184,13.216491883350091,-0.08017883722331774,0.21121455204232367,-0.016934937187397445,0.03,Low-High
2,4142,0901500010752,124.7072599531616,0.04361878777533778,0.18492662337010876,0.008066275138790593,0.051,Not significant
2,4143,0901500010536,36.84807256235828,-0.05393869542795881,-0.049718195109267484,0.00268173458322661,0.884,Not significant
2,4144,0901500010362,1.4723203769140163,-0.09321938367612617,0.03860696656033488,-0.0035989176283592306,0.947,Not significant
2,4145,0901500010413,68.80733944954127,-0.01845161962941357,-0.061343271603360804,0.0011318827144490202,0.818,Not significant
2,4146,0901500010432,201.43884892086328,0.12882035774413067,-0.05625565626935081,-0.007246873765748618,0.834,Not significant
2,4147,0901500010447,8.608321377331421,-0.0852956785018418,-0.022658430761296915,0.0019326662255718242,0.966,Not significant
2,4148,0901500010470,15.491295367365003,-0.07765293060759351,0.03406217627072516,-0.002645027810294239,0.953,Not significant
2,4149,0901500010485,27.089861518245225,-0.06477406209024975,0.0512378661694102,-0.003318884724629283,0.88,Not significant
2,4150,0901500010697,36.80893726725866,-0.053982150654528965,0.13605791878249934,-0.007344699069458545,0.072,Not significant
2,4151,090150001070A,141.37483787289233,0.06212620858394379,0.1891158526179302,0.011749050906271905,0.056,Not significant
2,4152,0901500010714,53.81003972553268,-0.03510438935526836,0.27100043060410967,-0.00951330463137205,0.054,Not significant
2,4153,0901500011144,21.324636226793775,-0.0711756791121808,-0.0458860806246121,0.0032659729502530475,0.912,Not significant
2,4154,0901500011163,43.85026737967914,-0.046163566570478674,-0.050421909318595415,0.0023276551674396182,0.894,Not significant
2,4155,0901500010748,126.44645487060804,0.0455499629203039,0.7004579129731683,0.031905831963161276,0.023,High-High
2,4156,0901500011182,34.944480731548005,-0.05605241436362524,0.011272689521743626,-0.0006318614640652702,0.982,Not significant
2,4157,0901500011197,77.9436152570481,-0.008306840237510953,-0.0010564848611348723,8.776050954796328e-06,1.0,Not significant
2,4158,090150001120A,73.02771855010661,-0.013765375931488757,0.012969949399517552,-0.00017853622929674598,0.983,Not significant
2,4159,0901500011214,82.57877580586744,-0.0031600296327800505,-0.023647080214638374,7.47254742069841e-05,0.972,Not significant
2,4160,0901500011233,30.980517406579366,-0.06045393794901856,-0.03434403131761803,0.0020762319381944306,0.949,Not significant
2,4161,0901500011267,27.439024390243905,-0.06438635703592561,-0.05642529616968297,0.0036330192650390536,0.836,Not significant
2,4162,0901500011248,17.918354627609848,-0.07495796153211665,-0.06294882522906846,0.004718515620012447,0.788,Not significant
2,4163,0901500011252,24.900209085725148,-0.06720541829499647,-0.06432774389235037,0.004323172936258811,0.769,Not significant
2,4164,0901500011271,63.56968215158924,-0.02426743330859933,-0.0531045379150755,0.0012887108322380794,0.862,Not significant
2,4165,0901500011360,49.43820224719101,-0.03995881009403228,-0.041862833395646754,0.0016727890096547612,0.926,Not significant
2,4166,0901500011375,28.412600370599133,-0.06330531332073436,-0.039275029166008786,0.0024863180270351666,0.937,Not significant
2,4167,090150001138A,61.64383561643836,-0.02640586352386417,-0.010299785363575533,0.0002719747266356692,0.975,Not significant
2,4168,0901500011394,27.331804281345565,-0.06450541258701303,-0.03208798064946755,0.0020698484308779947,0.952,Not significant
2,4169,0901500011407,36.84210526315789,-0.053945321424724774,-0.04917924946968415,0.0026529904200688365,0.895,Not significant
2,4170,0901500011426,52.10563882940757,-0.03699692975694313,-0.04791739181721657,0.001772796379197483,0.874,Not significant
2,4171,0901500011445,53.76344086021505,-0.03515613201480716,-0.02046785417845485,0.000719570583557581,0.973,Not significant
2,4172,0901500011483,21.13248442156597,-0.07138904150566178,-0.025281723322950467,0.0018048379956367682,0.96,Not significant
2,4173,0901500010998,118.56540084388185,0.03679896238558812,0.08290630384539269,0.0030508659567347455,0.074,Not significant
2,4174,0901500010076,23.090854210685176,-0.06921449797206383,-0.06972376238882634,0.004825895210466081,0.584,Not significant
2,4175,0901500010095,27.792915531335147,-0.06399340178470941,-0.06381747030673215,0.004083897018222473,0.765,Not significant
2,4176,0901500010199,51.0204081632653,-0.03820195310883175,0.09980880194158993,-0.003812891171621294,0.054,Not significant
2,4177,0901500010818,2052.3255813953488,2.184016367142746,0.2112650760146875,0.4614063838217339,0.044,High-High
2,4178,0901500010339,29.459901800327327,-0.0621424060064995,-0.0574496149369455,0.0035700572963287256,0.822,Not significant
2,4179,090150001049A,660.1307189542484,0.6381447179527566,-0.05761555327046686,-0.036767060991474095,0.759,Not significant
2,4180,0901500010502,24.135246357468574,-0.06805482108062764,0.11481885038554883,-0.00781397631967188,0.054,Not significant
2,4181,0901500010521,18.31711505437893,-0.07451518411985097,-0.03718346955614593,0.0027707330801910873,0.928,Not significant
2,4182,0901500010540,54.425749817117776,-0.03442071438965856,-0.052949843311918286,0.0018225714336167118,0.895,Not significant
2,4183,090150001056A,46.60358706397402,-0.04310632296476306,-0.06929072116225196,0.002986868204881375,0.642,Not significant
2,4184,0901500010574,19.370906742920397,-0.07334507012258198,-0.05133417002865529,0.003765108300436269,0.883,Not significant
2,4185,090150001063A,79.9161230195713,-0.006116598116846029,0.3198664934801012,-0.00195649479166253,0.044,Low-High
2,4186,0901500010644,40.46382413334944,-0.04992382079014505,-0.024512078429437784,0.001223736610705232,0.958,Not significant
2,4187,0901500010659,51.43540669856459,-0.03774114515192717,-0.027815713018209315,0.001049796862524588,0.967,Not significant
2,4188,0901500010729,487.46518105849583,0.44641957442136665,0.1918143517036451,0.08562968125545159,0.037,High-High
2,4189,0901500010771,338.9651531151003,0.28152743949486786,0.46309641478965397,0.13037434789498453,0.021,High-High
2,4190,0901500010786,57.328015952143566,-0.031198082948055757,0.014359253495730839,-0.00044798118163197033,0.986,Not significant
2,4191,0901500010790,75.73726541554959,-0.010756736987012619,0.04386982274087152,-0.00047189614489041994,0.921,Not significant
2,4192,0901500010803,360.3696098562628,0.30529461730534946,0.31443543923511086,0.09599544708852263,0.027,High-High
2,4193,0901500010841,73.21131447587354,-0.013561513854270466,0.13042328327562436,-0.0017687371630618213,0.064,Not significant
2,4194,0901500010856,53.999325008437395,-0.0348942099038529,0.33156095893376664,-0.011569557696957604,0.031,Low-High
2,4195,090150001088A,91.49676777722526,0.0067423707625591835,0.44307192438478865,0.0029873551886828325,0.014,High-High
2,4196,0901500010894,113.76953125,0.03147370294209703,0.42855077414505455,0.013488079761047165,0.024,High-High
2,4197,0901500010220,6.009615384615385,-0.08818124145505934,-0.0793784249942118,0.006999688060736908,0.178,Not significant
2,4198,0901500010907,56.01816805450416,-0.03265251780077562,0.3414884079296937,-0.011150456318682849,0.027,Low-High
2,4199,0901500011159,33.348990136214184,-0.05782402245126833,-0.049410427295848,0.002857109657281876,0.885,Not significant
2,4200,0901500010273,72.39057239057239,-0.014472853175505604,-0.021949460027988275,0.00031767131226670344,0.974,Not significant
2,4201,0901500010288,93.61702127659575,0.009096667464980304,-0.028471836157820854,-0.00025899882564509876,0.951,Not significant
2,4202,0901500010305,12.34567901234568,-0.08114577437080517,-0.039835961707427835,0.0032325199605549738,0.945,Not significant
2,4203,0901500010517,19.614835948644796,-0.07307421490416982,0.03044483091174377,-0.0022247321167658766,0.952,Not significant
2,4204,0901500010409,29.66432474629196,-0.06191541792808027,-0.05486685742888733,0.0033971044081099553,0.854,Not significant
2,4205,0901500010682,24.463217177050332,-0.06769064735363654,-0.05013204846240648,0.003393470813584174,0.896,Not significant
2,4206,090150001113A,47.388141944015864,-0.04223516535672264,-0.005175113689605612,0.00021857178242033203,0.996,Not significant
2,4207,090150001106A,35.27533918595371,-0.055685034251574124,-0.03262247075971205,0.0018165834016255409,0.95,Not significant
2,4208,0901500010343,35.46099290780142,-0.0554788872294053,-0.05862958049514758,0.003252703884597633,0.842,Not significant
2,4209,0901500010269,21.445591739475773,-0.0710413719811083,-0.04050684864281417,0.0028776621022166132,0.934,Not significant
2,4210,0901500010019,21.815622800844476,-0.07063049521197083,-0.06452037405065095,0.004557105970459069,0.749,Not significant
2,4211,0901500010396,35.714285714285715,-0.05519763481348898,0.05441450620670485,-0.003003552042154024,0.863,Not significant
2,4212,0901500010733,1449.8644986449865,1.5150528960873493,0.08812011913899148,0.1335066417050913,0.071,Not significant
2,4213,0901500011125,28.482111844390413,-0.06322812885502031,0.008321233538774616,-0.0005261360264223581,0.992,Not significant
2,4214,0901500011341,62.05318844724049,-0.02595132446993956,-0.025266866499408,0.0006557086508647829,0.971,Not significant
2,4215,0901500011356,64.97431248111212,-0.022707753509038458,-0.033557370125033785,0.0007620124892108382,0.959,Not significant
2,4216,0901500011534,230.1308649856368,0.1606795287475818,-0.022244865315844173,-0.003574294476003269,0.969,Not significant
2,4217,0901500010235,14.84375,-0.07837195497119348,-0.07756339084587914,0.00607879457478632,0.217,Not significant
2,4218,0901500010767,1146.153846153846,1.1778172835238743,0.509719191843282,0.6003560738968389,0.016,High-High
2,4219,090150001095A,449.8644986449864,0.4046683580497432,0.08335460916161865,0.0337309728253103,0.075,Not significant
2,4220,0901500010964,72.74644175013178,-0.014077701341089509,-0.014323411014159555,0.0002016407024430102,0.978,Not significant
2,4221,0901500010979,84.27672955974842,-0.0012746480381676988,0.013510079430807988,-1.7220596241969183e-05,0.984,Not significant
2,4222,0901500011036,81.37459089556678,-0.004497137938116099,-0.005268728365031998,2.3694198216013804e-05,0.998,Not significant
2,4223,0901500011040,51.37722211369408,-0.03780575241531952,-0.03214591265535951,0.001215300415013008,0.954,Not significant
2,4224,0901500011093,235.2941176470588,0.1664127246688063,-0.0015968302655832735,-0.00026573287532932614,0.998,Not significant
2,4225,0901500010381,23.549201009251473,-0.06870555677387677,0.05359905730743886,-0.003682553074862515,0.891,Not significant
2,4226,0901500010292,10.578279266572636,-0.08310826772104316,-0.004043992064911812,0.000336089175192465,0.991,Not significant
2,4227,090150001024A,27.881040892193308,-0.06389554874660353,-0.06524328207984596,0.004168755310521202,0.733,Not significant
2,4228,0901500010108,31.828703703703702,-0.059512124999316324,-0.06393681939610933,0.003805015987959971,0.76,Not significant
2,4229,0901500010131,19.72920696324952,-0.07294721909795306,-0.048064632573079455,0.003506181283171038,0.905,Not significant
2,4230,0901500010150,35.347043701799485,-0.05560541466587151,-0.05797896722094902,0.0032239445142198423,0.833,Not significant
2,4231,090150001031A,3.700962250185048,-0.09074473419922285,-0.062377531913414705,0.005660432553486358,0.797,Not significant
2,4232,0901500010324,53.23741007194245,-0.03574022846863679,-0.07163007529698208,0.0025600752563397955,0.51,Not significant
2,4233,0901500010606,40.48663741523733,-0.049898489274674836,0.07601302600567794,-0.0037929351628799,0.32,Not significant
2,4234,0901500010610,28.96784475485141,-0.06268877854162842,0.2917633986016077,-0.018290291081489045,0.043,Low-High
2,4235,0901500010625,44.08817635270541,-0.0458993961253699,0.3638644047455319,-0.01670115644933709,0.031,Low-High
2,4236,0901500010822,49.65550011879306,-0.03971752589725688,0.026564538560058065,-0.0010550777482077852,0.957,Not significant
2,4237,0901500010837,132.5136612021858,0.05228689501997171,0.18398185016425464,0.009619839685118547,0.064,Not significant
2,4238,0901500010428,19.64512040557668,-0.07304058751144979,0.006095473656868166,-0.00044521697705821614,0.988,Not significant
2,4239,0901500010201,12.406947890818858,-0.08107774235548565,0.06996733611740345,-0.005672793651026502,0.616,Not significant
2,4240,0901500011017,53.54781842221242,-0.03539555583601925,0.007146080144386887,-0.00025293947875931457,0.999,Not significant
2,4241,0901500011110,51.054384017758046,-0.038164226845336394,0.005053402061412832,-0.00019285918261244985,0.993,Not significant
2,4242,0901500011337,43.21301474326385,-0.04687116204477791,-0.02793368082142032,0.0013092840802878967,0.943,Not significant
2,4243,0901500011318,70.22708158116065,-0.016875159918462865,-0.04524202531150303,0.0007634664121667584,0.915,Not significant
2,4244,0901500011322,58.30670926517572,-0.030111357025784057,-0.03627486214305548,0.001092285325050642,0.951,Not significant
2,4245,0901500010860,137.02460850111856,0.05729578115260916,0.24002342395531026,0.013752329570443382,0.037,High-High
2,4246,0901500010875,56.96361355081556,-0.03160270974011415,0.29973792737890936,-0.009472530717059087,0.035,Low-High
2,4247,0901500011106,122.42268041237112,0.041082025977326984,0.024753259804420495,0.0010169140623087266,0.956,Not significant
2,4248,0901500011002,96.63087745279526,0.012443206762901383,0.06850942482679372,0.0008524769383272435,0.61,Not significant
2,4249,0900300011783,13.249211356466876,-0.08014250602627612,-0.0689468242928632,0.00552557128138339,0.585,Not significant
2,4250,0900300010357,17.91850760922926,-0.07495779166369185,-0.07538941390128752,0.005651023980860544,0.402,Not significant
2,4251,0900300010361,12.645422357106728,-0.08081294399540283,0.05742306418881238,-0.004640526870334917,0.826,Not significant
2,4252,0900300010728,17.987486965589156,-0.07488119805294602,-0.053516226417072786,0.004007359149383129,0.88,Not significant
2,4253,090030001054A,174.74489795918367,0.09917980733714757,0.07468206516859202,0.007406952834961256,0.311,Not significant
2,4254,0900300010111,53.6231884057971,-0.03531186617161467,0.005413957591364078,-0.00019117694592504564,0.994,Not significant
2,4255,0900300011092,13.478486262312078,-0.07988792271586559,0.10372589620249546,-0.008286446379458854,0.068,Not significant
2,4256,0900300010906,72.80385078219012,-0.014013955239548218,-0.07322374210319824,0.0010261542443064423,0.28,Not significant
2,4257,0900300011425,15.325670498084293,-0.07783683790155731,-0.05717305657180468,0.004450169936716127,0.852,Not significant
2,4258,0900300011444,23.387400980761974,-0.06888521702376556,-0.06834247627401858,0.004707786310077319,0.662,Not significant
2,4259,0900300010018,71.77322074788903,-0.015158350894073323,-0.027264048437670572,0.00041327801301122214,0.964,Not significant
2,4260,0900300011105,144.90161001788908,0.06604228184292991,0.0995271202434922,0.006572998126135887,0.082,Not significant
2,4261,0900300011618,12.163336229365768,-0.08134824497764881,-0.06559786868058011,0.005336271491439467,0.722,Not significant
2,4262,0900300011073,11.138613861386139,-0.08248608085083468,-0.07504553060309642,0.0061902117048208,0.359,Not significant
2,4263,0900300010037,98.73949579831933,0.014784583970393742,-0.006812545697036446,-0.00010072065390997989,0.985,Not significant
2,4264,0900300011660,21.334134615384613,-0.07116513224835326,-0.05963191938925594,0.0042437134295595395,0.834,Not significant
2,4265,0900300011694,32.425421530479895,-0.05884953875089264,-0.05976317122322816,0.0035170350607775978,0.801,Not significant
2,4266,0900300011730,10.852713178294572,-0.08280354054875395,-0.07204113336257767,0.005965260907566391,0.552,Not significant
2,4267,090030001175A,7.152682255845942,-0.08691199767530192,-0.06786503797932908,0.005898286023093725,0.665,Not significant
2,4268,0900300011764,14.186851211072664,-0.07910136522947403,-0.07414296382561972,0.0058648096607660264,0.442,Not significant
2,4269,0900300011779,34.38864628820961,-0.05666960433521694,-0.07843402757426839,0.004444825309051285,0.134,Not significant
2,4270,0900300011798,46.41909814323608,-0.04331117660978971,-0.07734958733249947,0.0033501016376522377,0.283,Not significant
2,4271,0900300010060,34.89183531053733,-0.05611087102511397,-0.053222666585531674,0.0029863701803934106,0.88,Not significant
2,4272,0900300011139,21.70767004341534,-0.07075036428465868,-0.06273277518052735,0.004438366696609904,0.788,Not significant
2,4273,0900300010022,52.262587635436574,-0.03682265622946506,0.01043294611260105,-0.00038416878816484236,0.984,Not significant
2,4274,0900300010041,45.24284763805721,-0.044617266983599246,-0.04715772304084494,0.002104048719252008,0.903,Not significant
2,4275,090030001008A,15.67261645624728,-0.07745159447407848,-0.06695970549791604,0.005186135956328317,0.675,Not significant
2,4276,0900300010075,35.044247787610615,-0.05594163456716779,-0.061626984651485466,0.0034475142548498583,0.788,Not significant
2,4277,0900300010713,18.996798292422625,-0.07376047436156392,-0.06418002831761571,0.004733949333245941,0.756,Not significant
2,4278,0900300011124,27.33762841720355,-0.06449894555660891,-0.05941792357970936,0.003832393418054423,0.777,Not significant
2,4279,0900300010094,17.558765222316623,-0.07535724404779637,-0.07183569802179522,0.0054133402271722255,0.525,Not significant
2,4280,0900300010107,14.44508009153318,-0.0788146318733359,-0.07095746885748976,0.0055924867866667515,0.542,Not significant
2,4281,0900300010130,64.02579456471672,-0.02376097313745556,-0.023439167818958356,0.0005569374369105823,0.966,Not significant
2,4282,090030001015A,31.391905231984204,-0.05999713926855211,-0.04918774821834854,0.002951124180162733,0.889,Not significant
2,4283,0900300010179,19.10828025477707,-0.07363668651429545,-0.057199972571963284,0.004212016448907958,0.853,Not significant
2,4284,0900300010234,209.85915492957744,0.13817013534175204,-0.03791143016905612,-0.005238227437457866,0.945,Not significant
2,4285,0900300011228,10.526315789473683,-0.0831659671625565,-0.07007842738158103,0.005828140190420168,0.621,Not significant
2,4286,0900300010412,5.450298468725668,-0.08880229831032618,-0.04853803160769116,0.004310288762222231,0.91,Not significant
2,4287,090030001168A,60.88082901554404,-0.027253094255917855,-0.07027724522056518,0.0019152723880423155,0.572,Not significant
2,4288,0900300011707,22.177822177822176,-0.07022831462408795,-0.06821838441052316,0.004790862163529197,0.627,Not significant
2,4289,0900300011726,18.77304726785116,-0.07400892403961813,-0.0638168583175493,0.004723017019670579,0.773,Not significant
2,4290,0900300011745,7.072135785007072,-0.0870014352311149,-0.07769690456907856,0.006759742210524803,0.235,Not significant
2,4291,0900300011317,12.70878721859114,-0.08074258463295564,-0.07237350029431122,0.005843623472696664,0.476,Not significant
2,4292,0900300011478,11.703511053315994,-0.0818588277433349,-0.0784185879737964,0.0064192536848225535,0.197,Not significant
2,4293,0900300011143,16.666666666666664,-0.07634781649039576,-0.06837393531309884,0.00522020066601066,0.671,Not significant
2,4294,0900300011529,20.884520884520885,-0.07166437638319374,0.1451942313164536,-0.010405254041730826,0.063,Not significant
2,4295,0900300011675,13.763763763763764,-0.07957115498920363,-0.06407470957141632,0.0050984986461953775,0.744,Not significant
2,4296,0900300010164,59.310344827586206,-0.028996935615458776,-0.059038585204461515,0.0017119380540015477,0.802,Not significant
2,4297,0900300010183,26.174256005736822,-0.06579073629428109,-0.06059256749439861,0.003986429629417408,0.795,Not significant
2,4298,0900300010198,33.35354760460885,-0.057818961908830305,-0.07358580548436122,0.004254654884330878,0.439,Not significant
2,4299,0900300010200,18.28716277385479,-0.07454844266902394,-0.07484503824914421,0.005579581042977231,0.351,Not significant
2,4300,0900300010215,11.80327868852459,-0.08174804730380271,-0.0761852153079986,0.006227992584848664,0.317,Not significant
2,4301,090030001022A,12.521539345203903,-0.08095050177634525,-0.076039434289347,0.0061554303605120715,0.252,Not significant
2,4302,0900300010249,141.89189189189187,0.06270033737197109,-0.023445850602314678,-0.001470062742737962,0.975,Not significant
2,4303,0900300010268,82.75862068965517,-0.002960332654576977,-0.04810113486859062,0.00014239536027370005,0.906,Not significant
2,4304,0900300010380,37.17993686425816,-0.05357019843840254,-0.004503537615120233,0.000241255403716801,0.995,Not significant
2,4305,0900300010395,6.51890482398957,-0.08761573433619242,-0.014235551877265126,0.0012472583314075466,0.978,Not significant
2,4306,0900300010408,18.401015228426395,-0.07442202266385,-0.03270210593694339,0.0024337568691948246,0.944,Not significant
2,4307,0900300010535,16.675351745700883,-0.07633817271292453,-0.07249587961663391,0.005534202979149984,0.442,Not significant
2,4308,0900300010821,19.728021451829154,-0.0729485354715039,-0.0739079639158128,0.0053914777273393,0.48,Not significant
2,4309,0900300010836,14.104372355430185,-0.07919294847549448,-0.07360830144026924,0.005829258423327908,0.424,Not significant
2,4310,0900300010840,17.337554650987485,-0.07560287284585071,-0.0755217384588406,0.005709660389801319,0.335,Not significant
2,4311,0900300010855,25.222551928783385,-0.06684749378611753,-0.07627627932359862,0.005098878108112424,0.321,Not significant
2,4312,0900300010889,27.956176803928976,-0.06381211899196089,-0.058987883315946114,0.003764141829241058,0.833,Not significant
2,4313,0900300010893,26.30074328187536,-0.06565028677859837,-0.05612969437859415,0.003684930532749787,0.84,Not significant
2,4314,090030001093A,8.257638315441783,-0.08568507155151574,-0.06748986707429297,0.005782874089263079,0.673,Not significant
2,4315,0900300011020,16.32744352493849,-0.07672448462191528,-0.07062937364697902,0.00541900229223315,0.602,Not significant
2,4316,090030001129A,7.237984944991314,-0.08681727888822187,-0.06920730833152379,0.006008390188521061,0.623,Not significant
2,4317,090030001136A,18.27909050378957,-0.07455740599289123,-0.06236173393705524,0.004649529115565691,0.783,Not significant
2,4318,0900300011374,12.028869286287089,-0.08149755499212057,-0.0737000029435871,0.006006370042814437,0.463,Not significant
2,4319,0900300011389,13.611111111111112,-0.07974065813439955,-0.07204333777337459,0.005744783168247737,0.53,Not significant
2,4320,0900300011393,15.912305516265912,-0.07718544744789702,-0.06823567016991713,0.005266800733972173,0.654,Not significant
2,4321,0900300011406,9.328358208955226,-0.08449616073718914,-0.06963462616140828,0.00588385856500843,0.611,Not significant
2,4322,090030001143A,26.068821689259643,-0.06590780892907591,-0.06982010970583413,0.0046016904498992345,0.561,Not significant
2,4323,090030001150A,10.350143140277472,-0.0833615865482491,-0.07891897783169968,0.006578811200816585,0.221,Not significant
2,4324,0900300011514,8.293838862559241,-0.08564487502372801,-0.0802835839179118,0.006875877511106536,0.163,Not significant
2,4325,0900300011533,227.27272727272728,0.15750589682358487,0.2960456861486045,0.04662894129758949,0.029,High-High
2,4326,0900300011567,7.13436385255648,-0.08693233814707609,0.14850136591522134,-0.0129095709570447,0.058,Not significant
2,4327,0900300011590,12.87995878413189,-0.08055251837322751,-0.07893906763946291,0.006358740696393286,0.122,Not significant
2,4328,0900300011482,9.878100042034466,-0.0838857359058255,-0.07829355105076728,0.006567712146573931,0.24,Not significant
2,4329,0900300010516,29.24791086350975,-0.06237779746494585,-0.07721353590359165,0.004816410304146565,0.236,Not significant
2,4330,0900300010145,74.64114832535884,-0.011973848455839193,-0.04843334781255353,0.0005799335669164667,0.877,Not significant
2,4331,0900300010287,22.89053938877389,-0.06943692445305388,-0.05004406830082621,0.0034749061899279382,0.896,Not significant
2,4332,0900300010291,24.69135802469136,-0.06743732328392114,-0.04421098948554385,0.002981470790638659,0.921,Not significant
2,4333,0900300010304,40.65040650406504,-0.04971664261063204,-0.057250448350937636,0.002846300079962015,0.827,Not significant
2,4334,0900300010319,52.92702485966319,-0.0360848754091872,-0.054861889463279134,0.0019796844459950276,0.863,Not significant
2,4335,0900300010323,17.93160967472894,-0.07494324333274464,-0.06345577626606932,0.004755581681576236,0.72,Not significant
2,4336,0900300010342,13.625592417061611,-0.07972457831618153,-0.07274324342819138,0.005799424407663901,0.497,Not significant
2,4337,0900300010376,5.520504731861199,-0.08872434236126708,-0.011734445032219267,0.001041130918458092,0.985,Not significant
2,4338,0900300011336,17.1939477303989,-0.07576233175002747,-0.06555672854702332,0.004966730616626077,0.705,Not significant
2,4339,0900300010427,16.5406427221172,-0.07648775152984601,-0.07176261920356843,0.0054889613867734974,0.581,Not significant
2,4340,0900300010959,14.678030303030305,-0.07855596756035692,-0.07556354140837321,0.005935967107621853,0.341,Not significant
2,4341,0900300010431,16.654191616766468,-0.0763616685929162,-0.05748384276271276,0.004389562150493576,0.856,Not significant
2,4342,0900300010446,16.54244682784948,-0.0764857482787359,-0.07319736531394064,0.005598555258068738,0.468,Not significant
2,4343,0900300010450,22.049878345498783,-0.07037038147723712,-0.05868153192752271,0.004129441787408443,0.828,Not significant
2,4344,0900300010465,45.392953929539296,-0.04445059127847538,-0.0678255093071513,0.00301488399246661,0.679,Not significant
2,4345,0900300010499,13.988808952837728,-0.07932126829089615,-0.07200850723488837,0.005711806121605517,0.532,Not significant
2,4346,0900300010501,10.92896174863388,-0.0827188753152017,-0.07002634909240764,0.005792500839353655,0.574,Not significant
2,4347,0900300010520,18.73804971319312,-0.07404778478317955,-0.07064607815730377,0.005231185591167711,0.623,Not significant
2,4348,0900300010696,32.7455919395466,-0.05849402647912779,-0.06377356788419707,0.0037303727684866767,0.751,Not significant
2,4349,0900300010785,12.800687285223368,-0.0806405402199226,0.14758095814494782,-0.011901008190982379,0.054,Not significant
2,4350,0900300011162,14.081502026882868,-0.07921834333469324,-0.07696003516956894,0.006096646489112979,0.241,Not significant
2,4351,0900300011232,22.8325612177366,-0.06950130251771738,-0.07337887452829575,0.005099927357000709,0.38,Not significant
2,4352,0900300011247,13.548515640565848,-0.0798101631770442,-0.07416687681736035,0.005919270541125267,0.339,Not significant
2,4353,0900300011251,19.38819474364498,-0.07332587379388383,-0.07461256943470014,0.005471031849806217,0.455,Not significant
2,4354,0900300011270,12.239020878329733,-0.08126420591367244,-0.08143156043574518,0.006617471095122058,0.1,Not significant
2,4355,0900300011321,14.380825565912115,-0.07888597910508448,-0.07311519525704344,0.0057677637653113,0.476,Not significant
2,4356,0900300010554,11.108690917011543,-0.08251930682560078,0.10913778251835246,-0.009005974161897617,0.069,Not significant
2,4357,0900300010573,17.22928198331644,-0.07572309714192473,-0.06984180268961325,0.005288637609632723,0.56,Not significant
2,4358,0900300010605,25.13117923225628,-0.06694895261554003,-0.07858590333053579,0.00526124391832545,0.115,Not significant
2,4359,0900300010624,15.450294775360844,-0.07769845703100531,-0.07956666791724791,0.006182207328268555,0.175,Not significant
2,4360,0900300010639,13.892215568862277,-0.07942852409093921,-0.07664102653878332,0.006087483622790063,0.314,Not significant
2,4361,0900300010643,21.497838532538847,-0.07098335794992901,-0.07651473139877545,0.00543127256732195,0.287,Not significant
2,4362,0900300011213,17.325017325017324,-0.07561679409875631,-0.07544263998634636,0.005704730574114152,0.327,Not significant
2,4363,0900300010658,19.405410572603,-0.07330675760359934,-0.07668540208371856,0.005621558182285708,0.275,Not significant
2,4364,0900300010662,17.37063448528067,-0.0755661415093307,-0.07634173199438135,0.005768850122954821,0.288,Not significant
2,4365,090030001079A,8.279973504084786,-0.08566027090339239,0.11176776008708189,-0.009574056607324802,0.057,Not significant
2,4366,090030001086A,51.31086142322097,-0.03787943829995436,-0.063195561462247,0.0023938123712401588,0.771,Not significant
2,4367,0900300010802,11.577978837601593,-0.08199821677468977,-0.07777075936193574,0.006377063584892241,0.218,Not significant
2,4368,0900300010817,20.390070921985814,-0.07221340597642596,-0.0744444703013121,0.005375888756568636,0.342,Not significant
2,4369,0900300010982,19.463601532567047,-0.0732421432614017,-0.07474311895993568,0.005474346226667599,0.371,Not significant
2,4370,0900300010997,24.092549352579073,-0.06810223117467747,-0.07401055749268073,0.0050402840957333005,0.384,Not significant
2,4371,0900300011001,14.72166845575832,-0.0785075124302992,-0.07078689107208554,0.005557302730743991,0.613,Not significant
2,4372,0900300011016,13.018468059339993,-0.08039871981566163,-0.0708363618744286,0.005695152811103001,0.6,Not significant
2,4373,0900300011069,9.797917942437232,-0.08397476886944566,-0.07553543403799254,0.006343070614793682,0.389,Not significant
2,4374,0900300011410,21.687883074021688,-0.07077233542952802,-0.06649648381729593,0.0047061114576018494,0.664,Not significant
2,4375,0900300011340,23.959151610369208,-0.06825035396503643,-0.06196371545651491,0.004229045512895942,0.786,Not significant
2,4376,0900300011355,18.69158878504673,-0.07409937427941618,-0.053762175693382895,0.0039837435787797104,0.871,Not significant
2,4377,0900300011459,19.293924466338257,-0.07343055005220173,-0.07533865262496833,0.005532158702443176,0.395,Not significant
2,4378,0900300011497,11.430748714040767,-0.08216169882742508,-0.08042167547117345,0.006607581479259471,0.101,Not significant
2,4379,0900300011463,17.229254571026722,-0.0757231275801074,0.14989785519264934,-0.01135073441273745,0.058,Not significant
2,4380,0900300011622,7.606084867894316,-0.08640854642537756,-0.06662397414980568,0.005756880763366639,0.721,Not significant
2,4381,0900300010126,47.14364947310039,-0.042506646016093795,-0.02932568946215488,0.0012465367011457095,0.952,Not significant
2,4382,0900300010588,30.354131534569984,-0.06114946713614298,-0.0777007457435881,0.004751359198301342,0.222,Not significant
2,4383,0900300010056,25.417201540436455,-0.06663135786700294,-0.040339212269712654,0.00268785648881622,0.94,Not significant
2,4384,0900300011302,16.218955904713635,-0.07684494759798144,-0.0699265294733553,0.005373500493088693,0.611,Not significant
2,4385,0900300010272,22.843402464682896,-0.06948926456473517,-0.046784529834569405,0.0032510225712111393,0.914,Not significant
2,4386,0900300010677,15.284111919142116,-0.0778829839050375,-0.06727638593570673,0.005239685683019739,0.672,Not significant
2,4387,0900300010681,15.78601183950888,-0.07732568199381996,-0.06413767470114135,0.004959489437763528,0.777,Not significant
2,4388,0900300011158,18.695748942799913,-0.07409475490457126,-0.07806163283477416,0.005783957552343223,0.221,Not significant
2,4389,0900300011181,24.201355275895448,-0.06798141475978005,-0.07456186514792554,0.005068821079883915,0.312,Not significant
2,4390,0900300010978,17.698019801980198,-0.07520261791568701,-0.07231706163639737,0.005438432355027179,0.507,Not significant
2,4391,0900300011656,17.57090012330456,-0.07534376964136875,-0.06364740720245084,0.004795435586531851,0.782,Not significant
2,4392,0900300011571,10.21897810218978,-0.0835072301784728,0.15187591939832942,-0.012682737359763477,0.067,Not significant
2,4393,0900300011552,10.071090047393364,-0.08367144278787918,0.14761432909111155,-0.012351103891218108,0.053,Not significant
2,4394,0900300011548,6.024096385542169,-0.08816516197553495,0.19680977756172585,-0.017351765917098565,0.051,Not significant
2,4395,0900300011586,25.906735751295336,-0.0660877866484248,-0.0832077718682781,0.005499017474721566,0.094,Not significant
2,4396,0900300011266,16.008537886872997,-0.0770785925115162,-0.07627471468368863,0.005879147652036197,0.267,Not significant
2,4397,0900300011285,17.379310344827587,-0.07555650796903562,-0.07678965630382538,0.005801958278459489,0.261,Not significant
2,4398,090030001061A,16.48664013644116,-0.07654771516599473,0.14794656063771985,-0.011324971183484748,0.062,Not significant
2,4399,0900300010770,1039.8773006134968,1.0598094505998212,-0.037378746976362495,-0.03961434929712847,0.898,Not significant
2,4400,0900300010484,31.904287138584248,-0.05942819832189319,-0.07218802039994233,0.004290003992792644,0.492,Not significant
2,4401,0900300010709,20.853384664741736,-0.07169894956020945,-0.06396076730106356,0.00458591982855125,0.759,Not significant
2,4402,0900300010963,24.70841006752609,-0.06741838895921551,0.053256599599366336,-0.0035904741464352803,0.871,Not significant
2,4403,0900300011637,13.824884792626728,-0.07950328714380524,-0.06486782496559043,0.0051572053146334345,0.74,Not significant
2,4404,0900300011641,62.82722513089005,-0.025091846104541182,-0.07570931277634096,0.001899686424864521,0.296,Not significant
2,4405,0900700010638,18.50072080730418,-0.07431131113070802,-0.08037585598680749,0.005972835241632632,0.122,Not significant
2,4406,0900700012121,1424.657534246575,1.4870634725684888,-0.07182085224332392,-0.10680216593978561,0.505,Not significant
2,4407,0900700010271,15.662650602409638,-0.07746266040408814,-0.06941417021100477,0.005377006294286633,0.608,Not significant
2,4408,0900700010623,18.59009755199705,-0.07421206857534092,-0.07105835194271942,0.005273387287223804,0.611,Not significant
2,4409,0900700010479,20.860781730346947,-0.07169073597293457,-0.07409184666350133,0.0053116990169002265,0.456,Not significant
2,4410,0900700014274,2.91497975708502,-0.09161747700672937,-0.0891905350941199,0.008171411798203418,0.039,Low-Low
2,4411,0900700012795,11.180124223602483,-0.08243998838646131,-0.08466263328468125,0.006979586504756355,0.062,Not significant
2,4412,0900700014842,5.277044854881266,-0.08899467644429813,-0.08740898354532763,0.007778934208941411,0.07,Not significant
2,4413,0900700015291,11.433597185576076,-0.08215853592867524,-0.08281706175052982,0.0068041285433382195,0.083,Not significant
2,4414,0900700011458,37.65932792584009,-0.05303789001594854,-0.06566021205860681,0.0034824791055882457,0.736,Not significant
2,4415,0900700011462,31.48148148148148,-0.05989767518613494,-0.07151430872004329,0.0042835408348741305,0.493,Not significant
2,4416,0900700013897,35.56007112014224,-0.055368872314365644,-0.06695967777269712,0.0037074818488075346,0.678,Not significant
2,4417,0900700011180,52.65724037055095,-0.0363844399344998,-0.07142725852270572,0.002598840797405375,0.529,Not significant
2,4418,0900700011195,17.194323144104803,-0.07576191489645308,-0.022092386745834705,0.001673761524497457,0.976,Not significant
2,4419,0900700010500,13.971414806487877,-0.07934058248205539,-0.07678297330417773,0.00609200582665757,0.269,Not significant
2,4420,0900700010515,21.40159462861939,-0.07109022569272154,-0.07359925394697167,0.005232187573906142,0.407,Not significant
2,4421,090070001369A,16.09517144856543,-0.0769823959441378,-0.07655634636540345,0.005893490967938044,0.331,Not significant
2,4422,090070001440A,9.232954545454543,-0.08460209549001244,-0.08342728396493884,0.007058123044474139,0.075,Not significant
2,4423,0900700010642,21.868787276341948,-0.07057146220040557,-0.07073041185691037,0.004991548586779068,0.556,Not significant
2,4424,0900700013632,10.625561209218796,-0.08305576658300047,-0.07780838413112688,0.006462434990595312,0.201,Not significant
2,4425,0900700011852,12.536873156342182,-0.08093347534954812,-0.07643947682584355,0.006186512513416764,0.263,Not significant
2,4426,0900700011867,12.058875687178576,-0.08146423634852851,0.1839240730286082,-0.014983234155386556,0.047,Low-High
2,4427,0900700011941,17.890772128060263,-0.07498858871313692,0.1463686297023574,-0.010975976973255515,0.058,Not significant
2,4429,0900700012371,17.8359096313912,-0.07504950718115638,-0.061197375279804865,0.004592832855529637,0.828,Not significant
2,4430,0900700012386,18.5595567867036,-0.07424598056890261,-0.062461530387459024,0.004637517571451202,0.779,Not significant
2,4431,0900700010017,23.006134969325156,-0.06930856890774427,-0.06826952319162471,0.004731662952425567,0.642,Not significant
2,4432,0900700010888,12.10387323943662,-0.08141427176225162,-0.07753808381046295,0.006312706627269273,0.324,Not significant
2,4433,0900700011176,26.605504587155963,-0.06531188453742262,-0.07136020267792506,0.004660669317867718,0.524,Not significant
2,4434,0900700010924,22.080340516094704,-0.07033655675401235,-0.07264878856430156,0.005109865639963239,0.449,Not significant
2,4435,0900700014397,10.365853658536585,-0.08334414183168963,-0.0828010044712797,0.006900978660460702,0.082,Not significant
2,4436,0900700013100,12.608353033884947,-0.08085410519874381,-0.08593239375228542,0.006947986804427161,0.081,Not significant
2,4437,0900700014575,15.151515151515152,-0.07803021730560425,-0.07801360493817827,0.006087418546119611,0.221,Not significant
2,4438,0900700010680,18.88,-0.0738901653795392,-0.06577155320554666,0.004859870943627004,0.734,Not significant
2,4439,0900700010695,15.414258188824663,-0.07773847149949874,-0.07163635145862624,0.00556890046619449,0.492,Not significant
2,4440,0900700010727,49.06006419073819,-0.04037868874516108,-0.054124460966697305,0.0021854747628738905,0.869,Not significant
2,4441,0900700014147,11.811023622047244,-0.08173944744937102,-0.07526894542534464,0.006152442009164533,0.388,Not significant
2,4442,0900700011015,18.087448883296634,-0.07477020188513106,-0.08078810007352713,0.006040542552413795,0.113,Not significant
2,4443,0900700015427,4.903105300023348,-0.08940989314417304,-0.06866517361125574,0.006139345835308466,0.665,Not significant
2,4444,0900700013115,8.695652173913043,-0.08519870773562306,-0.0863008661464495,0.007352722272142477,0.085,Not significant
2,4445,0900700012174,21.285653469561517,-0.07121896496306156,0.24031708321706122,-0.01711513392966103,0.039,Low-High
2,4446,0900700012189,15.325670498084293,-0.07783683790155731,-0.07577065473783753,0.005897748170523925,0.355,Not significant
2,4447,0900700012390,106.4312736443884,0.02332541516068904,0.04052926078701191,0.0009453618340128874,0.925,Not significant
2,4448,0900700012403,1071.6723549488054,1.0951141873198134,1.221291945477669,1.3374541363520112,0.013,High-High
2,4449,0900700012456,16.717325227963524,-0.0762915660072125,1.6751899237311292,-0.12780286264095073,0.013,Low-High
2,4450,0900700013083,7.4719800747198,-0.08655745431419526,-0.0844822082665212,0.0073125648823917375,0.077,Not significant
2,4451,0900700010939,20.95947834187238,-0.07158114478154003,-0.07167873825241816,0.005130846140604456,0.484,Not significant
2,4452,0900700010981,18.95881895881896,-0.07380264602636241,-0.07215748532959042,0.005325413347932201,0.506,Not significant
2,4453,0900700010021,25.93774940143655,-0.06605334957083989,-0.0705891044988485,0.004662646795354987,0.551,Not significant
2,4454,090070001006A,16.57084883327697,-0.07645421113105995,-0.07273686041395169,0.005561039283098699,0.515,Not significant
2,4455,0900700010089,50.373134328358205,-0.0389206759669889,-0.061239196763300786,0.0023834709337031052,0.78,Not significant
2,4456,0900700010093,9.540846750149075,-0.08426021674653733,-0.07275195848605456,0.0061300957907700435,0.487,Not significant
2,4457,0900700010178,42.06241519674356,-0.04814876999070712,-0.06792690505029736,0.0032705969274473695,0.652,Not significant
2,4458,0900700010182,22.063815342837746,-0.07035490605088526,0.12203266663935576,-0.008585596796550875,0.061,Not significant
2,4459,0900700010214,12.576588197355692,-0.08088937638207919,-0.06991062895074256,0.005655027178304496,0.58,Not significant
2,4460,0900700010318,11.054421768707485,-0.08257956644877008,-0.07255337911012236,0.005991426591307156,0.553,Not significant
2,4461,0900700010322,33.25991189427313,-0.05792293355379525,-0.07900717843220822,0.004576327546601642,0.131,Not significant
2,4462,0900700010375,16.124346310284718,-0.07695000062878532,-0.07215512309751705,0.0055523367677240195,0.485,Not significant
2,4463,0900700010483,13.270421704511945,-0.08011895438376047,-0.07251090753146572,0.005809498092838576,0.462,Not significant
2,4464,0900700010498,16.357287263370704,-0.0766913465962029,-0.07327218165344847,0.005619342279044556,0.453,Not significant
2,4465,0900700010801,18.6352425322006,-0.0741619402873529,-0.0658687619347591,0.004884955189407468,0.728,Not significant
2,4466,0900700010892,9.45945945945946,-0.08435058793571183,-0.07145729693614918,0.0060274650088609225,0.567,Not significant
2,4467,090070001134A,18.185575532134735,-0.07466124357149179,-0.0747981237245162,0.005584520934086683,0.33,Not significant
2,4468,0900700011354,12.20623064310439,-0.08130061568386526,-0.0699690993141152,0.0056885308530830805,0.612,Not significant
2,4469,0900700013134,9.34094447327452,-0.08448218514389734,-0.08701620682557112,0.007351319295557563,0.058,Not significant
2,4470,0900700013420,5.113900511390051,-0.08917582940077907,-0.08739965291535409,0.0077939365380669205,0.069,Not significant
2,4471,0900700013492,10.666666666666666,-0.08301012371862139,0.22034939157492653,-0.0182912302559576,0.042,Low-High
2,4472,0900700013539,11.44114411441144,-0.08215015593558678,-0.08280718822841811,0.0068026234255520335,0.08,Not significant
2,4473,0900700014289,2.625533311453889,-0.09193887386454812,-0.08889636740889505,0.008173031910222927,0.05,Not significant
2,4474,0900700014325,8.92325996430696,-0.08494597556443274,0.28218094709768854,-0.02397013583690874,0.046,Low-High
2,4475,0900700014359,7.64525993883792,-0.08636504703232524,-0.08354715711711945,0.007215554153837088,0.063,Not significant
2,4476,0900700015408,4.814004376367615,-0.08950882943212522,-0.061729646636222574,0.005525348411667009,0.812,Not significant
2,4477,0900700014363,7.4493927125506065,-0.08658253497190299,-0.07985921835856633,0.006914413566359406,0.128,Not significant
2,4478,0900700015107,18.33917164640429,-0.0744906928211042,-0.0705912959352918,0.005258394541359483,0.505,Not significant
2,4479,0900700015338,6.309148264984227,-0.08784864477606392,-0.08621113992961854,0.0075735318074166,0.065,Not significant
2,4480,0900700010337,14.261587539876148,-0.07901837916554094,-0.07538996183414061,0.005957192589485783,0.347,Not significant
2,4481,0900700010553,25.36669542709232,-0.06668743907433664,-0.07118114619371665,0.0047468883500349284,0.531,Not significant
2,4482,0900700010568,16.612433635896554,-0.07640803600921382,-0.07809268790414567,0.005966908909436259,0.262,Not significant
2,4483,0900700010572,16.713615023474176,-0.07629568576091043,-0.07838075377959686,0.005980113360071415,0.177,Not significant
2,4484,0900700010587,28.82062950322336,-0.06285224408079954,-0.07040139721661313,0.00442488580148789,0.579,Not significant
2,4485,0900700010619,26.024955436720145,-0.06595651733763741,-0.07179174198339495,0.0047351332748269805,0.522,Not significant
2,4486,0900700010676,36.68025194516488,-0.05412504084645429,-0.07389866455386015,0.003999768237476105,0.355,Not significant
2,4487,0900700010708,15.83710407239819,-0.07726894996840585,-0.07502068102886554,0.005796769249015145,0.365,Not significant
2,4488,0900700013613,37.47397640527412,-0.05324370147848675,-0.062166681621469475,0.003309984238161649,0.786,Not significant
2,4489,0900700013628,9.499136442141625,-0.08430653122762559,-0.05069623573459693,0.004274023781081864,0.907,Not significant
2,4490,0900700013789,8.066684592632429,-0.08589710361280396,-0.04237380746928064,0.0036397873306578056,0.931,Not significant
2,4491,0900700013844,3.870967741935484,-0.09055596272980168,-0.0689891759352228,0.006247381244749767,0.662,Not significant
2,4492,0900700015037,13.983371126228269,-0.07932730636948383,-0.08781451559569615,0.006966088982347605,0.05,Not significant
2,4493,0900700015554,8.2930200414651,-0.08564578423001036,-0.08140447221275948,0.006971949862491873,0.113,Not significant
2,4494,090070001561A,1.5860428231562251,-0.09309310803019102,-0.08458469312426586,0.007874251974717838,0.077,Not significant
2,4495,0900700015925,5.474952094169176,-0.08877492330582713,-0.07947471441176146,0.007055361676656638,0.178,Not significant
2,4496,0900700010765,28.951939779965254,-0.06270643917981988,-0.07192390034761302,0.004510091682723022,0.51,Not significant
2,4497,0900700012831,23.7747653806048,-0.06845509358359386,-0.08004566332297319,0.005479533373734977,0.129,Not significant
2,4498,0900700015681,9.35946183094472,-0.08446162375625503,-0.07284629407089538,0.006152716281853477,0.477,Not significant
2,4499,0900700014128,8.060182697474477,-0.0859043232166553,-0.07786176279636522,0.006688662037477504,0.277,Not significant
2,4500,0900700015696,16.997167138810198,-0.07598083387631346,-0.07403929902849844,0.005625567679803037,0.417,Not significant
2,4501,0900700015910,6.21957815035154,-0.08794810204642231,-0.08054340601594032,0.007083639691456344,0.14,Not significant
2,4502,0900700015249,16.209476309226932,-0.07685547359423674,-0.08260475334981963,0.006348627439835501,0.08,Not significant
2,4503,0900700015766,13.678553981436249,-0.07966577061398965,-0.08697760863271425,0.006929138217887179,0.061,Not significant
2,4504,0900700015770,9.144350097975181,-0.08470048049849489,-0.08230627052468395,0.006971380661479838,0.098,Not significant
2,4505,090070001579A,16.483516483516485,-0.07655118362190448,-0.08674003607998176,0.0066400524293293035,0.05,Not significant
2,4506,0900700010958,13.57385247365601,-0.07978202954933807,-0.06398371782872825,0.005104750866488106,0.756,Not significant
2,4507,0900700011000,13.578122011856951,-0.07977728872013518,-0.07794305789071267,0.006218085833077595,0.232,Not significant
2,4508,0900700011087,16.096238563198916,-0.07698121103654847,0.1892267085201003,-0.014566901182337284,0.054,Not significant
2,4509,0900700014039,8.727948003714019,-0.08516284694556896,-0.08068399189599679,0.0068712784527963,0.147,Not significant
2,4510,0900700013651,50.52005943536404,-0.038757532599920104,0.08982693066002925,-0.0034814701934068465,0.081,Not significant
2,4511,0900700013666,14.124293785310734,-0.0791708280277795,-0.07081276153468494,0.0056063049656347,0.599,Not significant
2,4512,0900700013702,14.24287856071964,-0.07903915332671879,-0.06953396755533904,0.005495905923021532,0.65,Not significant
2,4513,0900700013967,8.796041781198461,-0.08508723666791365,-0.08020605819301443,0.006824511855669474,0.141,Not significant
2,4514,0900700013986,7.168458781362007,-0.08689447966530493,-0.07989140968683586,0.006942122474465304,0.174,Not significant
2,4515,0900700014043,12.678288431061805,-0.08077645001505711,-0.08192535996690631,0.006617639744332368,0.101,Not significant
2,4516,0900700014058,13.634955066625349,-0.07971418217487089,-0.0805845948065208,0.006423735070895154,0.126,Not significant
2,4517,0900700014448,22.222222222222225,-0.07017901350129795,-0.0756807066424187,0.0053111973332460715,0.311,Not significant
2,4518,090070001383A,34.40559440559441,-0.05665078540772401,-0.06904257335738839,0.003911316007266453,0.6,Not significant
2,4519,0900700014077,8.208798147758367,-0.08573930291854656,-0.08315366283398298,0.007129537086509554,0.082,Not significant
2,4520,0900700014768,13.101604278074866,-0.0803064066438275,-0.08341898716051742,0.006699079104728737,0.074,Not significant
2,4521,0900700014838,10.256410256410255,-0.08346566609320093,-0.08363536352909025,0.006980681325902521,0.086,Not significant
2,4522,0900700014857,7.080610021786493,-0.08699202556962335,-0.08586514366942082,0.007469582773629638,0.071,Not significant
2,4523,0900700014861,2.7901785714285716,-0.09175605431361106,-0.0856358438832528,0.00785760714254366,0.065,Not significant
2,4524,0900700014772,9.11214953271028,-0.0847362355082811,-0.08165970495619641,0.0069195359907050094,0.09,Not significant
2,4525,0900700015018,17.062562730010036,-0.07590821962298933,-0.07937480502161773,0.006025200132112915,0.183,Not significant
2,4526,0900700014876,5.965292841648591,-0.08823045652145618,-0.08633956567324093,0.007617779295214295,0.064,Not significant
2,4527,0900700014895,22.767075306479857,-0.06957401706103618,-0.06194516904235162,0.004309774247801342,0.793,Not significant
2,4528,0900700014908,18.03935860058309,-0.07482360059148603,-0.060915681232672755,0.004557930602311788,0.795,Not significant
2,4529,0900700014880,6.092098190288479,-0.08808965382298599,-0.08625977849782429,0.007598594026720792,0.054,Not significant
2,4530,0900700014946,10.2803738317757,-0.08343905730963903,-0.07693479749267476,0.006419366977096763,0.296,Not significant
2,4531,0900700014965,10.209042294603792,-0.08351826274558918,-0.07789746188318293,0.00650586068877419,0.188,Not significant
2,4532,090070001497A,27.5038920601972,-0.06431432897819095,-0.07252594272961228,0.004664457340165721,0.508,Not significant
2,4533,0900700014984,7.996001999000499,-0.08597558847188126,-0.07236227171669449,0.006221388894004978,0.514,Not significant
2,4534,0900700011104,16.64834301869012,-0.07636816278578937,-0.07541179346601187,0.005759060119380721,0.33,Not significant
2,4535,0900700011123,46.269055897298735,-0.043477781199730975,-0.06486797369783466,0.002820315567304359,0.73,Not significant
2,4536,0900700014503,3.9496420636879774,-0.09046860397938714,-0.0815440795750131,0.007377179041935491,0.098,Not significant
2,4537,0900700015304,7.924528301886792,-0.0860549517600327,-0.08355746070653214,0.007190533250291451,0.077,Not significant
2,4538,0900700015319,7.322788517867603,-0.08672311431212969,-0.08686955657878097,0.00753359848542564,0.072,Not significant
2,4539,0900700015465,5.06471581316826,-0.0892304433291926,-0.0825357352856327,0.00736470025003789,0.108,Not significant
2,4540,0900700015569,7.535245503159941,-0.086487205360663,-0.08359933013090268,0.007230272433045241,0.08,Not significant
2,4541,0900700015573,12.460156476383656,-0.08101866036478364,-0.08226336633520627,0.006664867737575853,0.095,Not significant
2,4542,0900700015588,11.3062304546548,-0.08229996197735062,-0.08464985445420406,0.006966679802969259,0.07,Not significant
2,4543,0900700015639,8.635578583765112,-0.08526541252126774,-0.06685242609275759,0.005700199688846538,0.706,Not significant
2,4544,0900700015643,7.177033492822967,-0.08688495843828054,-0.07797088251744455,0.006774496886924224,0.262,Not significant
2,4545,0900700015662,27.681660899653977,-0.06411693720751326,0.12006517673223155,-0.007698211397349472,0.079,Not significant
2,4546,0900700015677,19.387001477104874,-0.07332719877859972,0.12409154595803087,-0.009099285457208273,0.068,Not significant
2,4547,0900700015751,3.024193548387097,-0.09149620770152708,-0.08454443597178568,0.00773549527368296,0.071,Not significant
2,4548,0900700015817,7.936507936507936,-0.08604164975897804,-0.08262806666765458,0.007109455172479824,0.079,Not significant
2,4549,090070001586A,4.359889021006738,-0.0900130721012034,0.28142040240744826,-0.025331514972651317,0.044,Low-High
2,4550,0900700015821,10.683760683760685,-0.08299114278634726,-0.08612893929576756,0.007147939099131681,0.058,Not significant
2,4551,0900700015836,2.032520325203252,-0.09259734631533634,-0.0791190245999754,0.007326211721015537,0.228,Not significant
2,4552,0900700015840,9.271523178807948,-0.08455926947588358,-0.0829217626815788,0.007011803676006888,0.072,Not significant
2,4553,0900700014715,1437.5,1.5013235479713694,-0.07357751364648199,-0.11046365383864819,0.357,Not significant
2,4554,0900700011301,25.710754017305316,-0.0663054017355851,-0.07425754556718829,0.004923676390730936,0.384,Not significant
2,4555,0900700011091,24.57466918714556,-0.06756689276489358,-0.07699269256066296,0.005202157001926735,0.231,Not significant
2,4556,0900700011246,19.64409521608505,-0.07304172586600985,-0.07200674641068106,0.005259497031832254,0.472,Not significant
2,4557,0900700011369,15.088945362134687,-0.0780996938322806,-0.054250499447312285,0.004236947397083398,0.873,Not significant
2,4558,0900700012691,19.537203824303727,-0.07316041641469315,-0.0776807688931837,0.005683157399638862,0.238,Not significant
2,4559,0900700011636,16.64932362122789,-0.07636707393989346,-0.07724187656715016,0.0058987360990596805,0.254,Not significant
2,4560,090070001465A,14.316392269148174,-0.07895752484154595,-0.07610819158279325,0.006009314427543536,0.334,Not significant
2,4561,0900700011640,12.00192030724916,-0.08152747872176017,-0.07181913288807672,0.00585523282834794,0.529,Not significant
2,4562,0900700011655,21.24183006535948,-0.07126762579349168,-0.07740052446427839,0.00551615161374019,0.217,Not significant
2,4563,090070001166A,16.29502572898799,-0.07676048084129596,-0.07031340399134685,0.005397290699964082,0.584,Not significant
2,4564,0900700011674,20.698177324683346,-0.07187128939080023,0.12119648047181517,-0.008710547321136297,0.059,Not significant
2,4565,0900700011689,14.347202295552368,-0.07892331386461021,-0.0759581983104575,0.005994872725846542,0.355,Not significant
2,4566,0900700011693,17.395626242544733,-0.07553839104848631,-0.07185584317789977,0.0054278747810908995,0.488,Not significant
2,4567,0900700011706,21.8609099603771,-0.07058020905025417,-0.07009840560492986,0.004947560121685458,0.631,Not significant
2,4568,0900700011710,19.34210526315789,-0.07337705084038287,-0.07205584485628488,0.005287245391366356,0.48,Not significant
2,4569,0900700011763,13.438368860055608,-0.07993246845903741,-0.07313847537718046,0.005846138876228562,0.456,Not significant
2,4570,0900700011960,35.32536520584329,-0.055629486132589175,-0.06902783350695313,0.0038399829068377234,0.597,Not significant
2,4571,0900700011975,17.71934838525293,-0.07517893498660272,-0.0679993208941266,0.005112116524632679,0.67,Not significant
2,4572,0900700010657,16.17954070981211,-0.07688871362096383,-0.07280112257565392,0.0055975846650041395,0.51,Not significant
2,4573,090070001198A,29.991714995857496,-0.06155188885705844,-0.06726819598271075,0.004140484522742637,0.686,Not significant
2,4574,0900700014560,12.383900928792569,-0.08110333334576839,-0.07318202782773389,0.005935306397832,0.486,Not significant
2,4575,090070001287A,15.739769150052464,-0.07737702916118963,-0.08086314294082585,0.006256949769397727,0.1,Not significant
2,4576,0900700012884,9.526558891454963,-0.08427608176391292,-0.0787464174294935,0.006636439513903212,0.179,Not significant
2,4577,0900700012899,10.0625095288916,-0.08368097046295189,-0.07603394101943832,0.006362593972629445,0.325,Not significant
2,4578,0900700014452,11.73469387755102,-0.08182420281745198,-0.07885843228457802,0.006452528357119615,0.188,Not significant
2,4579,0900700012920,8.26901874310915,-0.08567243490059763,-0.0855516672992561,0.007329419647333106,0.077,Not significant
2,4580,0900700012935,5.120960621578669,-0.0891679899635888,-0.08404078782624867,0.007493748125423037,0.088,Not significant
2,4581,090070001294A,13.94422310756972,-0.07937077572409708,-0.08544609860394319,0.006781923128792659,0.086,Not significant
2,4582,0900700012954,7.092198581560284,-0.08697915781203241,-0.08403355004743888,0.007309167411081511,0.078,Not significant
2,4583,0900700012973,7.995735607675906,-0.08597588426868914,-0.08544286312942152,0.007346025712000591,0.072,Not significant
2,4584,0900700013030,7.215769095388947,-0.08684194702411971,-0.08119010198808184,0.007050706535731879,0.128,Not significant
2,4585,0900700015855,0.0,-0.09485422545768919,-0.07724459949585001,0.007326976655968262,0.301,Not significant
2,4586,0900700011138,57.46644295302013,-0.031044375746635506,-0.06823898601250146,0.0021184367223415,0.607,Not significant
2,4587,0900700011142,15.9375,-0.07715747188271485,-0.05981470519001249,0.004615151433871267,0.825,Not significant
2,4588,0900700011157,15.401953418482345,-0.07775213452623095,-0.07288770432362335,0.005667174591878508,0.519,Not significant
2,4589,0900700011208,145.30776992936427,0.06649327552860268,-0.07378881346919616,-0.004906459904935929,0.384,Not significant
2,4590,0900700011250,11.471648639790232,-0.08211628418226599,-0.07481885247053369,0.0061438461516613785,0.398,Not significant
2,4591,0900700011509,16.5380374862183,-0.07649064434350608,0.15072903950262886,-0.011529361352833863,0.057,Not significant
2,4592,0900700010233,16.554578375581997,-0.07647227759571124,-0.057013219351798095,0.00435993073689588,0.857,Not significant
2,4593,0900700011513,17.575039494470776,-0.07533917334762859,-0.0733088599985859,0.005523028911350499,0.472,Not significant
2,4594,090070001159A,9.775906151300948,-0.0839992104219779,-0.07396661148047567,0.006213136961949163,0.365,Not significant
2,4595,0900700011566,15.7911033130354,-0.07732002850034027,-0.07628887148908972,0.005898657717795214,0.258,Not significant
2,4596,0900700011621,23.901661734577736,-0.06831418983420898,-0.07260686080287004,0.004960078872153251,0.421,Not significant
2,4597,0900700015906,11.375661375661377,-0.0822228669562032,-0.07950877784285137,0.006537439662423086,0.148,Not significant
2,4598,0900700014429,15.129331381161542,-0.07805484982120027,-0.07725045127847939,0.006029772373161657,0.317,Not significant
2,4599,0900700015056,9.925558312655088,-0.08383303897592637,-0.08347829143344732,0.006998238859383929,0.123,Not significant
2,4600,0900700014556,2.822201317027281,-0.09172049675203274,-0.0862890927628072,0.00791447845248691,0.066,Not significant
2,4601,0900700015802,2.1598272138228944,-0.09245598671462742,-0.08619728270882357,0.007969454824963975,0.045,Low-Low
2,4602,0900700011814,18.137520303194368,-0.07471460335467903,-0.0749924942181776,0.005603034460089199,0.381,Not significant
2,4603,0900700011890,15.146051208077894,-0.0780362843839137,-0.07691327627779646,0.0060020263005126475,0.243,Not significant
2,4604,0900700011918,15.34423581667676,-0.07781622325884849,-0.08321986334659066,0.0064758554657491614,0.089,Not significant
2,4605,0900700011848,8.496176720475788,-0.08542020219483783,-0.07735746885643491,0.00660789063099754,0.298,Not significant
2,4606,0900700012140,8.544828465756918,-0.08536618004912912,-0.08008449374131256,0.006836507311864242,0.12,Not significant
2,4607,0900700012155,15.388697267179625,-0.07776685395167138,-0.08219223679970462,0.0063918316751638195,0.084,Not significant
2,4608,090070001216A,8.167710318540703,-0.0857849262088114,-0.07419958656794232,0.006365206058455245,0.372,Not significant
2,4609,0900700012460,26.1569416498994,-0.06580996188728903,1.5305676454683352,-0.10072659841418885,0.018,Low-High
2,4610,0900700012475,11558.823529411764,12.739884699506401,0.12032047806238344,1.5328690175042543,0.064,Not significant
2,4611,0900700012494,35.54868624420401,-0.05538151390457493,-0.07490079517787844,0.0041481194296073935,0.346,Not significant
2,4612,0900700012507,31.178358551123335,-0.060234258201129265,-0.05951851358875737,0.003585053515252632,0.823,Not significant
2,4613,0900700012530,10.6973058637084,-0.08297610242796838,-0.0696121150224751,0.005776141986332409,0.611,Not significant
2,4614,0900700012545,15.116613878491219,-0.07806897113952786,-0.07416140252254237,0.005789704393199269,0.454,Not significant
2,4615,0900700012757,16.77913550975743,-0.07622293282601679,-0.0810563053818351,0.00617834932024472,0.101,Not significant
2,4616,0900700014062,7.023411371237458,-0.08705553806678962,-0.08129929828500579,0.007077554156653606,0.082,Not significant
2,4617,0900700011994,18.930159185429517,-0.0738344693955977,-0.07905169927403136,0.005836740270718461,0.145,Not significant
2,4618,0900700012047,16.683417085427138,-0.07632921708439848,0.12409897543143064,-0.009472377635657102,0.063,Not significant
2,4619,0900700012070,18.55976243504083,-0.07424575222016866,-0.08398852084205388,0.006235790907777604,0.061,Not significant
2,4620,0900700012085,8.449732712536644,-0.08547177290313795,-0.07588280145994696,0.006485837573638491,0.289,Not significant
2,4621,090070001209A,13.390465988216388,-0.07998565906725527,-0.07246143781057515,0.005795875860239785,0.485,Not significant
2,4622,0900700012102,32.14984623986581,-0.059155533292655736,0.1490244670719739,-0.00881562182329643,0.06,Not significant
2,4623,0900700015484,12.768007708985786,-0.08067682711608641,-0.08247866406649565,0.006654116921658438,0.09,Not significant
2,4624,0900700010074,27.016129032258064,-0.06485593350264098,-0.05898659315890722,0.0038256305634614234,0.824,Not significant
2,4625,090070001376A,32.23806571605704,-0.05905757575033922,-0.07343900833818899,0.00433712979796239,0.449,Not significant
2,4626,0900700014537,6.031363088057901,-0.08815709314141895,-0.08555695163404259,0.007542452154098169,0.067,Not significant
2,4627,0900700010360,15.60418648905804,-0.07752757805158383,-0.0755699997674791,0.005858759055331409,0.312,Not significant
2,4628,0900700014541,9.891196834817013,-0.08387119342962188,-0.0855968011569964,0.007179105866795327,0.059,Not significant
2,4629,0900700012117,17.696267696267697,-0.07520456342677918,-0.07761183051390458,0.0058367638305513725,0.257,Not significant
2,4630,0900700013717,21.229544449358688,-0.07128126755153923,-0.075433584574679,0.005377001524439356,0.369,Not significant
2,4631,0900700010943,13.95754579819715,-0.07935598241441934,-0.06602742301673706,0.005239671019785613,0.699,Not significant
2,4632,0900700010591,30.207512477016024,-0.06131227067063254,-0.07534329059960367,0.004619468226459024,0.362,Not significant
2,4634,0900700011496,22.18700475435816,-0.07021811843308305,-0.07573055183046329,0.005317656857434206,0.348,Not significant
2,4635,0900700013026,8.42358604091456,-0.08550080576302826,-0.07842269476607278,0.006705203592607242,0.228,Not significant
2,4636,0900700014594,5.154639175257732,-0.0891305938183201,-0.08059345397407149,0.007183342410578442,0.137,Not significant
2,4637,0900700014645,8.445945945945947,-0.08547597767020941,-0.08063834582498527,0.006892641447099066,0.099,Not significant
2,4638,0900700014683,2.5261638397690365,-0.09204921218945995,-0.06526710765754425,0.006007785841761617,0.75,Not significant
2,4639,0900700010962,8.164275111331024,-0.08578874060978198,-0.031875192523340645,0.0027345326232717324,0.956,Not significant
2,4640,0900700010784,20.334741123103395,-0.07227484332959772,-0.07211555776319295,0.0052121406389613245,0.448,Not significant
2,4641,0900700010816,27.340513670256836,-0.0644957418162302,-0.07429834972475188,0.0047919271812195754,0.451,Not significant
2,4642,0900700010820,19.784172661870503,-0.07288618603608189,-0.06769785656770715,0.0049342385680378915,0.656,Not significant
2,4643,0900700010835,13.913298183948449,-0.07940511428112615,-0.07629264508590382,0.00605802620185559,0.291,Not significant
2,4644,090070001084A,16.59412404787813,-0.07642836669264731,-0.06126184114148863,0.004682142459028401,0.796,Not significant
2,4645,0900700010854,32.8367284889024,-0.05839282986387301,-0.06355956964749618,0.003711423136647231,0.773,Not significant
2,4646,0900700011284,13.778100072516317,-0.07955523617363225,-0.07650438927034724,0.006086324756721971,0.319,Not significant
2,4647,090070001141A,26.940187839841816,-0.06494025742850011,-0.07103285661384001,0.004612891994384507,0.58,Not significant
2,4648,0900700011424,42.34640749739673,-0.04783342933114011,-0.07155514438705823,0.003422727942317877,0.495,Not significant
2,4649,0900700011439,20.889748549323016,-0.07165857166502741,-0.06407665883383785,0.0045916418491000815,0.758,Not significant
2,4650,0900700012687,6.65807560137457,-0.08746120125683744,-0.08030172559599222,0.00702328538362241,0.142,Not significant
2,4651,0900700012704,9.569377990430622,-0.08422853609847765,-0.0839229511878885,0.007068707323619845,0.076,Not significant
2,4652,0900700012719,11.329628046173578,-0.08227398165350085,-0.08501887183704515,0.006994841101722393,0.085,Not significant
2,4653,0900700012776,16.595423686195623,-0.07642692359435453,-0.08042444092211691,0.006146592601473309,0.121,Not significant
2,4654,0900700012780,10.331781140861466,-0.08338197542848809,-0.0824140399666176,0.006871845455458944,0.095,Not significant
2,4655,0900700011443,20.780537252914343,-0.07177983819993865,-0.06948803338168451,0.004987839792969249,0.625,Not significant
2,4656,0900700012808,11.574074074074074,-0.08200255256373543,-0.07364031337621119,0.006038693668442707,0.499,Not significant
2,4657,0900700012812,14.24183189053337,-0.07904031553311007,-0.07063655568569441,0.0055831356495693865,0.552,Not significant
2,4658,0900700012846,10.3322528363047,-0.08338145166516125,-0.07738646131747194,0.006452595483880658,0.25,Not significant
2,4659,0900700012850,20.33525693871943,-0.07227427057591321,-0.07882896806922654,0.005697306167455301,0.145,Not significant
2,4660,0900700014679,45.45454545454545,-0.04438220100143438,-0.07638724648934829,0.0033902341276363687,0.323,Not significant
2,4661,0900700013153,6.179775280898877,-0.08799229853723207,-0.08541725727505999,0.007516060802378636,0.084,Not significant
2,4662,0900700013204,8.339651250947686,-0.08559400565601091,-0.08357719114319934,0.007153706571424509,0.078,Not significant
2,4663,0900700013219,9.720215420990412,-0.08406104854782674,-0.08428666717678823,0.00708522562148251,0.072,Not significant
2,4664,0900700013223,10.648596321393997,-0.08303018875060918,-0.08310160070827106,0.006899941592285503,0.091,Not significant
2,4665,0900700013238,8.0,-0.08597114915338835,-0.08575111978839459,0.007372122309398143,0.055,Not significant
2,4666,0900700013257,9.138058779945665,-0.08470746628075874,-0.08697764876713987,0.007367656250122178,0.055,Not significant
2,4667,0900700013276,6.384303955154158,-0.0877651930597537,-0.08539560910349105,0.007494762119423151,0.089,Not significant
2,4668,090070001351A,10.166520595968448,-0.08356547818228496,-0.08177541630701016,0.006833601767250727,0.1,Not significant
2,4669,0900700013558,43.74572795625427,-0.046279645529865014,-0.0647920329418361,0.0029985523177075116,0.724,Not significant
2,4670,0900700014081,4.194470924690181,-0.09019674979766493,-0.0844560070804606,0.007617657339546122,0.067,Not significant
2,4671,0900700014170,9.379187137114783,-0.08443972108127575,-0.08109115675052438,0.006847314658172289,0.131,Not significant
2,4672,0900700014185,18.19579702716556,-0.07464989378145391,-0.08261998741039658,0.006167573284411164,0.094,Not significant
2,4673,090070001419A,6.327206990057246,-0.08782859264696617,-0.0806411461441387,0.007082598375278025,0.122,Not significant
2,4674,0900700014202,17.933390264731,-0.07494126619313776,-0.08335620980328193,0.006246819907718791,0.087,Not significant
2,4675,090070001426A,7.5625363583478755,-0.0864569020170325,-0.09050645560488163,0.007824907764140153,0.058,Not significant
2,4676,090070001508A,6.590621039290241,-0.08753610175959597,-0.08636358721713132,0.007559931758962549,0.067,Not significant
2,4677,0900700015094,9.234828496042216,-0.08460001468425485,-0.08321992576632874,0.00704040694185401,0.099,Not significant
2,4678,0900700015111,4.312034496275969,-0.09006620902553958,-0.08088402016663637,0.00728491706715423,0.133,Not significant
2,4679,0900700015450,17.35106998264893,-0.0755878656305474,-0.08365664049401463,0.006323426900764588,0.077,Not significant
2,4680,0900700015431,19.082419813235887,-0.07366540154872961,-0.07073209281299117,0.005210508019451006,0.593,Not significant
2,4681,0900700015446,19.88360814742968,-0.07277577441038471,-0.06705936316160176,0.004880297085552793,0.716,Not significant
2,4682,090070001547A,42.77761500146499,-0.04735462318593694,-0.07511642987162827,0.003557110231643814,0.317,Not significant
2,4683,090070001038A,20.495803240288893,-0.07209600244501135,-0.07348823552909695,0.005298208008385343,0.494,Not significant
2,4684,0900700010604,23.816041609635917,-0.06840926109708922,-0.06841423030354145,0.004680166943591361,0.652,Not significant
2,4685,090070001091A,18.005540166204987,-0.0748611520581201,-0.07125768652296059,0.005334432506105209,0.523,Not significant
2,4686,0900700010977,21.996857591772603,-0.07042925490236977,-0.052661608833487895,0.0037089178721026067,0.888,Not significant
2,4687,090070001390A,18.971542685971045,-0.07378851779646652,-0.06358336547405054,0.004691722294841213,0.784,Not significant
2,4688,0900700013914,19.79458450046685,-0.07287462489149195,-0.07332603368285259,0.005343607199418786,0.508,Not significant
2,4689,0900700014927,15.560775102759836,-0.07757578138370413,-0.06853150041225585,0.005316384693878389,0.627,Not significant
2,4690,0900700015785,4.0,-0.09041268730553878,-0.08109843104153672,0.007332327086728259,0.102,Not significant
2,4691,090070001305A,8.93132121958731,-0.08493702447121228,-0.0812300134692928,0.006899435641838226,0.092,Not significant
2,4692,0900700014804,7.473841554559043,-0.08655538735576389,-0.08611731543060075,0.00745391759513415,0.066,Not significant
2,4693,0900700010905,20.54263565891473,-0.07204400045149031,-0.06929952866463124,0.004992615274402759,0.598,Not significant
2,4694,090070001262A,7.179675994108984,-0.0868820242457108,-0.0814159879397068,0.007073585838166104,0.1,Not significant
2,4695,0900700012634,9.285714285714285,-0.08454351189019714,-0.08267077423922477,0.006989277584865702,0.078,Not significant
2,4696,0900700012649,7.194244604316546,-0.08686584748619562,-0.08205817400688037,0.007128052828277372,0.111,Not significant
2,4697,0900700014611,5.326231691078561,-0.08894006014190967,-0.08245809644785611,0.00733382805725971,0.087,Not significant
2,4698,0900700013562,22.664455500276397,-0.06968796450714092,-0.0562858776695428,0.003922448245288374,0.85,Not significant
2,4699,0900700015412,4.856182293612253,-0.08946199572497016,-0.08555531885767831,0.007653949569894076,0.059,Not significant
2,4700,090070001593A,4.687069203198236,-0.08964977628574564,-0.0790120578102082,0.007083413306561566,0.192,Not significant
2,4701,0900700015376,0.0,-0.09485422545768919,-0.0689713200067629,0.006542221138035917,0.659,Not significant
2,4702,0900700014293,5.707762557077626,-0.08851641416752021,-0.08271375389711914,0.007321524897307737,0.094,Not significant
2,4703,0900700012206,11.5995115995116,-0.08197430712880366,-0.07607361206549285,0.006236081639854174,0.368,Not significant
2,4704,0900700012193,15.922330097087379,-0.07717431630835256,-0.08295419971169725,0.006401933647656772,0.086,Not significant
2,4705,0900700015874,10.442260442260443,-0.08325930092044147,-0.08422018321768535,0.007012113578095979,0.073,Not significant
2,4706,0900700012437,21.670606776989757,-0.0707915187626268,-0.06965727136597304,0.004931144032857667,0.609,Not significant
2,4707,0900700012441,18.17365941216065,-0.0746744750468644,-0.06974746029242058,0.005208354983188527,0.59,Not significant
2,4708,0900700011316,11.326378539493293,-0.08227758985547488,0.31944903570458144,-0.026283496739428504,0.032,Low-High
2,4709,0900700010040,20.46632124352332,-0.07212873879837031,-0.05733133917894129,0.004135237188598631,0.87,Not significant
2,4710,090070001013A,28.472222222222225,-0.06323911013856291,-0.07051864861323931,0.004459536586475257,0.58,Not significant
2,4711,0900700010197,24.98189717595945,-0.0671147131026585,0.17945813220108983,-0.012044281056615105,0.048,Low-High
2,4712,0900700010248,30.987734021949645,-0.06044592473089443,-0.06792768792581351,0.00410595191150741,0.685,Not significant
2,4713,0900700010407,16.207687894434883,-0.07685745942236942,0.11251714331478949,-0.008647781776637357,0.064,Not significant
2,4714,0900700010411,26.130653266331656,-0.06583915210193267,-0.07932057782630876,0.00522239958831953,0.208,Not significant
2,4715,0900700010426,9.134088417975887,-0.08471187490930039,-0.0732018475680493,0.006201065754314268,0.42,Not significant
2,4716,0900700015747,1.010611419909045,-0.09373205816305796,-0.08182442981540825,0.0076695722146169,0.157,Not significant
2,4717,090070001554A,10.158013544018058,-0.08357492428123496,-0.07743719014843123,0.006471807303206734,0.27,Not significant
2,4718,0900700010750,14.503652771809197,-0.078749593674806,2.2628395747565664,-0.1781976970633504,0.006,Low-High
2,4719,090070001077A,19.02643933778107,-0.07372756140310663,-0.07126474960089893,0.005254176202077294,0.572,Not significant
2,4720,0900700013149,8.026929052304506,-0.08594124755008542,-0.08549688139016794,0.007347708648312714,0.079,Not significant
2,4721,0900700013365,9.323064450749898,-0.08450203884444844,-0.08770312516269885,0.0074110928892779015,0.042,Low-Low
2,4722,090070001337A,8.907205530444031,-0.08496380215956109,-0.08014135876424837,0.006809114550844006,0.115,Not significant
2,4723,0900700013401,9.519867549668874,-0.08428351172637093,-0.08446234611125589,0.007118783138904836,0.074,Not significant
2,4724,0900700014433,19.461476939482804,-0.07324450237671205,-0.07907464963492147,0.005791783363122679,0.149,Not significant
2,4725,0900700013488,12.68882175226586,-0.08076475397805793,-0.08219269606575873,0.006638272876544294,0.075,Not significant
2,4726,0900700013505,9.458749343142406,-0.08435137643789051,-0.08188781967937102,0.0069073503034527235,0.097,Not significant
2,4727,0900700014306,7.717750826901874,-0.0862845542710704,-0.08307134276430234,0.007167773783117137,0.08,Not significant
2,4728,0900700014310,13.397457918241154,-0.07997789533626472,-0.08425950807825307,0.006738898118167675,0.062,Not significant
2,4729,090070001433A,12.440905697934808,-0.08104003613151843,-0.08182471441904945,0.006631077812970945,0.089,Not significant
2,4730,0900700014382,10.92896174863388,-0.0827188753152017,-0.08562780846039729,0.007083036011549576,0.059,Not significant
2,4731,0900700014414,18.186347782760336,-0.07466038607633763,-0.07291050378905646,0.0054435263619112325,0.466,Not significant
2,4732,0900700014664,14.248328002326256,-0.07903310235101786,-0.06890831200893616,0.005446037675838124,0.644,Not significant
2,4733,0900700015041,3.646308113035552,-0.09080542130805346,-0.08638940255376512,0.00784462609544567,0.062,Not significant
2,4734,0900700015060,14.162873039959534,-0.07912799021992846,-0.0819946243898226,0.006488069836804591,0.092,Not significant
2,4735,0900700015323,7.098765432098765,-0.08697186608273089,-0.08602522533178146,0.007481774377292446,0.063,Not significant
2,4736,0900700015342,6.717850287907869,-0.08739482836914482,-0.0844724121291809,0.007382451959957432,0.078,Not significant
2,4737,0900700012738,12.391758733950432,-0.08109460816041819,-0.08369954033868675,0.006787581426972918,0.085,Not significant
2,4738,0900700011759,24.950939164564055,-0.06714908839984032,-0.07898922016805084,0.005304054127698896,0.198,Not significant
2,4739,0900700015287,11.440677966101694,-0.08215067353946236,-0.06751447886595685,0.005546359912504152,0.712,Not significant
2,4740,0900700013806,23.557692307692307,-0.06869612816738022,-0.08006420736050013,0.0055001010504566235,0.134,Not significant
2,4741,0900700014471,12.31310466138962,-0.0811819444264434,-0.08106941592517444,0.006581372818321737,0.103,Not significant
2,4742,0900700011477,11.126564673157162,-0.08249946008314003,-0.07385440951548727,0.00609294890978682,0.459,Not significant
2,4743,0900700011299,21.67003756139844,-0.07079215081081822,-0.07614211488632283,0.0053902640800872125,0.232,Not significant
2,4744,0900700013242,7.167572911517548,-0.08689546332148292,-0.08433441884842313,0.00732827839978173,0.098,Not significant
2,4745,0900700013346,9.131736526946108,-0.084714486412735,-0.08661214544180121,0.007337303418207297,0.074,Not significant
2,4746,0900700015658,7.036059806508355,-0.08704149343983444,-0.07800688511230434,0.006789835778764558,0.165,Not significant
2,4747,0900700015605,24.16267942583732,-0.06802435982568006,-0.07096401916770229,0.004827281974540237,0.609,Not significant
2,4748,0900700013596,32.43360905528951,-0.05884044744993924,-0.06958833966235572,0.004094609043031365,0.529,Not significant
2,4749,0900700015183,6.866734486266531,-0.08722950965732923,-0.08636436402225832,0.007533521125528679,0.067,Not significant
2,4750,0900700014749,12.565274151436032,-0.08090193932373103,-0.0830769532124046,0.0067210866279903995,0.074,Not significant
2,4751,0900700012051,9.10226664286989,-0.084747209316351,0.06063031395188174,-0.005138249907396198,0.774,Not significant
2,4752,0900700013327,13.37419894120925,-0.08000372174473151,-0.08162808795523245,0.006530550835324887,0.11,Not significant
2,4753,0900700015130,12.34567901234568,-0.08114577437080517,-0.07993339051283475,0.006486256871247947,0.134,Not significant
2,4754,0900700014151,11.042097998619736,-0.08259325057252585,-0.07926550372100831,0.006546795610586719,0.183,Not significant
2,4755,0900700010445,24.68814968814969,-0.06744088577120984,-0.07208876179544996,0.004861729949634896,0.427,Not significant
2,4756,0900700015253,11.440107671601616,-0.08215130678565737,-0.07432888960113236,0.006106215412659882,0.445,Not significant
2,4757,0900700010464,19.123997532387413,-0.07361923429225689,-0.07333092625460053,0.005398566640805649,0.375,Not significant
2,4758,0900700010252,16.624843161856965,-0.076394256663463,-0.06648797077910605,0.005079299104731856,0.718,Not significant
2,4759,0900700010144,22.10242587601078,-0.07031203351184453,-0.06672402890787281,0.004691502156615636,0.7,Not significant
2,4760,0900700010036,24.82234984911905,-0.0672918719874673,-0.06889885587049513,0.004636332989320318,0.625,Not significant
2,4761,0900700012511,20.08032128514056,-0.0725573471838417,-0.07078551597721079,0.005136009258345857,0.569,Not significant
2,4762,0900700012526,23.674242424242426,-0.06856671272005649,-0.07056189465971237,0.004838197160115386,0.595,Not significant
2,4763,0900700014344,9.318996415770608,-0.08450655592758964,-0.08231596131981654,0.006956238389006382,0.097,Not significant
2,4764,0900700014734,12.082506257012168,-0.08143799732916025,0.12325329724476095,-0.010037501691829036,0.052,Not significant
2,4765,0900700011049,26.01279317697228,-0.06597002212280904,-0.07455067359375575,0.004918109586250383,0.424,Not significant
2,4766,090070001472A,21.71945701357466,-0.07073727621524345,0.2399909530835485,-0.016976306337430504,0.034,Low-High
2,4767,0900700015395,1.9635343618513323,-0.09267394726238394,-0.08383168073561739,0.007769012759409614,0.067,Not significant
2,4768,0900700011481,7.392197125256674,-0.08664604406767815,-0.07106309536003107,0.006157336092150866,0.626,Not significant
2,4769,0900700013581,14.459665144596652,-0.07879843685592777,-0.06430286953245054,0.0050669656045077656,0.75,Not significant
2,4770,0900700014113,18.19970486965076,-0.07464555457358127,-0.08103122161144148,0.006048620474960813,0.096,Not significant
2,4771,0900700014522,8.01068090787717,-0.08595928923842933,-0.08570402066512081,0.007367056701249444,0.061,Not significant
2,4772,0900700014698,22.89156626506024,-0.06943578422550303,-0.07377037715511366,0.00512230399037645,0.347,Not significant
2,4773,0900700015179,12.714558169103624,-0.0807361766587368,-0.0800588733710235,0.006463647343582393,0.127,Not significant
2,4774,0900700015198,31.402273957769356,-0.05998562599576113,0.039279584264666455,-0.002356210450969266,0.919,Not significant
2,4775,090070001515A,12.85189718482252,-0.08058367753921324,-0.08651226068644238,0.006971476118344627,0.057,Not significant
2,4776,0900700015126,3.502987842571605,-0.09096456192036398,-0.08162176757824122,0.00742468833092048,0.124,Not significant
2,4777,0900700015268,11.953752694493437,-0.08158096329419832,-0.07050313199554999,0.005751713423454983,0.607,Not significant
2,4778,0900700015200,14.683975313896571,-0.07854936631221254,0.19276254916427962,-0.01514137608558088,0.046,Low-High
2,4779,0900700010356,18.93791487700117,-0.07382585759559473,-0.079106027441019,0.005840070316813877,0.173,Not significant
2,4780,0900700011778,16.159284374549127,-0.07691120594243715,-0.0807308417571174,0.006209106396287961,0.111,Not significant
2,4781,0900700013825,15.588235294117649,-0.07754529001180886,-0.08063261815548488,0.006252679759278519,0.14,Not significant
2,4782,0900700011265,15.325670498084293,-0.07783683790155731,-0.07954291849870744,0.006191369253400675,0.131,Not significant
2,4783,0900700011053,17.509995863780503,-0.07541139678944489,-0.07521969364399284,0.0056724221637676295,0.372,Not significant
2,4784,090070001127A,20.239190432382703,-0.0723809413391728,-0.07449674072230801,0.005392144220180942,0.388,Not significant
2,4785,0900700015624,9.879253567508233,-0.0838844550489752,0.11998669768556569,-0.010065018748479811,0.048,Low-High
2,4786,090070001401A,5.896635449184877,-0.08830669262846988,-0.08235747844780449,0.007272716534946103,0.082,Not significant
2,4787,0900700011833,11.174636174636174,-0.08244608223117748,-0.07983806457961477,0.006582335637508978,0.136,Not significant
2,4788,0900700014109,8.465746288095858,-0.0854539916764383,-0.085902784187504,0.007340735804941842,0.061,Not significant
2,4789,0900700014096,11.1969720864217,-0.08242128078008787,-0.08454574029231238,0.006968368199393066,0.083,Not significant
2,4790,0900700013859,10.047846889952153,-0.08369725163051708,-0.07848873075698728,0.00656929104832747,0.213,Not significant
2,4791,0900700013863,17.818444497953287,-0.07506890019528062,-0.07676956472507548,0.005763006792381827,0.274,Not significant
2,4792,0900700015499,17.210549843540456,-0.07574389702029634,-0.08644473051459615,0.00654766076604484,0.072,Not significant
2,4793,0900700014791,5.620608899297424,-0.08861318824155277,-0.06944328415871628,0.006153590811267966,0.666,Not significant
2,4794,0900700014912,16.757312950169045,-0.07624716425876416,-0.07344829707725095,0.005600224371775661,0.434,Not significant
2,4795,0900700015145,11.612326931665923,-0.08196007718212969,-0.08109297428088237,0.006646386430989577,0.127,Not significant
2,4796,0900700015535,8.025291828793774,-0.08594306549775706,-0.07798182955696382,0.0067019974852490696,0.187,Not significant
2,4797,0900700011388,9.664478482859225,-0.08412293798212518,-0.061714867925726474,0.005191636007090935,0.769,Not significant
2,4798,0900700014024,7.031343105708497,-0.08704673079147315,-0.08180098327643874,0.00712050816974196,0.099,Not significant
2,4799,0900700015501,2.993016295310941,-0.09153082644128134,-0.08266113685157506,0.007566042170600522,0.114,Not significant
2,4800,0900700015516,8.141664970486463,-0.08581384656057862,-0.08487982683403529,0.007283864436024389,0.079,Not significant
2,4801,0900700015520,7.590666291818947,-0.0864256669738502,-0.08436358902993857,0.007291179450220232,0.064,Not significant
2,4802,0900700013045,8.545749226462354,-0.08536515765067858,-0.07823836393018355,0.006678830271231282,0.214,Not significant
2,4803,0900700013295,14.836223506743737,-0.07838031227293088,-0.08282139445389351,0.006491566760175759,0.081,Not significant
2,4804,0900700015357,14.792899408284024,-0.07842841868198495,-0.06754098209196852,0.005297132421701355,0.708,Not significant
2,4805,0900700015361,36.74046161092793,-0.054058184964550594,-0.07717795614225803,0.004172100228324158,0.215,Not significant
2,4807,0900700013990,8.568269762299613,-0.08534015119589657,-0.08313746618885226,0.00709496393460039,0.071,Not significant
2,4808,0900700015709,14.08450704225352,-0.07921500661208912,-0.08014367889176162,0.0063485820533280436,0.169,Not significant
2,4809,0900700015215,18.948446568794807,-0.07381416336786771,-0.08184274011871027,0.006041153389596421,0.081,Not significant
2,4810,0900700014931,10.5742935278031,-0.0831126934237455,-0.07665412088576384,0.006370930448845217,0.276,Not significant
2,4811,0900700012579,22.413402762055693,-0.06996672958589319,-0.06018012894001388,0.004210606807990136,0.829,Not significant
2,4812,0900700012600,27.855153203342617,-0.06392429403602887,-0.07344735029269762,0.004695070016277614,0.405,Not significant
2,4813,0900700014240,10.503369005152596,-0.08319144691706433,-0.08326212818563766,0.006926696917157281,0.073,Not significant
2,4814,0900700015075,10.812236286919832,-0.08284848546308428,-0.08480056494136194,0.007025598371805759,0.077,Not significant
2,4815,0900700010055,11.618481491488787,-0.08195324325406393,-0.05140677548150601,0.004212951975942912,0.892,Not significant
2,4816,0900700010106,26.246719160104984,-0.06571027432809325,-0.07782088698546082,0.005113631832270172,0.23,Not significant
2,4817,0900700010110,8.799171842650102,-0.08508376109607466,-0.04786320388103166,0.004072381404306411,0.905,Not significant
2,4818,0900700010731,10.508182601205856,-0.08318610197443442,2.0680539929933377,-0.17203335034978007,0.006,Low-High
2,4819,0900700013577,22.59105578607653,-0.06976946641488482,-0.05636993353920858,0.0039329001848731025,0.855,Not significant
2,4820,090070001255A,30.401958783921646,-0.061096360497966025,-0.07950519865320779,0.004857478278378786,0.157,Not significant
2,4821,0900700013774,20.437535981577433,-0.0721607015081584,-0.07438071543110135,0.005367364604186976,0.375,Not significant
2,4822,0900700013971,4.782699105843211,-0.08954359032047461,-0.07733987563970737,0.006925290139718411,0.265,Not significant
2,4823,0900700010286,41.12903225806452,-0.04918518397388443,-0.0672511027380099,0.0033077578606156197,0.651,Not significant
2,4824,0900700010290,18.26196473551637,-0.0745764221811838,-0.06311832995106548,0.004707139221801917,0.778,Not significant
2,4825,0900700010303,16.319129646418855,-0.0767337162240746,-0.06704361392916224,0.00514450564587675,0.735,Not significant
2,4826,0900700013740,22.53458277554663,-0.06983217317259366,-0.057064670501160854,0.003984949952474062,0.85,Not significant
2,4827,0900700011227,18.329153000192935,-0.07450181737094937,-0.07280733441442484,0.005424278731809116,0.46,Not significant
2,4828,0900700014236,7.75,-0.08624874528789775,-0.08139192670136496,0.00701995155455727,0.126,Not significant
2,4829,0900700015732,5.5720653789004455,-0.08866709021602348,-0.08232457082375326,0.0072994801482251445,0.071,Not significant
2,4830,0900700015380,9.44577216342324,-0.084365786097598,-0.08458615413626128,0.007136177386678273,0.088,Not significant
2,4831,0900700013755,9.837962962962964,-0.0839303034978285,-0.07846969994602489,0.006585985731853405,0.215,Not significant
2,4832,0900700013793,11.546298392574144,-0.0820333942510064,-0.08093527930660252,0.0066393956761738445,0.122,Not significant
2,4833,0900700012672,12.572533849129591,-0.08089387826766128,-0.08560362782395128,0.006924809448460897,0.086,Not significant
2,4834,0900700015728,6.913890634820867,-0.08717714819910109,-0.08680052974026198,0.0075670226449273004,0.059,Not significant
2,4835,0900700010746,23.145252095583636,-0.06915409540177063,1.5287906920793184,-0.10572213736939214,0.014,Low-High
2,4836,0900700015713,13.481126423007789,-0.07988499112225113,-0.0804390228298907,0.006425870624648374,0.113,Not significant
2,4837,090070001522A,15.557476231633537,-0.07757944439919574,-0.08415067646226236,0.006528362725758793,0.076,Not significant
2,4838,0900700015592,32.187670485542824,-0.059113533835093046,-0.06692025007543545,0.0039558924670871414,0.665,Not significant
2,4839,0900700013670,10.137581462708182,-0.08359761174840137,-0.07850770241205225,0.006563056425501778,0.186,Not significant
2,4840,0900700014166,16.22641509433962,-0.07683666502915446,-0.07908418294220752,0.00607656487383477,0.163,Not significant
2,4841,0900700014217,8.93407270486753,-0.08493396926450048,-0.08072197525423964,0.006856037765213358,0.098,Not significant
2,4842,0900700012988,10.652463382157125,-0.08302589482613015,-0.08403944346983942,0.006977449994773398,0.076,Not significant
2,4843,0900700015893,7.961232260297682,-0.08601419625212847,-0.08152673956580825,0.007012456976809598,0.087,Not significant
2,4844,0900700015889,4.555808656036447,-0.08979552596776844,-0.07932319878536076,0.00712286835637732,0.201,Not significant
2,4845,0900700013810,7.626310772163965,-0.0863860878940087,-0.07438420804054208,0.006425760733716496,0.474,Not significant
2,4846,0900700014467,4.1039671682626535,-0.09029724376943636,-0.07315271112807349,0.006605488189126812,0.449,Not significant
2,4847,0900700010534,26.480086114101184,-0.06545114727068693,-0.07413479335663739,0.004852207277867217,0.35,Not significant
2,4848,0900700015272,16.731401254855093,-0.0762759362045951,-0.07242607080645785,0.005524366356382866,0.441,Not significant
2,4849,0900700013647,9.823986901350798,-0.0839458223005453,-0.07626576145508145,0.006402192058724044,0.303,Not significant
2,4850,0900700012653,7.295010213014297,-0.0867539589123317,-0.08382605317181963,0.007272241972650972,0.08,Not significant
2,4851,0900700012668,11.271676300578035,-0.08233833037576242,-0.08379287195650338,0.0068993651742885334,0.074,Not significant
2,4852,0900700012901,11.21544079290558,-0.08240077341397062,-0.07631790617209977,0.0062886544939158625,0.308,Not significant
2,4853,0900700014999,40.51296997959778,-0.04986925000236212,-0.07848447244751722,0.003913961777788738,0.168,Not significant
2,4854,0900700015003,9.881965413121055,-0.08388144385753718,-0.07051849946276754,0.0059151935536039014,0.62,Not significant
2,4855,0900700013064,12.452483942849652,-0.08102717982738739,-0.08344875668544734,0.006761617414323636,0.073,Not significant
2,4856,0900700013079,18.543242842308263,-0.07426409532051359,-0.0841037424199031,0.006245888343883605,0.081,Not significant
2,4857,0900700012723,10.14760147601476,-0.08358648568055482,-0.08514952304702586,0.0071173493888763,0.073,Not significant
2,4858,0900700012564,13.970588235294116,-0.07934150029392853,-0.07443766159140931,0.005905995749034154,0.361,Not significant
2,4859,0900700012615,10.273081924577372,-0.08344715413064488,-0.08315264914169807,0.006938851929298714,0.082,Not significant
2,4860,0900700012969,8.89967637540453,-0.08497216241690145,-0.08618598067660643,0.007323409148112531,0.049,Low-Low
2,4861,0900700013721,13.409540558364476,-0.07996447895949313,-0.0800253312073038,0.006399183913552914,0.12,Not significant
2,4862,0900700011034,14.620773682607371,-0.07861954442637481,-0.07687606403305484,0.00604396113157159,0.238,Not significant
